date,RV
2012-01-12,0.428740718515171
2012-01-13,0.6624058874906127
2012-01-16,0.3174732857084593
2012-01-17,0.4672180328201493
2012-01-18,0.5333988355509123
2012-01-19,0.3214239085665875
2012-01-20,0.37098991813991794
2012-01-23,0.30463992246385785
2012-01-24,0.36956869825619004
2012-01-25,0.8831817592003188
2012-01-26,0.3552519206801037
2012-01-27,0.4910256908591671
2012-01-30,0.5113551545674389
2012-01-31,0.47252781332171456
2012-02-01,0.5064483703763114
2012-02-02,0.4906074602585138
2012-02-03,0.568478424974164
2012-02-06,0.361960005840492
2012-02-07,1.0823145188955288
2012-02-08,0.2970794826411306
2012-02-09,0.42635205202272497
2012-02-10,0.44546934766430596
2012-02-13,0.32322165873738534
2012-02-14,0.5467930254113594
2012-02-15,0.5892862555836287
2012-02-16,0.7159008184392955
2012-02-17,0.29859758718572443
2012-02-20,0.26945300382802684
2012-02-21,0.7457283315249625
2012-02-22,0.4864694908277084
2012-02-23,0.4279741698234818
2012-02-24,0.3720495993417212
2012-02-27,0.44240306625968107
2012-02-28,0.3616033687993576
2012-02-29,0.6622362370247811
2012-03-01,0.4020792365061774
2012-03-02,0.30477751049479856
2012-03-05,0.3784839711423998
2012-03-06,0.5293393127719739
2012-03-07,0.5895528675564051
2012-03-08,0.5049339686824325
2012-03-09,0.42427153639964177
2012-03-12,0.3222565301234174
2012-03-13,0.4367394439434026
2012-03-14,0.4283388822934784
2012-03-15,0.49193597374318926
2012-03-16,0.4192013082684044
2012-03-19,0.28326687308553594
2012-03-20,0.425878502945548
2012-03-21,0.41346556077423957
2012-03-22,0.691472277971767
2012-03-23,0.42552850735987097
2012-03-26,0.4063688739621158
2012-03-27,0.32772688579715004
2012-03-28,0.40647262072792545
2012-03-29,0.47134721144500047
2012-03-30,0.38982636164856477
2012-04-02,0.3667291356892136
2012-04-03,0.5675330274145601
2012-04-04,0.4650037339710994
2012-04-05,0.34088351324482086
2012-04-06,0.25479387037860113
2012-04-10,0.4422307192030296
2012-04-11,0.3475804562997978
2012-04-12,0.6151005349062847
2012-04-13,0.3667815959070441
2012-04-16,0.39672182721267735
2012-04-17,0.28176928542420177
2012-04-18,0.2627412221160555
2012-04-19,0.33530845328406605
2012-04-20,0.22328359859204794
2012-04-23,0.279963349269085
2012-04-24,0.4047515231740423
2012-04-25,0.2824736455533946
2012-04-26,0.22062523670417153
2012-04-27,0.24720737820952068
2012-04-30,0.1494485372321257
2012-05-01,0.6374594200682085
2012-05-02,0.20253198663752336
2012-05-03,0.22474843804873432
2012-05-04,0.2544500835385566
2012-05-07,0.3074051469616078
2012-05-08,0.34367094005869
2012-05-09,0.4386912444105245
2012-05-10,0.5210830780192903
2012-05-11,0.3855331965743457
2012-05-14,0.3269290443057812
2012-05-15,0.43774798329227665
2012-05-16,0.49905716629383307
2012-05-17,0.5776770978305401
2012-05-18,0.7160889780199811
2012-05-21,0.49295208299634147
2012-05-22,0.5061352054860526
2012-05-23,0.7139404316426372
2012-05-24,0.7929089856361153
2012-05-25,0.4458694939557074
2012-05-28,0.3214559782107741
2012-05-29,0.5371679723733701
2012-05-30,0.6218457250911542
2012-05-31,0.702550159299716
2012-06-01,1.0183894386468937
2012-06-05,0.7655109413943809
2012-06-06,0.7759175467745331
2012-06-07,1.2880988566439204
2012-06-08,0.5886388547506449
2012-06-11,0.5058008738212938
2012-06-12,0.625099285629612
2012-06-13,0.4572620036096291
2012-06-14,0.42989444514056846
2012-06-15,0.3669226558870621
2012-06-18,0.5652103588436994
2012-06-19,0.3229660377721822
2012-06-20,0.5768581486878762
2012-06-21,0.5013025055052281
2012-06-22,0.35040465116223213
2012-06-25,0.28977966948169975
2012-06-26,0.4265432742819519
2012-06-27,0.2368932204578297
2012-06-28,0.39213004714925276
2012-06-29,0.7947904619806039
2012-07-02,0.32983944406404253
2012-07-03,0.25265358788354364
2012-07-04,0.17319879629940146
2012-07-05,0.45524359187789315
2012-07-06,0.3389086002634921
2012-07-09,0.3100756566802098
2012-07-10,0.3172749795483722
2012-07-11,0.34369562075330856
2012-07-12,0.48990711213567073
2012-07-13,0.36060809298205926
2012-07-16,0.22437940321756505
2012-07-17,0.3019972432501009
2012-07-18,0.2696860053720752
2012-07-19,0.2484579838023509
2012-07-20,0.23127496244578086
2012-07-23,0.32400746400926306
2012-07-24,0.4412092513580566
2012-07-25,0.44194102210791897
2012-07-26,0.44788376530138385
2012-07-27,0.4493356357350466
2012-07-30,0.22313581313990838
2012-07-31,0.27525302957933556
2012-08-01,0.5656949623785156
2012-08-02,0.8152401267704515
2012-08-03,0.2682480786882411
2012-08-06,0.18717639690821553
2012-08-07,0.17823306112410178
2012-08-08,0.16501865206404528
2012-08-09,0.23265381259148113
2012-08-10,0.21866152121897012
2012-08-13,0.1553503335527827
2012-08-14,0.16244481608980557
2012-08-15,0.13042066301515157
2012-08-16,0.1392404965002866
2012-08-17,0.22197546659973505
2012-08-20,0.1482056099453289
2012-08-21,0.19119640017913325
2012-08-22,0.4423023023338286
2012-08-23,0.3291032267971536
2012-08-24,0.2858905074084007
2012-08-27,0.29008922746422433
2012-08-28,0.15932238969050666
2012-08-29,0.16110040068319162
2012-08-30,0.19163276433682175
2012-08-31,0.4564861105197878
2012-09-03,0.26459096666361964
2012-09-04,0.28936497957235335
2012-09-05,0.2913304701547851
2012-09-06,0.3179330117884302
2012-09-07,0.23147443790419753
2012-09-10,0.16821672497929857
2012-09-11,0.22576242036307304
2012-09-12,0.30906389277493973
2012-09-13,0.4912014089669573
2012-09-14,0.37719762949850966
2012-09-17,0.3058530164314058
2012-09-18,0.3030508197486753
2012-09-19,0.29558712583964847
2012-09-20,0.4132243900708152
2012-09-21,0.3500690670501485
2012-09-24,0.2377605858740719
2012-09-25,0.22369705410594357
2012-09-26,0.32518963829095526
2012-09-27,0.2589128606528129
2012-09-28,0.30350403527307235
2012-10-01,0.29259783223444324
2012-10-02,0.411659881612761
2012-10-03,0.2648127151992182
2012-10-04,0.38015008087276814
2012-10-05,0.24999305248153572
2012-10-08,0.22849991571418543
2012-10-09,0.32482673283012375
2012-10-10,0.26669912483636593
2012-10-11,0.3058467378613704
2012-10-12,0.31343426416108766
2012-10-15,0.228703994323561
2012-10-16,0.17298591267300287
2012-10-17,0.22329596704734467
2012-10-18,0.22642483594901736
2012-10-19,0.17458424839730993
2012-10-22,0.18298892302336722
2012-10-23,0.18925258408984916
2012-10-24,0.29527837171518106
2012-10-25,0.2283030165933473
2012-10-26,0.2543269515728972
2012-10-29,0.14141215038133817
2012-10-30,0.11577021087265786
2012-10-31,0.16034030945079195
2012-11-01,0.14491581649749533
2012-11-02,0.207294008085088
2012-11-05,0.11276627162087442
2012-11-06,0.33495279104796094
2012-11-07,0.2609617862927823
2012-11-08,0.32998119423116046
2012-11-09,0.2318504742426299
2012-11-12,0.1240819463736266
2012-11-13,0.17550167492835378
2012-11-14,0.18016885928907145
2012-11-15,0.24686731902706502
2012-11-16,0.2536868942389312
2012-11-19,0.1500654590079505
2012-11-20,0.2723974269368455
2012-11-21,0.14718914926832763
2012-11-22,0.10695846113035098
2012-11-23,0.12121317786080486
2012-11-26,0.10860357432895658
2012-11-27,0.17311469644759145
2012-11-28,0.17291407143493218
2012-11-29,0.1532179033550232
2012-11-30,0.18289114350094635
2012-12-03,0.14972229301173906
2012-12-04,0.18234484192144643
2012-12-05,0.1148984557840882
2012-12-06,0.20691657891295545
2012-12-07,0.09451122608076742
2012-12-10,0.06777213358593243
2012-12-11,0.07443774813855723
2012-12-12,0.12832330151709548
2012-12-13,0.09629865619081766
2012-12-14,0.1384263133930396
2012-12-17,0.12208074819703198
2012-12-18,0.10860408289363989
2012-12-19,0.12874552517308577
2012-12-20,0.12250630764567887
2012-12-21,0.1883312956372288
2012-12-24,0.09301003669708893
2012-12-25,0.03215309228305026
2012-12-26,0.13268752896934516
2012-12-27,0.17505202233039632
2012-12-28,0.12947640517348907
2012-12-31,0.23228850773290388
2013-01-01,0.0
2013-01-02,0.30045043212727574
2013-01-03,0.18022780386178408
2013-01-04,0.23935774958659095
2013-01-07,0.16470694452228554
2013-01-08,0.17907432450062855
2013-01-09,0.18194957241919857
2013-01-10,0.20066003918348507
2013-01-11,0.14334144599735163
2013-01-14,0.1584184402431344
2013-01-15,0.18245276840947425
2013-01-16,0.1623644820692693
2013-01-17,0.2252922171746336
2013-01-18,0.17480376134771192
2013-01-21,0.07851210845030505
2013-01-22,0.20222689505851382
2013-01-23,0.1512377317612854
2013-01-24,0.21057716229875853
2013-01-25,0.17443440015129624
2013-01-28,0.14894563098195626
2013-01-29,0.18348030248685598
2013-01-30,0.16974846777194416
2013-01-31,0.20423278777698714
2013-02-01,0.3964413019368611
2013-02-04,0.17156671514337307
2013-02-05,0.2910074304812684
2013-02-06,0.25130146634192546
2013-02-07,0.20555824214439583
2013-02-08,0.21200230711507617
2013-02-11,0.1578117366031257
2013-02-12,0.24327053172705143
2013-02-13,0.23807825990214704
2013-02-14,0.15676756297773078
2013-02-15,0.20669323900455358
2013-02-18,0.13728259607510768
2013-02-19,0.17529511873086234
2013-02-20,0.25142142192253447
2013-02-21,0.28084986264958917
2013-02-22,0.3935734753993665
2013-02-25,0.4091083740743934
2013-02-26,0.3339903352246251
2013-02-28,0.3151739857149539
2013-03-01,0.2163127219210984
2013-03-04,0.2145745355039874
2013-03-05,0.24575281432912874
2013-03-06,0.1610350677259027
2013-03-07,0.1954516901821607
2013-03-08,0.3216908991852606
2013-03-11,0.13806976446539973
2013-03-12,0.21929983898607341
2013-03-13,0.2026503012127065
2013-03-14,0.5656385985619883
2013-03-15,0.16474312672095132
2013-03-18,0.25158129304656707
2013-03-19,0.17569556880727108
2013-03-20,0.18078723732226912
2013-03-21,0.17561045978862688
2013-03-22,0.08355989204073887
2013-03-25,0.14632758532068083
2013-03-26,0.11008659284753058
2013-03-27,0.11932447623717606
2013-03-28,0.13552451485236028
2013-03-29,0.06320845789565806
2013-04-01,0.1329937966769958
2013-04-02,0.17433215749732786
2013-04-03,0.12684351114806916
2013-04-04,0.3169927762668112
2013-04-05,0.2741180886693243
2013-04-08,0.20454611108452422
2013-04-09,0.23246799938833412
2013-04-10,0.18791561348922042
2013-04-11,0.26137200742813904
2013-04-12,0.23813378518816247
2013-04-15,0.6335429635549568
2013-04-16,0.4220353644957137
2013-04-17,0.3870261432567612
2013-04-18,0.3517009352936085
2013-04-19,0.2775259661887942
2013-04-22,0.2798487230544363
2013-04-23,0.36003220837931976
2013-04-24,0.28239027378700304
2013-04-25,0.18248705795201167
2013-04-26,0.1936000196227588
2013-04-29,0.14886867356542155
2013-04-30,0.23786436825190088
2013-05-01,0.30042739423835924
2013-05-02,0.24477802556169959
2013-05-03,0.2651920770097471
2013-05-06,0.1591606466311374
2013-05-07,0.44868812505224953
2013-05-08,0.23644076456052834
2013-05-09,1.2060996863094962
2013-05-10,0.5300041565752752
2013-05-13,0.42559294518693097
2013-05-14,0.4913209495890608
2013-05-15,0.4653481862992584
2013-05-16,0.6411249165135421
2013-05-17,0.4693009438780617
2013-05-20,0.35429148960636453
2013-05-21,0.5048249637371667
2013-05-22,0.9473001859495404
2013-05-23,0.9087646230420705
2013-05-24,0.6506605358648672
2013-05-27,0.25777148596335747
2013-05-28,0.45508269716540206
2013-05-29,0.752476684599854
2013-05-30,0.8528570433049735
2013-05-31,0.716553954633654
2013-06-03,0.8608564786160591
2013-06-04,0.5398315739850139
2013-06-05,0.7159549552886054
2013-06-06,1.3723743943327875
2013-06-07,2.0082405328638977
2013-06-10,0.6466878074372244
2013-06-11,1.0650180968009026
2013-06-12,1.120893735143311
2013-06-13,1.6126764764630435
2013-06-14,0.7780540106963392
2013-06-17,0.5687612251501344
2013-06-18,0.5627388341910515
2013-06-19,2.0131508298409626
2013-06-20,1.416506097671105
2013-06-21,0.8839570464314389
2013-06-24,1.2462137658334749
2013-06-25,0.8799969216048885
2013-06-26,0.8620354269497463
2013-06-27,0.5696548180569017
2013-06-28,0.8937520469740442
2013-07-01,0.664149249121795
2013-07-02,0.6725705544501087
2013-07-03,0.7474184901399833
2013-07-04,0.700501465262048
2013-07-05,0.758898187566765
2013-07-08,0.30112147641627296
2013-07-09,0.7238419770867198
2013-07-10,1.570596220571106
2013-07-11,1.5752474571535138
2013-07-12,1.0524248213967102
2013-07-15,0.8359070928362807
2013-07-16,1.0176208137128133
2013-07-17,0.9542265492896139
2013-07-18,0.47389784452684625
2013-07-19,0.6009591435473401
2013-07-22,0.4797806289938597
2013-07-23,0.35958686663884276
2013-07-24,1.122108394349469
2013-07-25,0.5552077623543517
2013-07-26,0.3281897153198846
2013-07-29,0.33036842174071945
2013-07-30,0.7656245069316959
2013-07-31,0.706173623787133
2013-08-01,1.0968689395143454
2013-08-02,0.8572384609736998
2013-08-05,0.49725600225385114
2013-08-06,0.7172278675229175
2013-08-07,0.429748852787209
2013-08-08,0.729476318787788
2013-08-09,0.4352722315835287
2013-08-12,0.4243676404962972
2013-08-13,0.5288761809761339
2013-08-14,0.2817074342515861
2013-08-15,0.744213736476503
2013-08-16,0.5404363656902956
2013-08-19,0.40967146967913237
2013-08-20,0.5672207901963763
2013-08-21,0.8840536896295886
2013-08-22,0.777383984939948
2013-08-23,0.5301329541206612
2013-08-26,0.38681847174218276
2013-08-27,0.451094748675886
2013-08-28,0.6100067673602643
2013-08-29,0.38508310040425264
2013-08-30,0.3471833829198287
2013-09-02,0.30818167969387505
2013-09-03,0.7500397704073768
2013-09-04,0.4684228400647383
2013-09-05,0.3398627475114972
2013-09-06,0.6453737743907954
2013-09-09,0.2597584700850253
2013-09-10,0.2352717355302429
2013-09-11,0.37290620695018356
2013-09-12,0.5627646713808486
2013-09-13,0.2055245758224281
2013-09-16,0.45707417885121293
2013-09-17,0.24369381600936757
2013-09-18,1.0760753972492185
2013-09-19,0.36091512080190286
2013-09-20,0.40582179916308064
2013-09-23,0.3473906909348266
2013-09-24,0.24995936883744205
2013-09-25,0.25063312970000795
2013-09-26,0.24023357075248564
2013-09-27,0.23854267851237052
2013-09-30,0.38877830305502986
2013-10-01,0.5483600474609388
2013-10-02,0.3389234855154964
2013-10-03,0.3065494922493093
2013-10-04,0.23503789392593932
2013-10-07,0.18711643936837885
2013-10-08,0.258136436317434
2013-10-09,0.25905934353537996
2013-10-10,0.3426077691343749
2013-10-11,0.229115173125676
2013-10-14,0.19967495416926373
2013-10-15,0.27909828245790225
2013-10-16,0.2767912758427325
2013-10-17,0.28143689144589307
2013-10-18,0.22372311910771603
2013-10-21,0.1654831600164292
2013-10-22,0.4053028295790443
2013-10-23,0.6715833793980844
2013-10-24,0.4135015372073696
2013-10-25,0.2461408290098636
2013-10-28,0.1981001215423799
2013-10-29,0.4427448961501499
2013-10-30,0.3236328665469394
2013-10-31,0.34497184723532126
2013-11-01,0.28704657544590323
2013-11-04,0.25066218293027787
2013-11-05,0.29927520188935913
2013-11-06,0.21179405167692741
2013-11-07,0.5670767042149373
2013-11-08,0.7369872565872696
2013-11-11,0.14586459093786533
2013-11-12,0.2901557585886644
2013-11-13,0.275832344183243
2013-11-14,0.3682174955131245
2013-11-15,0.22005760324810525
2013-11-18,0.2189473180545461
2013-11-19,0.29687187300086554
2013-11-20,0.45613543943906587
2013-11-21,0.5519222272190223
2013-11-22,0.3261316120298958
2013-11-25,0.3100721837298889
2013-11-26,0.3611422015973226
2013-11-27,0.3606513803059787
2013-11-28,0.39915496994061045
2013-11-29,0.43472164627004867
2013-12-02,0.39046440887798667
2013-12-03,0.47426663815662634
2013-12-04,0.8114034661754016
2013-12-05,0.5044773682898243
2013-12-06,0.9729934199847884
2013-12-09,0.309300553288882
2013-12-10,0.34413217466856394
2013-12-11,0.27968144629835906
2013-12-12,1.3714850271038728
2013-12-13,0.3009272289535331
2013-12-16,0.24158062331870056
2013-12-17,0.2781027983868566
2013-12-18,1.5713812777986003
2013-12-19,0.39243685470642264
2013-12-20,0.30356020175835013
2013-12-23,0.23298277374624374
2013-12-24,0.16223477610093812
2013-12-25,0.0867208084201569
2013-12-26,0.13793230612626659
2013-12-27,0.2106755520639306
2013-12-30,0.24108582851777216
2013-12-31,0.29269082215467546
2014-01-01,0.0
2014-01-02,0.35069045151009953
2014-01-03,0.48880508510103793
2014-01-06,0.3808831036546827
2014-01-07,0.35890406324994223
2014-01-08,0.38076618211514324
2014-01-09,0.3754861735358841
2014-01-10,0.6729051094177919
2014-01-13,0.3776006205815553
2014-01-14,0.3137144086904163
2014-01-15,0.32226484012765294
2014-01-16,0.9877289660949853
2014-01-17,0.2547779181064401
2014-01-20,0.23728638267991609
2014-01-21,0.320282592560976
2014-01-22,0.7545399297477245
2014-01-23,0.5825769639599992
2014-01-24,0.696613633099256
2014-01-27,0.5126881575630906
2014-01-28,0.37082309246813405
2014-01-29,0.7134369456857853
2014-01-30,0.4493164227664411
2014-01-31,0.4802575687208857
2014-02-03,0.4360406013006159
2014-02-04,0.9318574120954765
2014-02-05,0.3787857231212002
2014-02-06,0.4239862522836433
2014-02-07,0.6280740755735492
2014-02-10,0.20344360740675083
2014-02-11,0.4047654678545312
2014-02-12,0.33422692356988126
2014-02-13,0.7049867585428671
2014-02-14,0.3162052927108187
2014-02-17,0.1712374114577714
2014-02-18,0.3141553443209336
2014-02-19,0.27188545928632507
2014-02-20,0.5935361531854625
2014-02-21,0.23464508911292403
2014-02-24,0.2875334358737561
2014-02-25,0.21445962327114257
2014-02-26,0.3322164454801927
2014-02-27,0.41099984330726597
2014-02-28,0.32920778881945756
2014-03-03,0.23940085455391497
2014-03-04,0.34261765661419535
2014-03-05,0.428291929627298
2014-03-06,0.4072439321345434
2014-03-07,0.2975330427961574
2014-03-10,0.2253030147704647
2014-03-11,0.29181801596756657
2014-03-12,0.2971272582819205
2014-03-13,0.6177447787439302
2014-03-14,0.32671526678820595
2014-03-17,0.24651970088464942
2014-03-18,0.24277111064096094
2014-03-19,0.4177939004708882
2014-03-20,0.22626495094056476
2014-03-21,0.19730249419999335
2014-03-24,0.2945106951272181
2014-03-25,0.2086926997817747
2014-03-26,0.22556138663287464
2014-03-27,0.17852185015027622
2014-03-28,0.20885409470591126
2014-03-31,0.28648271791329405
2014-04-01,0.2247616571613556
2014-04-02,0.18256074341123066
2014-04-03,0.19084074630457623
2014-04-04,0.16003480893332356
2014-04-07,0.0844004720271811
2014-04-08,0.16721592014556222
2014-04-09,0.26904683843907873
2014-04-10,0.5447730324244283
2014-04-11,0.2270393498615451
2014-04-14,0.18041929939089033
2014-04-15,0.21803536850874564
2014-04-16,0.2688772571015797
2014-04-17,0.1980200415230075
2014-04-18,0.04941141232314901
2014-04-21,0.07898055918850982
2014-04-22,0.14337890657622832
2014-04-23,0.44320709679295833
2014-04-24,0.14737900624814868
2014-04-25,0.10080353487312477
2014-04-28,0.13960392947985967
2014-04-29,0.1237407628424631
2014-04-30,0.25737323570555654
2014-05-01,0.1401430454324644
2014-05-02,0.4423800051176071
2014-05-05,0.13324285599065513
2014-05-06,0.408848448020162
2014-05-07,0.1353043782220829
2014-05-08,0.286083754780781
2014-05-09,0.12539523140659428
2014-05-12,0.10694564174933675
2014-05-13,0.1343943849614554
2014-05-14,0.12100953889806117
2014-05-15,0.19853742904175498
2014-05-16,0.09177683079567014
2014-05-19,0.09361700605844289
2014-05-20,0.19274979311939053
2014-05-21,0.17982796751980534
2014-05-22,0.24838217614609456
2014-05-23,0.12409844156763433
2014-05-26,0.04709964157717817
2014-05-27,0.15040946270798125
2014-05-28,0.15758261455365746
2014-05-29,0.22583450042383071
2014-05-30,0.13027300286919274
2014-06-02,0.20552466929579866
2014-06-03,0.18162991476348195
2014-06-04,0.19906419801253045
2014-06-05,0.1775253634348909
2014-06-06,0.18162140908189528
2014-06-09,0.07578080956026584
2014-06-10,0.1109172798573541
2014-06-11,0.09107620176229779
2014-06-12,0.19280373255642372
2014-06-13,0.10729645595404348
2014-06-16,0.11943626801871825
2014-06-17,0.13207620664148223
2014-06-18,0.1787796914002519
2014-06-19,0.12385209913275427
2014-06-20,0.07634204586154957
2014-06-23,0.16450612715968213
2014-06-24,0.12582654279897904
2014-06-25,0.11561270983473243
2014-06-26,0.08677830239148814
2014-06-27,0.08826935578848519
2014-06-30,0.14360887109609938
2014-07-01,0.29587274265004215
2014-07-02,0.16152381343184347
2014-07-03,0.6009659573760955
2014-07-04,0.05512134923410898
2014-07-07,0.07086660525412905
2014-07-08,0.10413444715887839
2014-07-09,0.1394281127064989
2014-07-10,0.18583809707137036
2014-07-11,0.10370604179854806
2014-07-14,0.07552706193253671
2014-07-15,0.22064582134832722
2014-07-16,0.09580941594175575
2014-07-17,0.15239409337244894
2014-07-18,0.1576015832651507
2014-07-21,0.06606615235232281
2014-07-22,0.17012248218103335
2014-07-23,0.247842273829421
2014-07-24,0.22856423377888832
2014-07-25,0.08351727311996002
2014-07-28,0.06751964462311608
2014-07-29,0.07544457569159943
2014-07-30,0.2528739852904508
2014-07-31,0.12158189112486467
2014-08-01,0.21827510403344702
2014-08-04,0.046363058505536334
2014-08-05,0.10420159986921572
2014-08-06,0.15444003630062408
2014-08-07,0.35895455675953036
2014-08-08,0.14074149149445123
2014-08-11,0.055627775905788726
2014-08-12,0.08848270936271478
2014-08-13,0.18229121651147412
2014-08-14,0.08835751498390162
2014-08-15,0.07249074163342639
2014-08-18,0.06035031160251761
2014-08-19,0.09283755146619677
2014-08-20,0.2265012685831437
2014-08-21,0.1977593565071829
2014-08-22,0.13574294953519656
2014-08-25,0.10048996482682529
2014-08-26,0.1052875338603233
2014-08-27,0.08963859157111606
2014-08-28,0.1986676263576114
2014-08-29,0.09685044894716503
2014-09-01,0.05754496083934594
2014-09-02,0.17667315315439383
2014-09-03,0.193479191690695
2014-09-04,0.19170860550521582
2014-09-05,0.21322118659605627
2014-09-08,0.1347605648189749
2014-09-09,0.30911884958870234
2014-09-10,0.28976282248669283
2014-09-11,0.7992051600383695
2014-09-12,0.2447900512569695
2014-09-15,0.20485531595631506
2014-09-16,0.3913232362102672
2014-09-17,0.7497799467005232
2014-09-18,0.3324198741784841
2014-09-19,0.35323232215370504
2014-09-22,0.31808014847680677
2014-09-23,0.4303049964892764
2014-09-24,0.34807886531805093
2014-09-25,0.46262200237485457
2014-09-26,0.3948345590086932
2014-09-29,0.45435896351798205
2014-09-30,0.4337605735572037
2014-10-01,0.7412799602238099
2014-10-02,0.7394429681497813
2014-10-03,0.535761357602339
2014-10-06,0.3862378144191243
2014-10-07,0.4678394199370901
2014-10-08,0.9834796206678678
2014-10-09,0.6716734635091143
2014-10-10,0.5578634388424315
2014-10-13,0.5933031520972634
2014-10-14,0.48052454000401007
2014-10-15,1.3013062776566984
2014-10-16,1.0833952428270308
2014-10-17,0.6324912491352076
2014-10-20,0.3415637921586413
2014-10-21,0.4675758666628756
2014-10-22,0.37465814046119017
2014-10-23,0.3659489365451604
2014-10-24,0.34296373133902724
2014-10-27,0.19200471066360034
2014-10-28,0.36302105812658825
2014-10-29,0.6528962801321856
2014-10-30,0.3529772998438316
2014-10-31,0.5745016735854718
2014-11-03,0.461848529278724
2014-11-04,0.7529255169017162
2014-11-05,0.5812939000767019
2014-11-06,0.6741818728276319
2014-11-07,0.751302864131008
2014-11-10,0.2919624342927583
2014-11-11,0.47948612167685756
2014-11-12,0.34389928378408097
2014-11-13,0.5544978301291091
2014-11-14,0.6332743949004151
2014-11-17,0.3767343737341306
2014-11-18,0.3327073556456462
2014-11-19,0.5240271789229931
2014-11-20,0.5591506405649613
2014-11-21,0.980155162216879
2014-11-24,0.26972498459965155
2014-11-25,0.5155354691749204
2014-11-26,0.5693480718154474
2014-11-27,0.42297944710396984
2014-11-28,0.47694307319435975
2014-12-01,0.9438202272725649
2014-12-02,0.6374378877986802
2014-12-03,0.7592388725899106
2014-12-04,0.6023387304014323
2014-12-05,0.5747346157048404
2014-12-08,0.4192184174486488
2014-12-09,0.675265879579936
2014-12-10,0.5843877912628931
2014-12-11,1.1664961470962212
2014-12-12,0.4953539753585765
2014-12-15,0.5305389583449264
2014-12-16,0.4632925872504235
2014-12-17,1.3900477232368482
2014-12-18,0.6812031641852899
2014-12-19,0.38018973019821045
2014-12-22,0.2508207665638534
2014-12-23,0.27044960742815016
2014-12-24,0.1705603628085552
2014-12-26,0.09813803231351105
2014-12-29,0.17828199050498705
2014-12-30,0.26372689697273294
2014-12-31,0.3603901797673673
2015-01-02,0.371233552986826
2015-01-05,0.7295468510966298
2015-01-06,0.6401015326348032
2015-01-07,0.49928546718367645
2015-01-08,0.4273661245024948
2015-01-09,0.5116192259050097
2015-01-12,0.43071178823915013
2015-01-13,0.5081953771729094
2015-01-14,1.0368968357160206
2015-01-15,1.8635394046594833
2015-01-16,0.5591287263136343
2015-01-19,0.39274178210325134
2015-01-20,0.4728214559052868
2015-01-21,1.027641732834057
2015-01-22,0.9317184050411637
2015-01-23,1.2361698751288257
2015-01-26,0.7607489481674119
2015-01-27,0.5100198898591168
2015-01-28,1.736601433196983
2015-01-29,1.012087232835632
2015-01-30,0.9991772896912494
2015-02-02,0.7255041827524509
2015-02-03,2.9258871370376363
2015-02-04,2.0388736256551403
2015-02-05,0.7747351914535066
2015-02-06,1.9559695622491713
2015-02-09,0.3653957523178272
2015-02-10,0.6589981555493579
2015-02-11,0.5145165796161849
2015-02-12,1.6475538412599495
2015-02-13,0.6518920852106221
2015-02-16,0.2654666363024247
2015-02-17,0.41214282760010473
2015-02-18,0.5483347149697114
2015-02-19,0.5642391039212993
2015-02-20,0.3035689954914837
2015-02-23,0.33359420314439453
2015-02-24,0.4351195111997871
2015-02-25,0.46549115561310006
2015-02-26,0.5008034658055703
2015-02-27,0.34182685488630077
2015-03-02,0.3896741761498595
2015-03-03,0.5461212310136607
2015-03-04,0.35074312180650463
2015-03-05,0.30195842443152576
2015-03-06,1.105109628045983
2015-03-09,0.28173315405362254
2015-03-10,0.8200648289027205
2015-03-11,0.821996746732894
2015-03-12,1.2130717392681865
2015-03-13,0.6075829084156013
2015-03-16,0.4523509557859461
2015-03-17,0.4204674853533933
2015-03-18,1.8588380300813965
2015-03-19,1.0322213978074792
2015-03-20,0.6060658702094471
2015-03-23,0.8812372467907146
2015-03-24,1.0532537566222775
2015-03-25,0.49018709334816385
2015-03-26,0.5919466370066288
2015-03-27,0.5855120827980772
2015-03-30,0.5525291284613797
2015-03-31,0.513497261451328
2015-04-01,0.7682755550789732
2015-04-02,0.7243662360259969
2015-04-03,1.338229823301224
2015-04-06,0.44373379486621156
2015-04-07,1.3377556202129908
2015-04-08,0.6323060802326786
2015-04-09,0.46127717048512046
2015-04-10,0.5712373890452931
2015-04-13,0.7187151464528324
2015-04-14,0.8276372489370948
2015-04-15,1.1215302020675724
2015-04-16,1.398060693324082
2015-04-17,0.5201270902909242
2015-04-20,0.7596651724987569
2015-04-21,0.6000516572381309
2015-04-22,0.6652762719900877
2015-04-23,0.5899991082465355
2015-04-24,0.5302937276311416
2015-04-27,0.4313576219435915
2015-04-28,0.44379597600985227
2015-04-29,0.8520076307743262
2015-04-30,0.8960052300072093
2015-05-01,0.6453255175145882
2015-05-04,0.3726351614641716
2015-05-05,0.8819862811283424
2015-05-06,0.5155931464702319
2015-05-07,0.6277754134793301
2015-05-08,1.105185683797439
2015-05-11,0.4907085381810459
2015-05-12,0.5004274338425925
2015-05-13,0.8000711176315711
2015-05-14,0.8457401968712137
2015-05-15,0.5891569959389685
2015-05-18,0.5502605974589181
2015-05-19,0.6011157549114724
2015-05-20,0.7001668885106096
2015-05-21,0.3779016675777219
2015-05-22,0.6446813848179245
2015-05-25,0.19343209900818686
2015-05-26,0.582673833403195
2015-05-27,0.49430450010395677
2015-05-28,1.114052310837787
2015-05-29,0.4097733023399811
2015-06-01,0.5511951137622201
2015-06-02,0.829122147435827
2015-06-03,0.7650991312990224
2015-06-04,0.9149641490574923
2015-06-05,1.3425390020071448
2015-06-08,0.61456650802404
2015-06-09,0.5909044696049437
2015-06-10,1.272290563464861
2015-06-11,1.4168747531934007
2015-06-12,0.4700623400641964
2015-06-15,0.3820056228183872
2015-06-16,0.3811146332897174
2015-06-17,0.6731221023493648
2015-06-18,0.6443588189060988
2015-06-19,0.3237630070391099
2015-06-22,0.3449221347155445
2015-06-23,0.47780016651285395
2015-06-24,0.46077857171554265
2015-06-25,0.31816436211720306
2015-06-26,0.3791440375500509
2015-06-29,1.3488954058726788
2015-06-30,0.6373657815247585
2015-07-01,0.4160658434183289
2015-07-02,0.909072074774874
2015-07-03,0.5663421690193317
2015-07-06,0.6936850269704922
2015-07-07,0.7965105333725139
2015-07-08,0.9273174689104873
2015-07-09,0.9600650782848187
2015-07-10,0.6452375771487148
2015-07-13,0.6977999184167912
2015-07-14,0.537229329066383
2015-07-15,0.9278074895061925
2015-07-16,0.5584770715160923
2015-07-17,0.27845547489529376
2015-07-20,0.4709931909225496
2015-07-21,0.4981282758471461
2015-07-22,0.664218381627561
2015-07-23,0.534792666187577
2015-07-24,0.8882545343096405
2015-07-27,0.5715112248347416
2015-07-28,0.6152338575115389
2015-07-29,0.6197136942923086
2015-07-30,0.49136160804832657
2015-07-31,1.4252084937172527
2015-08-03,0.32024706113670165
2015-08-04,0.8831182346959592
2015-08-05,0.4433965165285637
2015-08-06,0.36701578820112785
2015-08-07,0.7004964329482843
2015-08-10,0.37345472477385205
2015-08-11,1.2353806820581053
2015-08-12,1.7089853445671395
2015-08-13,0.7015272844007892
2015-08-14,0.5068006472834241
2015-08-17,0.24655068723141718
2015-08-18,0.334642186659367
2015-08-19,0.5701218721638309
2015-08-20,0.5433111056817141
2015-08-21,0.5525453466411955
2015-08-24,2.776479701705431
2015-08-25,2.1787672507236198
2015-08-26,1.3148840808948785
2015-08-27,0.987525792504012
2015-08-28,0.7363396987853431
2015-08-31,0.6445808884576647
2015-09-01,1.0109894690256394
2015-09-02,0.8826611688758443
2015-09-03,0.7205963795860588
2015-09-04,0.8419332859403736
2015-09-07,0.49816443189206455
2015-09-08,0.5232151131552398
2015-09-09,0.5775668652721253
2015-09-10,1.1756392631686874
2015-09-11,0.4386267744688085
2015-09-14,0.5991315759136233
2015-09-15,0.5224952456541141
2015-09-16,0.3826512909919919
2015-09-17,1.3927613125096407
2015-09-18,0.8236814988900423
2015-09-21,0.43161992795457976
2015-09-22,0.43217504618666575
2015-09-23,0.9593080491712763
2015-09-24,0.773986110325557
2015-09-25,0.8732696291789296
2015-09-28,0.5447296586438883
2015-09-29,0.6804717289995005
2015-09-30,0.5060197867518997
2015-10-01,0.5722482542128827
2015-10-02,0.7825093073765556
2015-10-05,0.4008061193170388
2015-10-06,0.6343123439080286
2015-10-07,0.47697042842969506
2015-10-08,0.7770532661682492
2015-10-09,0.5172689037336496
2015-10-12,0.4138281116286137
2015-10-13,0.7576798200247791
2015-10-14,0.8197266001299479
2015-10-15,1.4094196641067454
2015-10-16,0.5392021992134836
2015-10-19,0.436067312715317
2015-10-20,0.35717680266120966
2015-10-21,0.3717288260015995
2015-10-22,0.6918154447523341
2015-10-23,0.8211088209329266
2015-10-26,0.3335466757060454
2015-10-27,0.36712437809610127
2015-10-28,1.4855646603488093
2015-10-29,0.5393802855433516
2015-10-30,0.7208428586869957
2015-11-02,0.2439547221730132
2015-11-03,0.4374758369988525
2015-11-04,0.3388821022232804
2015-11-05,0.2962612801097416
2015-11-06,1.0835363650394094
2015-11-09,0.27467137667687785
2015-11-10,0.24777157188194437
2015-11-11,0.2900333098086307
2015-11-12,1.4691242025444908
2015-11-13,0.2929443134622522
2015-11-16,0.2677242886536819
2015-11-17,0.32645247438625247
2015-11-18,0.33292896273459577
2015-11-19,0.443673396337271
2015-11-20,0.3674746786449529
2015-11-23,0.36018042631353653
2015-11-24,0.31044213809682647
2015-11-25,0.35918708087296247
2015-11-26,0.3559347642692214
2015-11-27,0.25850858163484663
2015-11-30,0.2156326464034027
2015-12-01,0.5407236732254963
2015-12-02,0.37070367956601147
2015-12-03,0.5357848400131451
2015-12-04,0.8862660480987029
2015-12-07,0.34559856702698055
2015-12-08,0.4233869885580678
2015-12-09,0.6128637004306965
2015-12-10,1.4608925237004606
2015-12-11,0.5650456026930311
2015-12-14,0.5727112925060837
2015-12-15,0.6260886305310717
2015-12-16,1.3633221161015352
2015-12-17,0.7778700380296854
2015-12-18,0.5728884580435682
2015-12-21,0.3383422418197523
2015-12-22,0.3089768929540622
2015-12-23,0.20604117802758926
2015-12-24,0.2777168839698109
2015-12-28,0.17484644314116105
2015-12-29,0.15725167802815943
2015-12-30,0.2563837458857435
2015-12-31,0.4637034073218471
2016-01-04,0.6706643686745155
2016-01-05,0.44634731662470184
2016-01-06,0.9481952558927625
2016-01-07,1.4725428876819209
2016-01-08,0.9906533198225764
2016-01-11,1.049403590934573
2016-01-12,0.7323745789147328
2016-01-13,0.6393769521098368
2016-01-14,0.8221453097050946
2016-01-15,0.9836293634469123
2016-01-18,0.6332008988926964
2016-01-19,0.9027216930967253
2016-01-20,1.0557381519374835
2016-01-21,1.0974817448785268
2016-01-22,0.5637394220428363
2016-01-25,0.4430770538747723
2016-01-26,0.512655585518594
2016-01-27,1.4202806821874616
2016-01-28,0.7082880253135829
2016-01-29,0.844780605454117
2016-02-01,0.5058178165562198
2016-02-02,0.5924460924385964
2016-02-03,1.0969162647608173
2016-02-04,0.6347953890570057
2016-02-05,0.7281663172684134
2016-02-08,0.594037715735445
2016-02-09,1.2057371139536985
2016-02-10,1.0148249232461724
2016-02-11,1.468218177623882
2016-02-12,0.8227093967997033
2016-02-15,0.4990820307864548
2016-02-16,0.626197997244458
2016-02-17,0.6381799591916323
2016-02-18,0.7642909687582217
2016-02-19,0.6151295661422139
2016-02-22,0.44776028631524517
2016-02-23,0.5843982217082919
2016-02-24,0.6150863388894308
2016-02-25,0.5789341199476119
2016-02-26,0.6333437153131279
2016-02-29,0.660210734200724
2016-03-01,0.7541596598349943
2016-03-02,1.0875215928327604
2016-03-03,0.46945817941417434
2016-03-04,0.6588150208659557
2016-03-07,0.4849597243845003
2016-03-08,0.4937167770785272
2016-03-09,0.6516077382337131
2016-03-10,1.0028539990384746
2016-03-11,0.5710010372424575
2016-03-14,0.5223946527387594
2016-03-15,0.5557064292910756
2016-03-16,1.7333137644747527
2016-03-17,1.2398263223379502
2016-03-18,0.6526403135289753
2016-03-21,0.4380353515221336
2016-03-22,0.7712887551669387
2016-03-23,0.6404210389757969
2016-03-24,0.44963921534716317
2016-03-25,0.1738124759365897
2016-03-28,0.3170738669913899
2016-03-29,0.7586130253130825
2016-03-30,0.7157898940647777
2016-03-31,0.6865670208121013
2016-04-01,1.0425462011025128
2016-04-04,0.4732094410053882
2016-04-05,0.8242732262663657
2016-04-06,0.5484129752758167
2016-04-07,0.9967602302110592
2016-04-08,0.6347123954733267
2016-04-11,0.538108988081793
2016-04-12,0.7790227554722774
2016-04-13,0.6862222632134859
2016-04-14,0.8189389978554957
2016-04-15,0.5522394779835663
2016-04-18,0.8630928980667903
2016-04-19,0.5640628050440084
2016-04-20,0.4702996891338991
2016-04-21,0.6012354775293024
2016-04-22,0.5315780974601361
2016-04-25,0.3058376096782155
2016-04-26,0.3544483247731245
2016-04-27,1.4337765739070671
2016-04-28,0.5992651138120992
2016-04-29,0.4819334418296291
2016-05-02,0.3169207059887623
2016-05-03,3.127252530678735
2016-05-04,0.6942443202189116
2016-05-05,0.5085268253567424
2016-05-06,0.7184667017102617
2016-05-09,0.4340420035894162
2016-05-10,0.5322796096993648
2016-05-11,0.5345505476601186
2016-05-12,0.5850935935833875
2016-05-13,0.5409706737548723
2016-05-16,0.3603331801763802
2016-05-17,0.7677903903309472
2016-05-18,0.8078422331859404
2016-05-19,0.63463813084011
2016-05-20,0.2526553415101332
2016-05-23,0.31894431634113235
2016-05-24,0.5014003089848926
2016-05-25,0.4058638584914413
2016-05-26,0.44110355774686605
2016-05-27,0.34910287992021244
2016-05-30,0.2656613101568107
2016-05-31,0.5471372663896347
2016-06-01,0.8263154517728168
2016-06-02,0.3707387592650487
2016-06-03,0.9284704929597655
2016-06-06,0.3432444290625104
2016-06-07,0.6979620785153235
2016-06-08,0.2987813604131204
2016-06-09,0.536928117102066
2016-06-10,0.33930640888639607
2016-06-13,0.3280881022094443
2016-06-14,0.46248844192131333
2016-06-15,0.5664458569728177
2016-06-16,0.8209058507851086
2016-06-17,0.43613673121604624
2016-06-20,0.39080485193296166
2016-06-21,0.4219539096482805
2016-06-22,0.39223359769022165
2016-06-23,0.6217444469894257
2016-06-24,8.770961387537863
2016-06-27,0.9926006056759953
2016-06-28,0.641749672605797
2016-06-29,0.558062253714381
2016-06-30,0.9217272309008587
2016-07-01,0.3931532716507689
2016-07-04,0.30801647619174505
2016-07-05,0.6883888989739768
2016-07-06,0.6862675167827801
2016-07-07,1.0328469385037804
2016-07-08,0.47063512695825577
2016-07-11,0.3526611627510427
2016-07-12,0.5569724462327503
2016-07-13,0.48313325972285115
2016-07-14,0.6061156319652222
2016-07-15,0.6655607942831094
2016-07-18,0.33789119313074883
2016-07-19,0.5975803957792781
2016-07-20,0.38988736737119617
2016-07-21,0.45164917965236395
2016-07-22,0.28942926447781003
2016-07-25,0.22942142493533207
2016-07-26,0.5206244496267607
2016-07-27,1.1937620465878247
2016-07-28,0.2518787382316934
2016-07-29,0.5429753085363138
2016-08-01,0.30298338520258766
2016-08-02,0.6903937619251819
2016-08-03,0.3553000948182535
2016-08-04,0.3648551764854569
2016-08-05,0.42189929465741594
2016-08-08,0.24841396978995214
2016-08-09,0.3098685124460642
2016-08-10,0.39990971006528947
2016-08-11,0.3365532809867285
2016-08-12,0.4644275459003041
2016-08-15,0.20013096698330388
2016-08-16,0.5407425930679138
2016-08-17,0.6255840309341312
2016-08-18,0.7565654195738764
2016-08-19,0.3437421961310477
2016-08-22,0.3692675259778238
2016-08-23,0.2912029600833159
2016-08-24,0.26369255199931557
2016-08-25,0.16057070877331875
2016-08-26,0.5584684102394142
2016-08-29,0.2589645908512917
2016-08-30,0.21695903717264417
2016-08-31,0.36818270880053566
2016-09-01,0.4239511896176296
2016-09-02,0.6685885134204759
2016-09-05,0.180301614911168
2016-09-06,0.46066315908633254
2016-09-07,0.2952410070108931
2016-09-08,0.4520936869686705
2016-09-09,0.45450018189551894
2016-09-12,0.5162469212191197
2016-09-13,0.5297030593568
2016-09-14,0.5059650814851665
2016-09-15,0.603386035303695
2016-09-16,0.3417592318918613
2016-09-19,0.24037885995958655
2016-09-20,0.24567285522527266
2016-09-21,0.6463583055630785
2016-09-22,0.36613996614884053
2016-09-23,0.3480624499834838
2016-09-26,0.277593487132318
2016-09-27,0.4106242110173029
2016-09-28,0.28962827145215614
2016-09-29,0.40755621444165385
2016-09-30,0.3358114619034805
2016-10-03,0.2255953929392056
2016-10-04,0.3206926073837319
2016-10-05,0.39719468951479214
2016-10-06,0.38447613061313196
2016-10-07,0.5251727359550983
2016-10-10,0.18878153289396546
2016-10-11,0.36359800363500466
2016-10-12,0.3716225366613462
2016-10-13,0.5464891408615377
2016-10-14,0.4999427164990952
2016-10-17,0.20924981040521742
2016-10-18,0.35665434768676063
2016-10-19,0.34232569192046497
2016-10-20,0.4973040624291519
2016-10-21,0.28480231915364645
2016-10-24,0.2209402506685471
2016-10-25,0.2905417584627091
2016-10-26,1.0793449138804496
2016-10-27,0.40620877940865213
2016-10-28,0.41772489889749737
2016-10-31,0.22120905859447687
2016-11-01,0.3980434497319003
2016-11-02,0.29590098319996394
2016-11-03,0.33642652832350434
2016-11-04,0.28942705472066743
2016-11-07,0.2580302246056013
2016-11-08,0.3255275342421829
2016-11-09,2.4039107375283177
2016-11-10,1.1022020162116388
2016-11-11,0.9290363768457741
2016-11-14,0.6136664619276876
2016-11-15,0.8064442332317423
2016-11-16,0.5740893042011552
2016-11-17,0.5408688667198507
2016-11-18,0.6049229198458831
2016-11-21,0.47362916536225214
2016-11-22,0.36129353843634543
2016-11-23,0.4710151685736654
2016-11-24,0.4379294014300159
2016-11-25,0.493073661941703
2016-11-28,0.34628106560077987
2016-11-29,0.46833291905751945
2016-11-30,0.5114794290641841
2016-12-01,0.41366259230244073
2016-12-02,0.4106215472692101
2016-12-05,0.5981652506240087
2016-12-06,0.3208250154206895
2016-12-07,0.6604906841276159
2016-12-08,0.45191978460103865
2016-12-09,0.33049624121196675
2016-12-12,0.2802431398269008
2016-12-13,0.2663531231115285
2016-12-14,0.6286569825922341
2016-12-15,0.6096836088162044
2016-12-16,0.42650662050490257
2016-12-19,0.3204505420312646
2016-12-20,0.23604746638682073
2016-12-21,0.24043982544727122
2016-12-22,0.30761820048264427
2016-12-23,0.32929231167472667
2016-12-26,0.4503879487755144
2016-12-27,0.13088262027203126
2016-12-28,0.19236367455841938
2016-12-29,0.22883973289442044
2016-12-30,0.328435672879097
2017-01-02,0.5159949352134743
2017-01-03,0.4147200191086053
2017-01-04,0.5344536130113327
2017-01-05,0.6093392736800763
2017-01-06,0.47362282273008827
2017-01-09,0.3443253992757133
2017-01-10,0.4020607367676755
2017-01-11,0.8973198707098595
2017-01-12,0.47473700973443167
2017-01-13,0.5065519554008241
2017-01-16,0.26748494218761115
2017-01-17,0.4943241695854663
2017-01-18,0.3030586193459279
2017-01-19,0.493185810620597
2017-01-20,0.46330885490116935
2017-01-23,0.3826637346849056
2017-01-24,0.31622479618797666
2017-01-25,0.662096146223323
2017-01-26,0.3678163627968467
2017-01-27,0.33756442954752996
2017-01-30,0.2494824895062648
2017-01-31,0.33889595580122006
2017-02-01,0.37038500840129335
2017-02-02,0.4303412276285941
2017-02-03,0.630048130458391
2017-02-06,0.22698094910373617
2017-02-07,0.4161123627951215
2017-02-08,0.24867294697480813
2017-02-09,0.335619149135849
2017-02-10,0.25220507043233176
2017-02-13,0.18334074349921226
2017-02-14,0.4152252802099365
2017-02-15,0.43355679169412803
2017-02-16,0.28412485567124546
2017-02-17,0.2439816661140545
2017-02-20,0.13089954040195603
2017-02-21,0.17432024670256502
2017-02-22,0.36440084812293794
2017-02-23,0.2933979183182696
2017-02-24,0.21985186175008992
2017-02-27,0.264345306358549
2017-02-28,0.2718242600203154
2017-03-01,0.47473078389626855
2017-03-02,0.39063325606475136
2017-03-03,0.3863035807811772
2017-03-06,0.19700055939474098
2017-03-07,0.2869056533059876
2017-03-08,0.2726210973254538
2017-03-09,0.31620328081546273
2017-03-10,0.33966608126064435
2017-03-13,0.19904227380615175
2017-03-14,0.18993503919837335
2017-03-15,0.7827639701753215
2017-03-16,0.420005685201272
2017-03-17,0.19324214997583583
2017-03-20,0.24017174522902213
2017-03-21,0.36043411327063696
2017-03-22,0.29522717288802525
2017-03-23,0.24388661738941997
2017-03-24,0.23932222036789796
2017-03-27,0.21412125859275027
2017-03-28,0.28422159563183974
2017-03-29,0.20633614199100767
2017-03-30,0.22971297772222726
2017-03-31,0.22907813971945531
2017-04-03,0.21271529951468018
2017-04-04,0.29510204285962643
2017-04-05,0.20254728216911283
2017-04-06,0.2127449665733994
2017-04-07,0.33475395781960127
2017-04-10,0.16752397201685132
2017-04-11,0.16963667688576703
2017-04-12,0.31875490280036173
2017-04-13,0.4074517767987464
2017-04-14,0.1157246835873593
2017-04-17,0.11370539028897632
2017-04-18,0.2080132314555759
2017-04-19,0.19553405103211285
2017-04-20,0.18588282870965084
2017-04-21,0.1882875513821156
2017-04-24,0.2062507398986425
2017-04-25,0.1732323787987022
2017-04-26,0.35245537098203333
2017-04-27,0.2268412266507543
2017-04-28,0.2950168330591094
2017-05-01,0.13847397427698202
2017-05-02,0.15537755110479856
2017-05-03,0.23504116572024705
2017-05-04,0.28536305680176083
2017-05-05,0.28943304840801304
2017-05-08,0.2731037940047339
2017-05-09,0.3931494592297346
2017-05-10,0.2226144475244169
2017-05-11,0.2744208751865453
2017-05-12,0.3004585742814614
2017-05-15,0.253049742101877
2017-05-16,0.2318309750586452
2017-05-17,0.3826905678992697
2017-05-18,0.6072580758525533
2017-05-19,0.23782095936602865
2017-05-22,0.2086095680549077
2017-05-23,0.2997274079524241
2017-05-24,0.44465730119287294
2017-05-25,0.245320940082915
2017-05-26,0.2873746277543593
2017-05-29,0.12005142998169127
2017-05-30,0.17598634263510454
2017-05-31,0.22561194250246272
2017-06-01,0.36198479851954407
2017-06-02,0.2579772885629959
2017-06-05,0.17908564415891853
2017-06-06,0.4380578579330457
2017-06-07,0.32122139979321707
2017-06-08,0.2142052197126776
2017-06-09,0.16177224665394732
2017-06-12,0.09968031642681063
2017-06-13,0.12881059426804492
2017-06-14,0.4041324898251028
2017-06-15,0.5199830815729893
2017-06-16,0.16023389170695268
2017-06-19,0.2399939456671385
2017-06-20,0.1650696484991029
2017-06-21,0.15347902688621565
2017-06-22,0.14389518118456623
2017-06-23,0.12001357774205455
2017-06-26,0.17324206409132892
2017-06-27,0.16738797163336677
2017-06-28,0.24708623905824256
2017-06-29,0.24851737439138558
2017-06-30,0.211446676715189
2017-07-03,0.21504079269987633
2017-07-04,0.5850948638780876
2017-07-05,0.1597183114332789
2017-07-06,0.1912826865907638
2017-07-07,0.2617434498753468
2017-07-10,0.0736251145728395
2017-07-11,0.1053570611099587
2017-07-12,0.20634429122347145
2017-07-13,0.16013442470252265
2017-07-14,0.31945437387577075
2017-07-17,0.18872345398811152
2017-07-18,0.46706261918814745
2017-07-19,0.19371994573984963
2017-07-20,0.4594454414423604
2017-07-21,0.5581378968622689
2017-07-24,0.2920005069028882
2017-07-25,0.28131721079610095
2017-07-26,0.663034603618779
2017-07-27,0.33867212093761345
2017-07-28,0.44866966006841164
2017-07-31,0.24224840276044401
2017-08-01,0.42052493973490906
2017-08-02,0.2546199249450953
2017-08-03,0.42586366854107893
2017-08-04,0.43432733128875045
2017-08-07,0.1559670247822126
2017-08-08,0.2235465128476267
2017-08-09,0.3002985458396048
2017-08-10,0.28219019490595365
2017-08-11,0.3779560359235435
2017-08-14,0.2040981254408003
2017-08-15,0.2844192137226174
2017-08-16,0.261626738342356
2017-08-17,0.278051519259525
2017-08-18,0.25838244309537123
2017-08-21,0.1107509349681947
2017-08-22,0.18930593205368001
2017-08-23,0.19578760395366748
2017-08-24,0.16027617463984856
2017-08-25,0.4512363641298807
2017-08-28,0.1891730350717143
2017-08-29,0.4920164298296492
2017-08-30,0.32129646876165063
2017-08-31,0.45869504655868804
2017-09-01,0.7399240041156897
2017-09-04,0.2082790778636238
2017-09-05,0.4442907653496336
2017-09-06,0.42989893319986733
2017-09-07,0.32633963980721614
2017-09-08,0.3868407804266819
2017-09-11,0.2275290665402034
2017-09-12,0.27694385329903193
2017-09-13,0.3022032250400806
2017-09-14,0.5713501055728029
2017-09-15,0.30707026979337804
2017-09-18,0.22470383700195268
2017-09-19,0.28991952726231807
2017-09-20,0.8198350375942228
2017-09-21,0.48066054567427763
2017-09-22,0.23685025501817583
2017-09-25,0.30885878504363173
2017-09-26,0.3768668850886716
2017-09-27,0.2817602853776098
2017-09-28,0.37857165744686144
2017-09-29,0.27300401079117315
2017-10-02,0.3204403722490216
2017-10-03,0.26186167188806975
2017-10-04,0.23305767009731854
2017-10-05,0.2862452500141595
2017-10-06,0.49814095500925665
2017-10-09,0.14853101773091087
2017-10-10,0.17556994664222006
2017-10-11,0.19553492853927001
2017-10-12,0.19051085019698552
2017-10-13,0.4946508647260564
2017-10-16,0.15966938000504435
2017-10-17,0.16410064620987416
2017-10-18,0.14172955472089607
2017-10-19,0.3007906039272516
2017-10-20,0.22941468091594097
2017-10-23,0.14326918649960813
2017-10-24,0.16537176068792872
2017-10-25,0.45411650651407065
2017-10-26,0.3851386407971112
2017-10-27,0.5021938693212913
2017-10-30,0.1636202818557169
2017-10-31,0.25232781389439796
2017-11-01,0.28588522045491777
2017-11-02,0.309233273637468
2017-11-03,0.417326326168185
2017-11-06,0.1289034777387536
2017-11-07,0.19338451582839655
2017-11-08,0.14754361444103994
2017-11-09,0.1930989821681723
2017-11-10,0.1947022982471401
2017-11-13,0.11134381189522903
2017-11-14,0.20844432244449632
2017-11-15,0.4070805103459141
2017-11-16,0.24666670274614821
2017-11-17,0.22463503690147096
2017-11-20,0.15132242221243697
2017-11-21,0.23411585228435247
2017-11-22,0.24009408167169136
2017-11-23,0.1640097359761606
2017-11-24,0.12160905549121762
2017-11-27,0.16951149059367973
2017-11-28,0.2078800377101638
2017-11-29,0.21510461820106666
2017-11-30,0.273110211241752
2017-12-01,0.36911034426098377
2017-12-04,0.16175458304331064
2017-12-05,0.22472662352016767
2017-12-06,0.3715916685570752
2017-12-07,0.2006151619752371
2017-12-08,0.1516888577185616
2017-12-11,0.15892631234549515
2017-12-12,0.17262235317394486
2017-12-13,0.3799304114240081
2017-12-14,0.35733369744489596
2017-12-15,0.17154474271115022
2017-12-18,0.09720416030442362
2017-12-19,0.15505491520436965
2017-12-20,0.11395398589193499
2017-12-21,0.15640192942280945
2017-12-22,0.09057253735806746
2017-12-26,0.045799235621413706
2017-12-27,0.08612860628488335
2017-12-28,0.08703506955971904
2017-12-29,0.16829928079570888
2018-01-02,0.18631761574268293
2018-01-03,0.15978458948284016
2018-01-04,0.16844349628295538
2018-01-05,0.25065008619028073
2018-01-08,0.16982502271172162
2018-01-09,0.21674512275853453
2018-01-10,0.34299912721679204
2018-01-11,0.35199506441984935
2018-01-12,0.2848617379332886
2018-01-15,0.22239254081996412
2018-01-16,0.17025988840040862
2018-01-17,0.328788474419077
2018-01-18,0.3505180066848164
2018-01-19,0.20595036039877934
2018-01-22,0.15449772179526652
2018-01-23,0.3064941600269304
2018-01-24,0.4119891418275081
2018-01-25,0.7050960638783736
2018-01-26,0.5099217060216273
2018-01-29,0.2995847868467936
2018-01-30,0.3069619542582467
2018-01-31,0.5792781050692903
2018-02-01,0.36604411307424767
2018-02-02,0.8381742033022417
2018-02-05,0.43634711451908464
2018-02-06,0.715303712694328
2018-02-07,0.3787694921985146
2018-02-08,0.47952987253101664
2018-02-09,0.5862053248687361
2018-02-12,0.2921585152502567
2018-02-13,0.27965097360388413
2018-02-14,1.3477651532627586
2018-02-15,0.44413360700365373
2018-02-16,0.34931792964638964
2018-02-19,0.17499050927550547
2018-02-20,0.3345443035238622
2018-02-21,0.5509715721631281
2018-02-22,0.27758098536478876
2018-02-23,0.22388837324732663
2018-02-26,0.2722842591957268
2018-02-27,0.3843664709095634
2018-02-28,0.23587437381429283
2018-03-01,0.4878295918601101
2018-03-02,0.3265212920135099
2018-03-05,0.2713101294347995
2018-03-06,0.4263558800732972
2018-03-07,0.44117720335309313
2018-03-08,0.2417146491441654
2018-03-09,0.31692485738809734
2018-03-12,0.12982812832948679
2018-03-13,0.278761071775165
2018-03-14,0.25195315915740296
2018-03-15,0.2084090233631925
2018-03-16,0.24395441768408502
2018-03-19,0.2700719219352926
2018-03-20,0.3279440744640385
2018-03-21,0.3331435370639566
2018-03-22,0.45914616310705797
2018-03-23,0.3595882568420742
2018-03-26,0.2586267484533634
2018-03-27,0.28829373962332333
2018-03-28,0.27180662452952337
2018-03-29,0.19174616510930553
2018-03-30,0.13063716269824255
2018-04-02,0.15694412362382518
2018-04-03,0.28992518392892713
2018-04-04,0.29128054871291326
2018-04-05,0.24619291361086493
2018-04-06,0.3250142573346099
2018-04-09,0.24680447561627356
2018-04-10,0.25011916167075837
2018-04-11,0.1866288487495442
2018-04-12,0.16831302721452274
2018-04-13,0.18165614583207404
2018-04-16,0.15075415123229463
2018-04-17,0.14233973835827718
2018-04-18,0.16825604018356774
2018-04-19,0.29328984848651807
2018-04-20,0.2697159109524103
2018-04-23,0.21420439079627135
2018-04-24,0.3257810899042645
2018-04-25,0.2243427271294547
2018-04-26,0.25386672256015064
2018-04-27,0.26079840858829234
2018-04-30,0.1972413808872346
2018-05-01,0.22189548119803917
2018-05-02,0.5716176743229497
2018-05-03,0.3143933132962327
2018-05-04,0.3999248061163628
2018-05-07,0.24457831430425403
2018-05-08,0.46612652319694886
2018-05-09,0.2919926808688947
2018-05-10,0.4734007847122077
2018-05-11,0.26471660903236277
2018-05-14,0.20095257136919395
2018-05-15,0.3505229310154789
2018-05-16,0.38438643426601
2018-05-17,0.303804320951361
2018-05-18,0.22058184702494052
2018-05-21,0.2892641534823307
2018-05-22,0.2089555571662052
2018-05-23,0.4220790341307244
2018-05-24,0.27087296480470047
2018-05-25,0.20425863866523816
2018-05-28,0.1553119561536083
2018-05-29,0.3326984287333309
2018-05-30,0.40183472522420394
2018-05-31,0.3217239402546918
2018-06-01,0.37466718809173977
2018-06-04,0.3113772607608439
2018-06-05,0.25862710168251635
2018-06-06,0.3331509111175079
2018-06-07,0.23711016394669798
2018-06-08,0.24781386695069182
2018-06-11,0.13584569055648696
2018-06-12,0.23140890669356376
2018-06-13,0.493910451725576
2018-06-14,0.3090291367741852
2018-06-15,0.2602411773072047
2018-06-18,0.17273207025333687
2018-06-19,0.4735786041693608
2018-06-20,0.3946132196773818
2018-06-21,0.40339169937872477
2018-06-22,0.2356962304063422
2018-06-25,0.24312983217439024
2018-06-26,0.2365784087769418
2018-06-27,0.622111654097825
2018-06-28,0.2589266831166413
2018-06-29,0.3656874988342586
2018-07-02,0.2739337880391054
2018-07-03,0.3145749216828193
2018-07-04,0.27951563494409015
2018-07-05,0.2503471309681408
2018-07-06,0.3387561705227987
2018-07-09,0.15771297122734898
2018-07-10,0.2408403268480813
2018-07-11,0.34940167675933087
2018-07-12,0.21451102131465677
2018-07-13,0.2035941354334744
2018-07-16,0.21410790262099186
2018-07-17,0.23389214435060526
2018-07-18,0.21910397088183448
2018-07-19,0.8237897439000156
2018-07-20,0.5242176739804726
2018-07-23,0.2167752006219113
2018-07-24,0.24838429113068153
2018-07-25,0.42619470145713995
2018-07-26,0.2889387558211059
2018-07-27,0.17293280846049489
2018-07-30,0.12744121218829596
2018-07-31,0.3304339922340388
2018-08-01,0.19651303109884252
2018-08-02,0.16541687990370432
2018-08-03,0.24180145294262292
2018-08-06,0.12077756224800282
2018-08-07,0.13524408245068503
2018-08-08,0.14808458824266751
2018-08-09,0.2207737823668083
2018-08-10,0.6284281667804756
2018-08-13,0.45517305691459226
2018-08-14,0.3437788403031414
2018-08-15,0.3784416656907651
2018-08-16,0.41519919248164283
2018-08-17,0.2498199652229518
2018-08-20,0.2230371046994113
2018-08-21,0.20942970550029166
2018-08-22,0.3348686352927224
2018-08-23,0.2673114155980505
2018-08-24,0.5418104525788884
2018-08-27,0.18788729224935358
2018-08-28,0.2470878896376122
2018-08-29,0.3263243887997263
2018-08-30,0.38862102363853124
2018-08-31,0.4482393188027831
2018-09-03,0.2758704431277489
2018-09-04,0.43648722275765
2018-09-05,0.5159536345692477
2018-09-06,0.383616595235314
2018-09-07,0.6076459374952259
2018-09-10,0.20044034310309125
2018-09-11,0.2887181042481255
2018-09-12,0.41933601920727687
2018-09-13,0.5629218475640818
2018-09-14,0.2990826838340554
2018-09-17,0.1738508722774844
2018-09-18,0.5841526882708385
2018-09-19,0.3384064315752871
2018-09-20,0.23731234056290065
2018-09-21,0.25772769110080196
2018-09-24,0.21890170440205278
2018-09-25,0.12839216782988702
2018-09-26,0.5289506897442808
2018-09-27,0.27710877284088564
2018-09-28,0.15648800139473462
2018-10-01,0.1497347734906948
2018-10-02,0.2287819332717662
2018-10-03,0.25474868159238373
2018-10-04,0.22837572546898308
2018-10-05,0.28806657008956504
2018-10-08,0.22821436480144924
2018-10-09,0.214095247325094
2018-10-10,0.28094701418712786
2018-10-11,0.5910517588780938
2018-10-12,0.22046437227095517
2018-10-15,0.16323820350763377
2018-10-16,0.19302457730041864
2018-10-17,0.20327730425610785
2018-10-18,0.2252432886553827
2018-10-19,0.22246950100070256
2018-10-22,0.2077047510787011
2018-10-23,0.19354226901520744
2018-10-24,0.2132383427549603
2018-10-25,0.2392705172277918
2018-10-26,0.29722407400653816
2018-10-29,0.23147370571765818
2018-10-30,0.310105721215267
2018-10-31,0.2635181197134456
2018-11-01,0.3331694886944584
2018-11-02,0.5746114329123038
2018-11-05,0.18307442104022104
2018-11-06,0.23981370330049603
2018-11-07,0.5246718030924943
2018-11-08,0.24447869722709417
2018-11-09,0.20215776493373072
2018-11-12,0.1904342360277573
2018-11-13,0.3361925558805042
2018-11-14,0.3301732251197921
2018-11-15,0.7025260900681582
2018-11-16,0.33763905013101314
2018-11-19,0.21792138924455146
2018-11-20,0.44791252057800224
2018-11-21,0.25815358928790394
2018-11-22,0.1689097471045998
2018-11-23,0.14993198140462505
2018-11-26,0.1863878328668892
2018-11-27,0.3549311463562874
2018-11-28,0.9237242288531029
2018-11-29,0.28726824203096013
2018-11-30,0.21706633956706384
2018-12-03,0.34396507619083166
2018-12-04,0.26392959750549727
2018-12-05,0.628870678994367
2018-12-06,0.5063948593159315
2018-12-07,0.3928887787795651
2018-12-10,0.3091538081980898
2018-12-11,0.349378519646985
2018-12-12,0.2789911362430671
2018-12-13,0.20091930863478616
2018-12-14,0.2986837302285752
2018-12-17,0.11168381794730053
2018-12-18,0.24685280949585392
2018-12-19,0.7577384937728298
2018-12-20,0.32428914103583756
2018-12-21,0.3834015811210547
2018-12-24,0.23601774928206914
2018-12-26,0.18372624986491623
2018-12-27,0.28716847237060905
2018-12-28,0.16499570171957806
2018-12-31,0.26447110262111284
2019-01-02,0.46470111234709577
2019-01-03,12.946362157043772
2019-01-04,0.5901759666883228
2019-01-07,0.23403002453876945
2019-01-08,0.27800271858411363
2019-01-09,0.4762001908900933
2019-01-10,0.3117029855298387
2019-01-11,0.27332991403750345
2019-01-14,0.20343419113390412
2019-01-15,0.2719466182042828
2019-01-16,0.2347745620909502
2019-01-17,0.46092274757225593
2019-01-18,0.3356532782974159
2019-01-21,0.17448712299252905
2019-01-22,0.190834087718312
2019-01-23,0.14397096586400332
2019-01-24,0.37910316798674004
2019-01-25,0.3326719454407256
2019-01-28,0.19075863110066912
2019-01-29,0.27203920157730566
2019-01-30,0.9542833167576387
2019-01-31,0.253933136019879
2019-02-01,0.30200455918535896
2019-02-04,0.20750731168899889
2019-02-05,0.3021571362103625
2019-02-06,0.7105419708643487
2019-02-07,0.204563326894236
2019-02-08,0.4339424687872272
2019-02-11,0.2097745249057515
2019-02-12,0.21240225555341752
2019-02-13,0.40419038342558283
2019-02-14,0.34148787128457425
2019-02-15,0.18991233614996272
2019-02-18,0.1263013265121204
2019-02-19,0.24242015121047128
2019-02-20,0.2546719353985293
2019-02-21,1.7502494248067588
2019-02-22,0.3385856646659214
2019-02-25,0.2701029836705491
2019-02-26,0.18689746956101785
2019-02-27,0.24182120067112603
2019-02-28,0.3996252597719877
2019-03-01,0.20062619364861872
2019-03-04,0.23047200905810086
2019-03-05,0.1987095601318771
2019-03-06,0.4184311549207614
2019-03-07,0.15575073637607464
2019-03-08,0.20439045406091172
2019-03-11,0.15375187005691288
2019-03-12,0.16377436548211824
2019-03-13,0.227037800163839
2019-03-14,0.1670271872478482
2019-03-15,0.13415277597658173
2019-03-18,0.13523524608747003
2019-03-19,0.1497133234716205
2019-03-20,0.6182716356294704
2019-03-21,0.37505685547734935
2019-03-22,0.2783117183945799
2019-03-25,0.15248673980134023
2019-03-26,0.1552641577651313
2019-03-27,0.237503003617441
2019-03-28,0.2547234281678782
2019-03-29,0.19026522322753026
2019-04-01,0.1323588891246206
2019-04-02,0.21000782961051973
2019-04-03,0.26147765067818673
2019-04-04,0.1372851137638316
2019-04-05,0.20395982449712197
2019-04-08,0.09531160534436589
2019-04-09,0.1355182826772429
2019-04-10,0.20589133742116145
2019-04-11,0.10732818649657577
2019-04-12,0.21127105197389454
2019-04-15,0.11641249599312828
2019-04-16,0.13254049517834987
2019-04-17,0.29426114650516255
2019-04-18,0.274582046250001
2019-04-19,0.03842488004978449
2019-04-22,0.060251192974083226
2019-04-23,0.11938630548940128
2019-04-24,0.5315339041637606
2019-04-25,0.16029678529206642
2019-04-26,0.26853348008883204
2019-04-29,0.09403552415867261
2019-04-30,0.2822484079588543
2019-05-01,0.30433591161452866
2019-05-02,0.10667507734141327
2019-05-03,0.14195490013628656
2019-05-06,0.25096617275190625
2019-05-07,0.4841397356325312
2019-05-08,0.1794111882079426
2019-05-09,0.2469286773983456
2019-05-10,0.20916100702448842
2019-05-13,0.15060850150618332
2019-05-14,0.1445642479103563
2019-05-15,0.14594085486029054
2019-05-16,0.21894638994790994
2019-05-17,0.1360884649380558
2019-05-20,0.17826435619384134
2019-05-21,0.27812258264646195
2019-05-22,0.0861782042656817
2019-05-23,0.1095666613897407
2019-05-24,0.16288943299277364
2019-05-27,0.06710546922176332
2019-05-28,0.10153100331814628
2019-05-29,0.08737761200676986
2019-05-30,0.09478808940598013
2019-05-31,0.19852895665312392
2019-06-03,0.1482202756437895
2019-06-04,0.40816670514213965
2019-06-05,0.16500117129309239
2019-06-06,0.13277700091388667
2019-06-07,0.19820463520174905
2019-06-10,0.10257737895616037
2019-06-11,0.11531811713056826
2019-06-12,0.12320686204167633
2019-06-13,0.13207940596926715
2019-06-14,0.15133040928401492
2019-06-17,0.09719650170948026
2019-06-18,0.150435659320525
2019-06-19,0.3575005162593993
2019-06-20,0.23445287251486635
2019-06-21,0.13727274726964178
2019-06-24,0.143273148723099
2019-06-25,0.34522057281040647
2019-06-26,0.14903350578379676
2019-06-27,0.07139606663526234
2019-06-28,0.08215376743874363
2019-07-01,0.14178777777590695
2019-07-02,0.12645421898980116
2019-07-03,0.13295698083042173
2019-07-04,0.07525023922303642
2019-07-05,0.1555627077730406
2019-07-08,0.06323276898700074
2019-07-09,0.1262433716010008
2019-07-10,0.3421898749141004
2019-07-11,0.22193268577377354
2019-07-12,0.1920255103290913
2019-07-15,0.10760346844249324
2019-07-16,0.09595536474984034
2019-07-17,0.08172300688475004
2019-07-18,0.18635928264189677
2019-07-19,0.24234832487214766
2019-07-22,0.0938548261373613
2019-07-23,0.1317458301435264
2019-07-24,0.09458900852034627
2019-07-25,0.15374371729666142
2019-07-26,0.08423671263562406
2019-07-29,0.0838504428673471
2019-07-30,0.10773902372400222
2019-07-31,0.525938784863827
2019-08-01,0.4764774547219754
2019-08-02,0.2666774365139813
2019-08-05,0.482421997064837
2019-08-06,0.28269452817521995
2019-08-07,0.6625336607229595
2019-08-08,0.2897950245892958
2019-08-09,0.2668607879284262
2019-08-12,0.1943382113217425
2019-08-13,0.42515703792461956
2019-08-14,0.234074501517474
2019-08-15,0.2966439606949374
2019-08-16,0.14109131250048976
2019-08-19,0.10882412653587525
2019-08-20,0.12558855239862235
2019-08-21,0.1289823315884466
2019-08-22,0.15743398634598463
2019-08-23,0.24363328744444568
2019-08-26,0.5214554043032498
2019-08-27,0.18251970665239545
2019-08-28,0.10954668720294646
2019-08-29,0.15636379891710667
2019-08-30,0.18570025758843575
2019-09-02,0.12669969434139525
2019-09-03,0.2865592401757058
2019-09-04,0.22752458887568067
2019-09-05,0.22859562463191008
2019-09-06,0.15677644852787542
2019-09-09,0.12665534038685894
2019-09-10,0.11975670681583617
2019-09-11,0.16784539617257835
2019-09-12,0.2143935970371338
2019-09-13,0.132754457405541
2019-09-16,0.15625821657502495
2019-09-17,0.16675069370441045
2019-09-18,0.2547409323492135
2019-09-19,0.16220021627068085
2019-09-20,0.14269207057914562
2019-09-23,0.08789145471683836
2019-09-24,0.21566831043625126
2019-09-25,0.16215391168183266
2019-09-26,0.13901158085689044
2019-09-27,0.16061503017034648
2019-09-30,0.15148666730595176
2019-10-01,0.301313391836069
2019-10-02,0.1407802129858394
2019-10-03,0.2129252381739496
2019-10-04,0.1827890776799429
2019-10-07,0.11856670990947546
2019-10-08,0.14069481997327088
2019-10-09,0.13109392476852919
2019-10-10,0.3608015950351386
2019-10-11,0.18653817678113468
2019-10-14,0.1547438824540164
2019-10-15,0.16795268445294634
2019-10-16,0.18804554961214134
2019-10-17,0.32791331421236725
2019-10-18,0.14394812376044736
2019-10-21,0.12661133320686718
2019-10-22,0.12543929560915593
2019-10-23,0.1275372651867529
2019-10-24,0.15486574255223526
2019-10-25,0.09102048098987071
2019-10-28,0.08592160454195405
2019-10-29,0.10421466214959321
2019-10-30,0.2710889851527749
2019-10-31,0.2560036794516058
2019-11-01,0.20509309700630382
2019-11-04,0.12549050142280088
2019-11-05,0.2675745549649552
2019-11-06,0.1427541529430115
2019-11-07,0.23363218937265226
2019-11-08,0.13687473087939403
2019-11-11,0.09734470477653968
2019-11-12,0.16472897008605877
2019-11-13,0.23896027163783862
2019-11-14,0.3107084379546064
2019-11-15,0.13274886153065718
2019-11-18,0.09048987897393941
2019-11-19,0.1173523754405103
2019-11-20,0.12864569453168495
2019-11-21,0.12456479178628738
2019-11-22,0.08909100311830329
2019-11-25,0.07722757804313861
2019-11-26,0.1198955206753318
2019-11-27,0.06478817217000464
2019-11-28,0.08572001479568415
2019-11-29,0.08287952791100932
2019-12-02,0.09914676867699083
2019-12-03,0.22559956531975617
2019-12-04,0.1412197553761082
2019-12-05,0.1558024930753858
2019-12-06,0.15239151868181544
2019-12-09,0.06630608167703517
2019-12-10,0.10738358413336407
2019-12-11,0.13380468559109235
2019-12-12,0.15553459129823974
2019-12-13,0.462220128528627
2019-12-16,0.1006215976245332
2019-12-17,0.16129777189873465
2019-12-18,0.11020214027751651
2019-12-19,0.15258914166141446
2019-12-20,0.09156411783531176
2019-12-23,0.0988053565128034
2019-12-24,0.10024605707048724
2019-12-26,0.03536868151355914
2019-12-27,0.14150382927149013
2019-12-30,0.08962228110278538
2019-12-31,0.10458581745362189
2020-01-02,0.15873030462999216
2020-01-03,0.15586635329861578
2020-01-06,0.15322704342490612
2020-01-07,0.24345080422877094
2020-01-08,0.28451653721518533
2020-01-09,0.12405044553264014
2020-01-10,0.2480267516074703
2020-01-13,0.12310787296995662
2020-01-14,0.1487508161686705
2020-01-15,0.14660840517881626
2020-01-16,0.1262455878497633
2020-01-17,0.13689220840185232
2020-01-20,0.09892717448904793
2020-01-21,0.12827440241815108
2020-01-22,0.12258264850438003
2020-01-23,0.35643998113687503
2020-01-24,0.15909398229553648
2020-01-27,0.1679456480054124
2020-01-28,0.15490611677545016
2020-01-29,0.15579778358154522
2020-01-30,0.2582861928558422
2020-01-31,0.22366384131412564
2020-02-03,0.19269593423153802
2020-02-04,0.3840170901340666
2020-02-05,0.20731585609325326
2020-02-06,0.17974825381674084
2020-02-07,0.25497341766151893
2020-02-10,0.23161889369812116
2020-02-11,0.1774359446222328
2020-02-12,0.1881858083821897
2020-02-13,0.2682695212045342
2020-02-14,0.10064395209205867
2020-02-17,0.08496905112475861
2020-02-18,0.16690474439788006
2020-02-19,0.13382725690289918
2020-02-20,0.3728208655336727
2020-02-21,0.28389878555748177
2020-02-24,0.28811365033413344
2020-02-25,0.24199416447403743
2020-02-26,0.2965736485593776
2020-02-27,0.24260639216206228
2020-02-28,0.9118775218093008
2020-03-02,0.9352124516482183
2020-03-03,1.2879846542044293
2020-03-04,0.43658943525185345
2020-03-05,0.35808117444868093
2020-03-06,0.45661835085131314
2020-03-09,6.632581283363525
2020-03-10,1.4091089460737583
2020-03-11,0.9436648836024908
2020-03-12,3.611081799484327
2020-03-13,3.9183537746298
2020-03-16,6.935522009777299
2020-03-17,2.5524308989966173
2020-03-18,3.230153367282798
2020-03-19,19.557254582926557
2020-03-20,10.002034630976592
2020-03-23,6.825980249260134
2020-03-24,3.529792263421381
2020-03-25,2.7854085943314875
2020-03-26,3.014530402748675
2020-03-27,3.351543625798402
2020-03-30,2.2409649748574134
2020-03-31,6.554403301644628
2020-04-01,3.5331142562673215
2020-04-02,1.7323600854709815
2020-04-03,1.2711652065837922
2020-04-06,1.2690142990079307
2020-04-07,1.2917452683202484
2020-04-08,0.9359017013657099
2020-04-09,1.2236782356677975
2020-04-10,0.3433844842407939
2020-04-13,0.5907978688738985
2020-04-14,0.8328194114323433
2020-04-15,0.926190253932576
2020-04-16,1.3898428564011411
2020-04-17,1.2099613066236208
2020-04-20,0.6408208493553199
2020-04-21,1.2360188413292126
2020-04-22,1.0040254667858883
2020-04-23,0.9191591954813637
2020-04-24,0.5548542285823783
2020-04-27,0.44369025140527873
2020-04-28,0.49735176155333805
2020-04-29,0.5111631456296541
2020-04-30,0.9119279662768321
2020-05-01,0.68163404680174
2020-05-04,0.6205838929731197
2020-05-05,0.5875329952462307
2020-05-06,0.535233435366035
2020-05-07,0.8869611228944213
2020-05-08,0.6129987745979849
2020-05-11,0.65124585834038
2020-05-12,0.846283936330882
2020-05-13,0.9605187234185991
2020-05-14,0.7827489962997719
2020-05-15,0.5845762471818317
2020-05-18,0.56086652529319
2020-05-19,0.7476564887797467
2020-05-20,0.45673544259523274
2020-05-21,0.5947930661415657
2020-05-22,0.4296161676620929
2020-05-25,0.22215842461051144
2020-05-26,0.5196044761188904
2020-05-27,0.737994965391216
2020-05-28,0.6519323965981093
2020-05-29,0.9521639356425183
2020-06-01,0.9301195943397979
2020-06-02,0.6921685573423002
2020-06-03,1.4357986435009393
2020-06-04,0.9036591079864634
2020-06-05,0.8948691256440966
2020-06-08,0.5412217065473042
2020-06-09,1.040251899749136
2020-06-10,1.420169445941193
2020-06-11,1.3731424408716415
2020-06-12,1.6184484536459631
2020-06-15,1.5372666481670225
2020-06-16,1.4785429811615254
2020-06-17,0.9826477286580045
2020-06-18,1.0669494962316513
2020-06-19,0.6351877014238184
2020-06-22,0.6077353123753915
2020-06-23,1.0414802121304298
2020-06-24,0.820873932800612
2020-06-25,0.5541636823788467
2020-06-26,0.37698673329411564
2020-06-29,0.39469895049868514
2020-06-30,0.5036744912107488
2020-07-01,0.421574495043912
2020-07-02,0.43690884662445917
2020-07-03,0.17105156079912145
2020-07-06,0.30031938015398507
2020-07-07,0.4226144901591118
2020-07-08,0.3416926174158248
2020-07-09,0.4689835622694429
2020-07-10,0.34529982875449183
2020-07-13,0.33817749856665086
2020-07-14,0.43791474905967037
2020-07-15,0.395810119920032
2020-07-16,0.3653809136695013
2020-07-17,0.16085331236502892
2020-07-20,0.2087740323630612
2020-07-21,0.5473974501725803
2020-07-22,0.6181089603424164
2020-07-23,0.5581126481170048
2020-07-24,0.488556829258574
2020-07-27,0.4461120041735591
2020-07-28,0.556340374789382
2020-07-29,0.5772890182622595
2020-07-30,0.5431078346074197
2020-07-31,0.6165825810814602
2020-08-03,0.49304493192226234
2020-08-04,0.4876630691722223
2020-08-05,0.4222469134378537
2020-08-06,0.47913338669164696
2020-08-07,0.502149615163086
2020-08-10,0.26045052121731993
2020-08-11,0.3932723135704622
2020-08-12,0.5329750264838474
2020-08-13,0.3295474074661583
2020-08-14,0.2358300031109687
2020-08-17,0.3009644263314148
2020-08-18,0.3769877878717755
2020-08-19,0.570691573982729
2020-08-20,0.4614218356252952
2020-08-21,0.4177655640116732
2020-08-24,0.4313585119652283
2020-08-25,0.25215271095042985
2020-08-26,0.25273101319744534
2020-08-27,0.6939284603348745
2020-08-28,0.43464149196344115
2020-08-31,0.33827262099026845
2020-09-01,0.6481519118496696
2020-09-02,0.570129107568959
2020-09-03,0.43373083003236895
2020-09-04,0.5304643932096362
2020-09-07,0.18204242480881683
2020-09-08,0.5413465752068859
2020-09-09,0.3647250031854253
2020-09-10,0.47562955423617476
2020-09-11,0.2598931431296797
2020-09-14,0.20196935997838836
2020-09-15,0.3528722705468951
2020-09-16,0.6916356354964265
2020-09-17,0.6538791125085553
2020-09-18,0.3743496804727724
2020-09-21,0.4849159636856576
2020-09-22,0.8023368060037638
2020-09-23,0.5715750713340993
2020-09-24,0.6163961731142039
2020-09-25,0.3987988623729898
2020-09-28,0.4033114618364507
2020-09-29,0.3874119929551997
2020-09-30,0.5102023386315616
2020-10-01,0.40767031423216404
2020-10-02,0.5446243855638235
2020-10-05,0.2464040418269891
2020-10-06,0.6047942288690847
2020-10-07,0.3186637537160913
2020-10-08,0.22284678152637175
2020-10-09,0.23894441599056288
2020-10-12,0.20032637675777284
2020-10-13,0.31132046433213256
2020-10-14,0.23485329513042086
2020-10-15,0.4357271012629162
2020-10-16,0.26186783648345185
2020-10-19,0.2355933504015789
2020-10-20,0.3177145763836972
2020-10-21,0.30802864877499775
2020-10-22,0.33585580865478787
2020-10-23,0.32362673060245795
2020-10-26,0.3425581864732504
2020-10-27,0.22710773078893035
2020-10-28,0.486443718002391
2020-10-29,0.4717984356411137
2020-10-30,0.5262750229389629
2020-11-02,0.4176249934150232
2020-11-03,0.5807947729856042
2020-11-04,3.270300322160784
2020-11-05,0.9564786837800775
2020-11-06,0.6857035326871384
2020-11-09,1.1903607995052665
2020-11-10,0.6791173943118641
2020-11-11,0.40939948308652463
2020-11-12,0.37759160523221946
2020-11-13,0.2740564372627402
2020-11-16,0.35750351786287443
2020-11-17,0.28957219637815595
2020-11-18,0.27957058607378715
2020-11-19,0.3601126529985159
2020-11-20,0.25259204750578745
2020-11-23,0.3521438137262698
2020-11-24,0.5513092829636667
2020-11-25,0.2808519074046013
2020-11-26,0.1533155329327804
2020-11-27,0.18847650866361879
2020-11-30,0.2776646431765909
2020-12-01,0.29598568173500844
2020-12-02,0.3642781228077197
2020-12-03,0.28239622770891876
2020-12-04,0.25595276873323797
2020-12-07,0.2528367368252115
2020-12-08,0.24959676865352282
2020-12-09,0.2852240347403979
2020-12-10,0.39634789039353
2020-12-11,0.35505339469203323
2020-12-14,0.2552598667077149
2020-12-15,0.28363053528201737
2020-12-16,0.26554631336523343
2020-12-17,0.21039337211151135
2020-12-18,0.20771791137264473
2020-12-21,0.5796790318602487
2020-12-22,0.40298039740373653
2020-12-23,0.32994533373204826
2020-12-24,0.20001454306052946
2020-12-28,0.33055617930345227
2020-12-29,0.20701568471834564
2020-12-30,0.24020371258669265
2020-12-31,0.35376753632780805
2021-01-04,0.4565771923392132
2021-01-05,0.4481608984620871
2021-01-06,0.5472988099728313
2021-01-07,0.36192921287933905
2021-01-08,0.5988159209986793
2021-01-11,0.5192672378846689
2021-01-12,0.3890598946815158
2021-01-13,0.36439825094295647
2021-01-14,0.3482070684442842
2021-01-15,0.3743064312108866
2021-01-18,0.2560249556786043
2021-01-19,0.2444307857781228
2021-01-20,0.31969440909377717
2021-01-21,0.2814302218051028
2021-01-22,0.3115976874507164
2021-01-25,0.3335289335885958
2021-01-26,0.28363230769798725
2021-01-27,0.48729135218515846
2021-01-28,0.6241633255044928
2021-01-29,0.6134868346349858
2021-02-01,0.41436403048786513
2021-02-02,0.4860704796331073
2021-02-03,0.29309417257927606
2021-02-04,0.2836132515475239
2021-02-05,0.30238397273377454
2021-02-08,0.2582695730202217
2021-02-09,0.2566474476315492
2021-02-10,0.3400658550340623
2021-02-11,0.19492096268185047
2021-02-12,0.1970334990635995
2021-02-15,0.10955282672295989
2021-02-16,0.3193458522464436
2021-02-17,0.32877903840557615
2021-02-18,0.3162353432584494
2021-02-19,0.3056914477268512
2021-02-22,0.3682049680984852
2021-02-23,0.3062090811735048
2021-02-24,0.4164320069181915
2021-02-25,0.6443515416257584
2021-02-26,1.5470951572467984
2021-03-01,0.4938828781371863
2021-03-02,0.5639509258982515
2021-03-03,0.4739335140634886
2021-03-04,0.7309638952523001
2021-03-05,0.9999178614342981
2021-03-08,0.49511528234385715
2021-03-09,0.4431570310695783
2021-03-10,0.6276197447111406
2021-03-11,0.4041818823104501
2021-03-12,0.45613426653793426
2021-03-15,0.41156517485872124
2021-03-16,0.3034736488758992
2021-03-17,0.746026114200238
2021-03-18,0.6519954953093564
2021-03-19,0.38563080432253366
2021-03-22,0.2814286381239952
2021-03-23,0.4038241774154373
2021-03-24,0.4657339545590589
2021-03-25,0.4315236810769741
2021-03-26,0.2513791545181225
2021-03-29,0.2950249715665142
2021-03-30,0.325640455586249
2021-03-31,0.2715568600974032
2021-04-01,0.37169366070840626
2021-04-02,0.18111214701628148
2021-04-05,0.15103619043942823
2021-04-06,0.24072594326266844
2021-04-07,0.3606554283625668
2021-04-08,0.17176911848522874
2021-04-09,0.24902428806244958
2021-04-12,0.25688162714713736
2021-04-13,0.23617196905883397
2021-04-14,0.2910055120352476
2021-04-15,0.31112467491947626
2021-04-16,0.20878284443063147
2021-04-19,0.2748896394782481
2021-04-20,0.35422020616887756
2021-04-21,0.29244023484231324
2021-04-22,0.3294897618813046
2021-04-23,0.25224623267820284
2021-04-26,0.28412476305681633
2021-04-27,0.17529790075995666
2021-04-28,0.430999388850194
2021-04-29,0.2892155052831681
2021-04-30,0.28741474304190967
2021-05-03,0.21330828836838064
2021-05-04,0.5033295711023087
2021-05-05,0.19928902057455497
2021-05-06,0.38648496526918236
2021-05-07,0.542152745527506
2021-05-10,0.3202451301595357
2021-05-11,0.39097525424224805
2021-05-12,0.899088866977408
2021-05-13,0.4714275669021959
2021-05-14,0.25243882546117696
2021-05-17,0.23579718841228778
2021-05-18,0.2627516101324297
2021-05-19,0.5082976711259737
2021-05-20,0.26775574519081774
2021-05-21,0.23848564717675794
2021-05-24,0.22640335927176722
2021-05-25,0.2408216808369904
2021-05-26,0.24909274954521712
2021-05-27,0.18406547529812703
2021-05-28,0.24071519928850024
2021-05-31,0.11792251392341395
2021-06-01,0.24444175147204175
2021-06-02,0.17816545228385505
2021-06-03,0.2565461232871474
2021-06-04,0.5978684251262676
2021-06-07,0.1536622431204186
2021-06-08,0.17167019153146199
2021-06-09,0.12883950133056976
2021-06-10,0.20240043300784652
2021-06-11,0.17836404722175356
2021-06-14,0.13414191188388663
2021-06-15,0.16046741148966642
2021-06-16,0.8768623814223163
2021-06-17,0.45684296311443656
2021-06-18,0.5337370213902626
2021-06-21,0.4180192554981231
2021-06-22,0.2565958978367677
2021-06-23,0.27464843635115194
2021-06-24,0.18882691001988555
2021-06-25,0.16249286564093407
2021-06-28,0.20413196509458664
2021-06-29,0.1811419525503787
2021-06-30,0.21068603268275754
2021-07-01,0.23781493611762253
2021-07-02,0.3529610693181732
2021-07-05,0.13100091804917843
2021-07-06,0.5040825876612597
2021-07-07,0.41183097673144264
2021-07-08,0.448323142771464
2021-07-09,0.2419242819586092
2021-07-12,0.23921342318146405
2021-07-13,0.4662177738479806
2021-07-14,0.3211139724194019
2021-07-15,0.3029465539915292
2021-07-16,0.2613632959451647
2021-07-19,0.4257387180535743
2021-07-20,0.38353215587853373
2021-07-21,0.2403472431320015
2021-07-22,0.3003363557551344
2021-07-23,0.3454730479793009
2021-07-26,0.23466529948121093
2021-07-27,0.4952822719702936
2021-07-28,0.385384699978617
2021-07-29,0.24924380798450257
2021-07-30,0.3037875872771229
2021-08-02,0.20555406180445027
2021-08-03,0.40100236263898653
2021-08-04,0.2611686676719845
2021-08-05,0.1854835330739758
2021-08-06,0.19156056862413107
2021-08-09,0.20430770437092485
2021-08-10,0.1708926657921345
2021-08-11,0.24747059846251812
2021-08-12,0.11580725758574127
2021-08-13,0.1348757195037859
2021-08-16,0.1616271754494973
2021-08-17,0.3660956865529127
2021-08-18,0.3818308639461459
2021-08-19,0.37156402631678687
2021-08-20,0.348138683418143
2021-08-23,0.3118963682356783
2021-08-24,0.22609244960006758
2021-08-25,0.21849496326152137
2021-08-26,0.1882086519163962
2021-08-27,0.335718665051472
2021-08-30,0.18629819273019463
2021-08-31,0.22163184624290624
2021-09-01,0.2279185385050608
2021-09-02,0.18757781178571714
2021-09-03,0.5492355604040724
2021-09-06,0.10065674487743669
2021-09-07,0.3983890912941363
2021-09-08,0.2817736411464108
2021-09-09,0.259217934257175
2021-09-10,0.20908824648140964
2021-09-13,0.23365477327881976
2021-09-14,0.381505445705339
2021-09-15,0.30857426743784405
2021-09-16,0.29558990344805264
2021-09-17,0.21127686662818715
2021-09-20,0.31296866953228275
2021-09-21,0.4184676299852597
2021-09-22,0.775072691078848
2021-09-23,0.3556056849712343
2021-09-24,0.30768810337176095
2021-09-27,0.3098902450312223
2021-09-28,0.4187258453577487
2021-09-29,0.4122995020356275
2021-09-30,0.4419899568087577
2021-10-01,0.4124045437690919
2021-10-04,0.36559706936800335
2021-10-05,0.2835077129630994
2021-10-06,0.4381199443495253
2021-10-07,0.237612327504712
2021-10-08,0.4202023790362144
2021-10-11,0.21205381118490396
2021-10-12,0.22141540619054054
2021-10-13,0.31012389252881556
2021-10-14,0.17634646457812286
2021-10-15,0.23503709326897076
2021-10-18,0.2541976218041946
2021-10-19,0.2297375150255696
2021-10-20,0.16654742050335336
2021-10-21,0.2845771630537858
2021-10-22,0.3325443713922043
2021-10-25,0.21779216665199344
2021-10-26,0.24189317885437958
2021-10-27,0.37157116029504667
2021-10-28,0.27676705894751014
2021-10-29,0.29191344660079677
2021-11-01,0.19886153927491235
2021-11-02,0.4564462595193018
2021-11-03,0.41834106788039405
2021-11-04,0.22653395608415947
2021-11-05,0.2993732510486391
2021-11-08,0.24451154058445268
2021-11-09,0.31469274867740754
2021-11-10,0.38097575561532543
2021-11-11,0.32132933513356
2021-11-12,0.18500875258811603
2021-11-15,0.1731446912444493
2021-11-16,0.274652990193224
2021-11-17,0.257747714941498
2021-11-18,0.2968108819602817
2021-11-19,0.28579540918175855
2021-11-22,0.2836805104482998
2021-11-23,0.29360048184748333
2021-11-24,0.25391538096439803
2021-11-25,0.16415887051085
2021-11-26,0.5153516025276694
2021-11-29,0.27663088869905
2021-11-30,0.7135226768837352
2021-12-01,0.39876847007696253
2021-12-02,0.3236023541104629
2021-12-03,0.391303105542472
2021-12-06,0.23870033601931342
2021-12-07,0.30989911783052115
2021-12-08,0.28378293406178595
2021-12-09,0.2340660799563404
2021-12-10,0.48700398542658835
2021-12-13,0.21271517713310212
2021-12-14,0.26816759503252546
2021-12-15,0.4025555110016648
2021-12-16,0.38897885171154045
2021-12-17,0.2977120475419803
2021-12-20,0.3242265626735791
2021-12-21,0.23765257519664798
2021-12-22,0.20363314885796907
2021-12-23,0.230225507664011
2021-12-24,0.13084626996584348
2021-12-27,0.19214418725825402
2021-12-28,0.2401026025452336
2021-12-29,0.24017529473199428
2021-12-30,0.20876204485853217
2021-12-31,0.24204649131762196
2022-01-03,0.2547907536812917
2022-01-04,0.24400498384462593
2022-01-05,0.2910309565313603
2022-01-06,0.3847049506022885
2022-01-07,0.44680063256444663
2022-01-10,0.26476647358674127
2022-01-11,0.2645725302586408
2022-01-12,0.2623365624238327
2022-01-13,0.24572998626202175
2022-01-14,0.3380150342708729
2022-01-17,0.17498932158932562
2022-01-18,0.34536293724515305
2022-01-19,0.24117382725591294
2022-01-20,0.31556500034445384
2022-01-21,0.38038619928019635
2022-01-24,0.43621957342899936
2022-01-25,0.5217157596531532
2022-01-26,0.5888139124633973
2022-01-27,0.4622761964397121
2022-01-28,0.6955216450280586
2022-01-31,0.30488025402448204
2022-02-01,0.5892825047222816
2022-02-02,0.3172347011751084
2022-02-03,0.3672710549490901
2022-02-04,0.6405724206049714
2022-02-07,0.2735668697663699
2022-02-08,0.25163819176410485
2022-02-09,0.1652765410779176
2022-02-10,1.0015354307025128
2022-02-11,0.7153207706845012
2022-02-14,0.575314321019532
2022-02-15,0.4860960404735931
2022-02-16,0.3503189355684947
2022-02-17,0.9159181081233622
2022-02-18,0.3483928059036436
2022-02-21,0.32279500484550855
2022-02-22,0.36740719985571674
2022-02-23,0.29003735628872884
2022-02-24,0.9727462207874301
2022-02-25,0.6406652512309676
2022-02-28,0.49629447614393774
2022-03-01,0.39584557151217376
2022-03-02,0.44027916897671715
2022-03-03,0.49458186483985295
2022-03-04,0.6127012318159354
2022-03-07,0.7980221343416226
2022-03-08,0.7170886582540296
2022-03-09,0.3465821951062264
2022-03-10,0.39695218910283014
2022-03-11,0.33749957569749905
2022-03-14,0.5578966610925066
2022-03-15,0.5169732368455308
2022-03-16,0.6510122902203878
2022-03-17,0.4178626804424948
2022-03-18,0.4373241645581668
2022-03-21,0.37411932445368035
2022-03-22,0.32540825646953586
2022-03-23,0.35433240119773607
2022-03-24,0.3848325505725502
2022-03-25,0.3630084695903019
2022-03-28,0.5223140795380399
2022-03-29,0.5402579312935906
2022-03-30,0.3212307607750127
2022-03-31,0.30814516699043465
2022-04-01,0.3071370472359729
2022-04-04,0.21171997124713188
2022-04-05,0.7598933193506141
2022-04-06,0.6565532688506949
2022-04-07,0.28340115320754117
2022-04-08,0.2300951816898957
2022-04-11,0.32442620236646885
2022-04-12,0.39789861299922097
2022-04-13,0.3540150698309498
2022-04-14,0.3658907672585675
2022-04-15,0.08521409263793923
2022-04-18,0.2174668504406867
2022-04-19,0.31885659483384704
2022-04-20,0.4132507878603324
2022-04-21,0.3815687617743008
2022-04-22,0.49394555012820784
2022-04-25,0.8771004062657682
2022-04-26,0.5903130489950746
2022-04-27,0.766752176832202
2022-04-28,0.995503582306737
2022-04-29,0.675592537781277
2022-05-02,0.6696584491564707
2022-05-03,1.453471838072956
2022-05-04,1.8511005072196465
2022-05-05,1.199771656065688
2022-05-06,1.42300672170949
2022-05-09,1.0244105116320732
2022-05-10,1.139374215619878
2022-05-11,1.779289735755206
2022-05-12,1.2566462235486322
2022-05-13,0.7655325761580943
2022-05-16,0.8879937489273547
2022-05-17,0.7114268852884387
2022-05-18,0.7529565149761942
2022-05-19,1.1746252812992635
2022-05-20,0.7302924873390709
2022-05-23,0.7008463707679036
2022-05-24,0.7537526446939817
2022-05-25,0.7239940402834024
2022-05-26,0.5643389483776718
2022-05-27,0.5228303354722469
2022-05-30,0.23822443913131103
2022-05-31,0.5931790171952498
2022-06-01,0.560027263988436
2022-06-02,0.4926967659085335
2022-06-03,0.40551498435737493
2022-06-06,0.40857985477578257
2022-06-07,1.1978665789269076
2022-06-08,0.4200409275229779
2022-06-09,0.5493592601825931
2022-06-10,1.3645584375999968
2022-06-13,0.8417955046199429
2022-06-14,0.9586051026100015
2022-06-15,1.6794363502379874
2022-06-16,1.1357366638904036
2022-06-17,0.753378279496514
2022-06-20,0.44735230218634
2022-06-21,0.6113615680711242
2022-06-22,0.6659504157941325
2022-06-23,0.5885799573320015
2022-06-24,0.7624094771557315
2022-06-27,0.5680031310307546
2022-06-28,0.4795895707553176
2022-06-29,0.5182897896873325
2022-06-30,0.6792042567417224
2022-07-01,0.8152012297780828
2022-07-04,0.5418579532303914
2022-07-05,1.0574961728812144
2022-07-06,0.9603789245569553
2022-07-07,0.6185887152190238
2022-07-08,0.7462762833075065
2022-07-11,0.5598408089348489
2022-07-12,0.506483568093769
2022-07-13,1.799644552940653
2022-07-14,0.9999645223953845
2022-07-15,0.8914082696327299
2022-07-18,0.47259535693485044
2022-07-19,0.4263982991889948
2022-07-20,0.5525864657260852
2022-07-21,0.6859763848005851
2022-07-22,0.6136585836660774
2022-07-25,0.379781634636286
2022-07-26,0.4960532381298534
2022-07-27,1.1545541541292241
2022-07-28,0.6031510726220292
2022-07-29,0.6706316721154842
2022-08-01,0.5794986420793166
2022-08-02,0.9176489304327979
2022-08-03,0.5826605103458061
2022-08-04,0.43707757299101474
2022-08-05,0.7759613272108618
2022-08-08,0.3551794900084155
2022-08-09,0.30264248515412456
2022-08-10,1.2846587456816918
2022-08-11,0.4188406531157893
2022-08-12,0.42742594401283235
2022-08-15,0.3954445272156664
2022-08-16,0.5080624682956707
2022-08-17,0.7588485334706531
2022-08-18,0.5317657921682227
2022-08-19,0.44496877907673654
2022-08-22,0.4486336692093585
2022-08-23,0.7126661458535966
2022-08-24,0.5188555387582147
2022-08-25,0.5205801826735058
2022-08-26,1.1059631858796675
2022-08-29,0.5829519283034534
2022-08-30,0.6924798237360864
2022-08-31,0.612308542660168
2022-09-01,0.7983821745374138
2022-09-02,0.8356371062683645
2022-09-05,0.33185352643389276
2022-09-06,0.48980429443527057
2022-09-07,0.7189266814111926
2022-09-08,0.9354281635987991
2022-09-09,0.666721826691258
2022-09-12,0.4509744878886424
2022-09-13,1.7596510225255462
2022-09-14,0.6052494341718773
2022-09-15,0.6625926076553466
2022-09-16,0.6254538865713791
2022-09-19,0.4022053911549913
2022-09-20,0.5302140165179317
2022-09-21,1.560972893152977
2022-09-22,1.1322398047955347
2022-09-23,0.8047539664417527
2022-09-26,1.8671030603546472
2022-09-27,0.8889601379625393
2022-09-28,1.787936990001781
2022-09-29,1.3730926953879494
2022-09-30,1.099361644620386
2022-10-03,1.04289785279205
2022-10-04,1.5710659634313977
2022-10-05,1.3734455446726404
2022-10-06,1.090635304824174
2022-10-07,1.0956748795508502
2022-10-10,0.8436854946804538
2022-10-11,1.2053499628913578
2022-10-12,1.2085078176746917
2022-10-13,4.014008527431694
2022-10-14,1.5126634520699376
2022-10-17,0.8724023009793695
2022-10-18,1.1216573246730022
2022-10-19,0.7162442535224681
2022-10-20,1.2979385684880689
2022-10-21,2.3958920208529513
2022-10-24,1.8356124624852874
2022-10-25,0.8363054931445598
2022-10-26,1.0773541214658178
2022-10-27,1.1141105207799364
2022-10-28,0.8260105387666373
2022-10-31,0.7860261450230753
2022-11-01,1.2367972652697614
2022-11-02,2.225483876364776
2022-11-03,0.8929784663537346
2022-11-04,1.3400830775190553
2022-11-07,1.0509340994621443
2022-11-08,0.8184323953217587
2022-11-09,1.1788903628183398
2022-11-10,4.466964238101782
2022-11-11,1.3500475455291379
2022-11-14,0.9491329843376093
2022-11-15,2.1337127899973045
2022-11-16,1.0250419851611747
2022-11-17,1.024806941291416
2022-11-18,0.6657465936935922
2022-11-21,0.6209618184673167
2022-11-22,0.3972491824624717
2022-11-23,0.8073214572501954
2022-11-24,0.37122228590868106
2022-11-25,0.4237001626051889
2022-11-28,0.7430217484648746
2022-11-29,0.9365043213331712
2022-11-30,1.3264445096936248
2022-12-01,1.0001489927788687
2022-12-02,1.3483080383172135
2022-12-05,0.7824155598348602
2022-12-06,0.6722895275838109
2022-12-07,0.7824058031577908
2022-12-08,0.3796928293450416
2022-12-09,0.6384944365039178
2022-12-12,0.4451997808701197
2022-12-13,1.466456942567137
2022-12-14,1.231717796300251
2022-12-15,0.7366020568022823
2022-12-16,0.6926754402025624
2022-12-19,0.41442709961601665
2022-12-20,1.2487676123378895
2022-12-21,0.4679765974306834
2022-12-22,0.47669787826658094
2022-12-23,0.5667295546803485
2022-12-26,0.6475793886323014
2022-12-27,0.43253969169291107
2022-12-28,0.4668050161614356
2022-12-29,0.3387516267825519
2022-12-30,0.6440358655218863
2023-01-03,1.1255530512636125
2023-01-04,1.1300563274757678
2023-01-05,1.1048384463002394
2023-01-06,1.625520298114648
2023-01-09,0.715137220945129
2023-01-10,0.7058296078700602
2023-01-11,0.5626731827256264
2023-01-12,1.8509533825944344
2023-01-13,0.7918165012041214
2023-01-16,0.4900297314991676
2023-01-17,0.658922831395997
2023-01-18,0.8552075015220433
2023-01-19,0.7686000172728807
2023-01-20,0.5621204801637745
2023-01-23,0.6393727307336997
2023-01-24,0.5195899143959002
2023-01-25,0.8234323053918903
2023-01-26,0.5279263254935479
2023-01-27,0.4613563363601451
2023-01-30,0.4775408914346612
2023-01-31,0.7343564268722023
2023-02-01,0.9415884777735627
2023-02-02,0.654922800911996
2023-02-03,1.4286871044055476
2023-02-06,0.598996490679404
2023-02-07,1.1398227503838303
2023-02-08,0.5640939115663746
2023-02-09,0.48387120820196966
2023-02-10,0.5076844938705333
2023-02-13,0.3891318099358614
2023-02-14,1.3868813874119377
2023-02-15,0.6045951239315472
2023-02-16,0.8132059623844469
2023-02-17,0.6498185661894578
2023-02-20,0.23469077354526252
2023-02-21,0.6659710248013133
2023-02-22,0.5518009441385007
2023-02-23,0.428861421907485
2023-02-24,0.47663801421052193
2023-02-27,0.43883917715674653
2023-02-28,0.3727027581343571
2023-03-01,0.7686357888983406
2023-03-02,0.5367917140448878
2023-03-03,0.3954501366730483
2023-03-06,0.32086619954491274
2023-03-07,1.1439017211143656
2023-03-08,0.5155263885114985
2023-03-09,0.40588624044323884
2023-03-10,1.0597394179969784
2023-03-13,1.4879159477025472
2023-03-14,0.5744921160224606
2023-03-15,0.8607832792120496
2023-03-16,0.7742738793831654
2023-03-17,0.4817194939127422
2023-03-20,0.5774959841435368
2023-03-21,0.36761808276861935
2023-03-22,1.2510691602057897
2023-03-23,0.4888367833630239
2023-03-24,0.4959199691924741
2023-03-27,0.3979927800916998
2023-03-28,0.2915366913587952
2023-03-29,0.3688769114830365
2023-03-30,0.3298366442277711
2023-03-31,0.5234311030128908
2023-04-03,0.43149641570212927
2023-04-04,0.5613015803454453
2023-04-05,0.5322665837202515
2023-04-06,0.2599703135114542
2023-04-07,0.45173341317887744
2023-04-10,0.2319209128127991
2023-04-11,0.3757792581544401
2023-04-12,0.8588473015027226
2023-04-13,0.4652064514871513
2023-04-14,0.5749408596831831
2023-04-17,0.2615221778755857
2023-04-18,0.3226618622075616
2023-04-19,0.31248058858678185
2023-04-20,0.30090275437023334
2023-04-21,0.38297273974618967
2023-04-24,0.22346950837552165
2023-04-25,0.23829828630092628
2023-04-26,0.35732289031655584
2023-04-27,0.3018005153405037
2023-04-28,0.348892642623789
2023-05-01,0.23674799052462975
2023-05-02,1.233943768905705
2023-05-03,0.44598060502985637
2023-05-04,0.4823985959637462
2023-05-05,0.31788878322581304
2023-05-08,0.19517807054720826
2023-05-09,0.18363554834460566
2023-05-10,0.5317983370470384
2023-05-11,0.42761061986218735
2023-05-12,0.24983682623000256
2023-05-15,0.2209053025719686
2023-05-16,0.4462550661245557
2023-05-17,0.3358497410921953
2023-05-18,0.5285829428610511
2023-05-19,0.4505433111634788
2023-05-22,0.26758655022691696
2023-05-23,0.2543661350900549
2023-05-24,0.43639064019421386
2023-05-25,0.3259196597417921
2023-05-26,0.4236422723695091
2023-05-29,0.1432239605290167
2023-05-30,0.34085008987902365
2023-05-31,0.5937781654651951
2023-06-01,0.39137007331697765
2023-06-02,0.4130695696372487
2023-06-05,0.4340906481954733
2023-06-06,0.7401453378563176
2023-06-07,0.3218988809327117
2023-06-08,0.24535157065163607
2023-06-09,0.22212675635579285
2023-06-12,0.23319559251981842
2023-06-13,0.4414848655155212
2023-06-14,0.9473037404452431
2023-06-15,0.5309117376077895
2023-06-16,0.37441345060649356
2023-06-19,0.29998487548449015
2023-06-20,0.5106493771193057
2023-06-21,0.3328592340919481
2023-06-22,0.38694609258402385
2023-06-23,0.3559036146386944
2023-06-26,0.21318463252021908
2023-06-27,0.4643273224971647
2023-06-28,0.5560992517811092
2023-06-29,0.40230703955337016
2023-06-30,0.35900408806120165
2023-07-03,0.3809999027502987
2023-07-04,0.4725335514533363
2023-07-05,0.2708830105420596
2023-07-06,0.5647730529556605
2023-07-07,0.61223424946095
2023-07-10,0.3578409259849812
2023-07-11,0.3254667445872355
2023-07-12,1.1319500598508023
2023-07-13,0.5982599965449547
2023-07-14,0.404376355665414
2023-07-17,0.3096995172752678
2023-07-18,0.5075105431242182
2023-07-19,0.4140269888249778
2023-07-20,0.7162885096246251
2023-07-21,0.2963260808489699
2023-07-24,0.3767961679083632
2023-07-25,0.361068860657805
2023-07-26,0.8690394487435082
2023-07-27,0.6840616231488811
2023-07-28,0.6655565039972807
2023-07-31,0.3261256586857665
2023-08-01,0.6784208871450293
2023-08-02,0.5434048262340447
2023-08-03,0.4887521990569993
2023-08-04,0.6765771315705172
2023-08-07,0.38648262695619295
2023-08-08,0.41739375975526904
2023-08-09,0.39175995090097615
2023-08-10,0.48427881566194025
2023-08-11,0.4188754949197234
2023-08-14,0.398833331714948
2023-08-15,0.8106527733587183
2023-08-16,0.5394957887949503
2023-08-17,0.6909885392120837
2023-08-18,0.39038558356809144
2023-08-21,0.2913000294698653
2023-08-22,0.3925183381067227
2023-08-23,0.4123347251980896
2023-08-24,0.2991676052257253
2023-08-25,0.7582728129094699
2023-08-28,0.23794903453013366
2023-08-29,0.6274615791695073
2023-08-30,0.609440179138728
2023-08-31,0.44577062085028346
2023-09-01,1.0584753322827616
2023-09-04,0.20037900291500213
2023-09-05,0.459190620818368
2023-09-06,0.5522651281421714
2023-09-07,0.43491057580933806
2023-09-08,0.3089515975042017
2023-09-11,0.2832191141067685
2023-09-12,0.27359882781800604
2023-09-13,0.34978938337217985
2023-09-14,0.5059963008698798
2023-09-15,0.3564495752415759
2023-09-18,0.23240376863319248
2023-09-19,0.19380612415821485
2023-09-20,0.5453699629267447
2023-09-21,0.33909293300703963
2023-09-22,0.3243582070549001
2023-09-25,0.2538098785117353
2023-09-26,0.3039057163198374
2023-09-27,0.41200227548185747
2023-09-28,0.48498221068499553
2023-09-29,0.44971217197025243
2023-10-02,0.33744112839821233
2023-10-03,0.6693410108335325
2023-10-04,0.5572378022347522
2023-10-05,0.4581365563461282
2023-10-06,0.9997445486370304
2023-10-09,0.3762927843297536
2023-10-10,0.42044860276076734
2023-10-11,0.3603160514247358
2023-10-12,0.4222210591132137
2023-10-13,0.2899482459499867
2023-10-16,0.24538198237928455
2023-10-17,0.46064816056373165
2023-10-18,0.3045214514801002
2023-10-19,0.5624053008562546
2023-10-20,0.25606642131679114
2023-10-23,0.30621286881501636
2023-10-24,0.3232658403618613
2023-10-25,0.5189355197518188
2023-10-26,0.501260096559357
2023-10-27,0.31713424372050253
2023-10-30,0.23611116636173585
2023-10-31,0.38125091849210446
2023-11-01,0.6190971274267231
2023-11-02,0.3490028450008889
2023-11-03,0.724028924017438
2023-11-06,0.24572587581343208
2023-11-07,0.514260914254588
2023-11-08,0.3122790360711138
2023-11-09,0.4282031382745577
2023-11-10,0.2873128984818319
2023-11-13,0.2055804938281187
2023-11-14,1.298818988153064
2023-11-15,0.47512882038863524
2023-11-16,0.559619532925123
2023-11-17,0.37078560428597257
2023-11-20,0.4446934565537125
2023-11-21,0.4003709527140049
2023-11-22,0.41079850381212074
2023-11-23,0.17514740941586482
2023-11-24,0.16929963015995794
2023-11-27,0.27767494830781536
2023-11-28,0.40448410839970717
2023-11-29,0.5338275590369701
2023-11-30,0.6431027901278659
2023-12-01,0.3815854425827353
2023-12-04,0.3620593587853359
2023-12-05,0.6869510443522011
2023-12-06,0.2865279712209533
2023-12-07,0.3730456008783611
2023-12-08,0.7054698693303628
2023-12-11,0.260071711087729
2023-12-12,0.31156963201971855
2023-12-13,1.0345519557061356
2023-12-14,0.7250984947407603
2023-12-15,0.5082802354122289
2023-12-18,0.2752556213806726
2023-12-19,0.2683885787682237
2023-12-20,0.2886358134938907
2023-12-21,0.3463494340925756
2023-12-22,0.3175833353120578
2023-12-26,0.1937196384087501
2023-12-27,0.1947565348200652
2023-12-28,0.31945787640916723
2023-12-29,0.3109583663757867
2024-01-02,0.3604675882614498
2024-01-03,0.484032105804983
2024-01-04,0.2948792320774786
2024-01-05,0.9103067444418318
2024-01-08,0.3642565922311011
2024-01-09,0.29876802409215075
2024-01-10,0.19243701210240904
2024-01-11,0.5755899033031681
2024-01-12,0.5091948447425559
2024-01-15,0.15624980851305897
2024-01-16,0.4636632046034299
2024-01-17,0.30551058217854155
2024-01-18,0.3294742346721492
2024-01-19,0.30438793983673146
2024-01-22,0.29373395833242505
2024-01-23,0.3034930540631195
2024-01-24,0.4618543392281857
2024-01-25,0.31395299963186224
2024-01-26,0.23719585394941467
2024-01-29,0.2207365467988031
2024-01-30,0.2253853736619859
2024-01-31,0.7641025255951619
2024-02-01,0.38095787996894837
2024-02-02,0.836786596692022
2024-02-05,0.3414573147043841
2024-02-06,0.31790811841878663
2024-02-07,0.1909978915638963
2024-02-08,0.177956725330834
2024-02-09,0.19964488673540248
2024-02-12,0.12667324827819115
2024-02-13,0.8357679943260091
2024-02-14,0.18982479211028433
2024-02-15,0.23033967480105963
2024-02-16,0.24404802891683489
2024-02-19,0.07648774943642403
2024-02-20,0.2066827918750117
2024-02-21,0.18106176675211974
2024-02-22,0.20456849032733954
2024-02-23,0.15662115176829297
2024-02-26,0.16465480532985471
2024-02-27,0.15587370784328478
2024-02-28,0.18278112855293382
2024-02-29,0.2540288962577314
2024-03-01,0.22227428640254712
2024-03-04,0.12772982798529642
2024-03-05,0.22932842345455554
2024-03-06,0.20788527880313232
2024-03-07,0.22692257781349764
2024-03-08,0.31230780033675687
2024-03-11,0.16642155817486168
2024-03-12,0.3578155763016628
2024-03-13,0.1235004531470386
2024-03-14,0.28682967756985267
2024-03-15,0.19649603904422774
2024-03-18,0.1104112517752294
2024-03-19,0.2185872904297606
2024-03-20,0.4757805602989209
2024-03-21,0.33243971569093533
2024-03-22,0.22513097259327305
2024-03-25,0.2004831679674639
2024-03-26,0.14235792755938567
2024-03-27,0.16347224987875691
2024-03-28,0.22611276294135954
2024-04-01,0.2231072963218574
2024-04-02,0.17610581840014716
2024-04-03,0.22939833006570176
2024-04-04,0.18844319006662488
2024-04-05,0.48298286295538717
2024-04-08,0.2016479172245308
2024-04-09,0.18340756290548732
2024-04-10,1.263087114825866
2024-04-11,0.4226821636473099
2024-04-12,0.23662558757845997
2024-04-15,0.35199524597591225
2024-04-16,0.4137725637653062
2024-04-17,0.30605493379575155
2024-04-18,0.27931372422611483
2024-04-19,0.5392808652684552
2024-04-22,0.20384876652480624
2024-04-23,0.2610925095172928
2024-04-24,0.3311202746018757
2024-04-25,0.3104204969085646
2024-04-26,0.2688255743802778
2024-04-29,0.279907839707956
2024-04-30,0.36835164463094233
2024-05-01,0.45301431633244627
2024-05-02,0.3386855804234069
2024-05-03,1.017019545814878
2024-05-06,0.16906546518364804
2024-05-07,0.27756307381953904
2024-05-08,0.11527418574342616
2024-05-09,0.18931791727686867
2024-05-10,0.1491640731575561
2024-05-13,0.14138351460661522
2024-05-14,0.16935336619928387
2024-05-15,0.581811070105721
2024-05-16,0.2775496244652957
2024-05-17,0.1827672140761712
2024-05-20,0.1687457440555919
2024-05-21,0.24638093642009049
2024-05-22,0.22970728684114977
2024-05-23,0.2832962682344829
2024-05-24,0.14993193081751802
2024-05-27,0.07724571771619333
2024-05-28,0.17609018707594606
2024-05-29,0.20415987436063718
2024-05-30,0.22734730959976862
2024-05-31,0.25340157704184724
2024-06-03,0.25150555778320943
2024-06-04,0.31091344260061055
2024-06-05,0.2430886687112112
2024-06-06,0.17253227943751726
2024-06-07,0.6099338553722952
2024-06-10,0.11602308465659761
2024-06-11,0.15319444483551428
2024-06-12,1.4452687138604663
2024-06-13,0.40729417439384674
2024-06-14,0.271193586291783
2024-06-17,0.23422602849885193
2024-06-18,0.2696879896299793
2024-06-19,0.083472267824997
2024-06-20,0.17428605844523024
2024-06-21,0.1916813367410204
2024-06-24,0.13916681810869388
2024-06-25,0.15605507781952485
2024-06-26,0.3555253240784615
2024-06-27,0.19845417896076512
2024-06-28,0.29216741783637273
2024-07-01,0.22958548715687746
2024-07-02,0.2005765508342582
2024-07-03,0.3044403968711705
2024-07-04,0.09007573783474947
2024-07-05,0.28000320796509687
2024-07-08,0.13321694414524413
2024-07-09,0.14495323495229026
2024-07-10,0.10841436636191543
2024-07-11,0.5813073440443973
2024-07-12,0.20512474297621286
2024-07-15,0.17314214238041373
2024-07-16,0.18371317184557676
2024-07-17,0.17174568603465193
2024-07-18,0.18784462443991648
2024-07-19,0.1244292654867606
2024-07-22,0.16858393096184707
2024-07-23,0.11773416666325273
2024-07-24,0.20498592211760938
2024-07-25,0.31815972232838385
2024-07-26,0.14193378557885816
2024-07-29,0.16210070166646104
2024-07-30,0.14407894580370972
2024-07-31,0.8194411435648986
2024-08-01,0.3744466329743164
2024-08-02,0.5292050366756598
2024-08-05,2.2497585482671254
2024-08-06,0.7433193351018639
2024-08-07,0.5738674279842891
2024-08-08,0.49009178899836925
2024-08-09,0.22723175989624833
2024-08-12,0.2021065760643263
2024-08-13,0.24873099062091653
2024-08-14,0.27944155726787345
2024-08-15,0.4272215458390043
2024-08-16,0.1604252591778534
2024-08-19,0.22067530913634018
2024-08-20,0.17582108248614486
2024-08-21,0.2384154615938174
2024-08-22,0.1925970289745462
2024-08-23,0.49014424576631477
2024-08-26,0.1430135449253787
2024-08-27,0.15580411365465624
2024-08-28,0.2873468683216642
2024-08-29,0.2679235466496798
2024-08-30,0.2125855042891628
2024-09-02,0.15729874434150667
2024-09-03,0.2399986819904458
2024-09-04,0.26420856322945213
2024-09-05,0.18430764735334015
2024-09-06,0.6336292966940434
2024-09-09,0.2032079658911001
2024-09-10,0.1998801466439574
2024-09-11,0.35516079837316716
2024-09-12,0.2687636967090897
2024-09-13,0.1759311108392561
2024-09-16,0.12845780961950468
2024-09-17,0.19661539868169886
2024-09-18,0.743985843960388
2024-09-19,0.5073985584306971
2024-09-20,0.2976397624028748
2024-09-23,0.22156431700332635
2024-09-24,0.46193667600423577
2024-09-25,0.29922340296577493
2024-09-26,0.4142694885425458
2024-09-27,0.41331875753155034
2024-09-30,0.4321985686395563
2024-10-01,0.6895575840280185
2024-10-02,0.31199264751341144
2024-10-03,0.327865366991842
2024-10-04,0.6607830278683945
2024-10-07,0.2955566462171644
2024-10-08,0.4541886063211537
2024-10-09,0.40632276409936124
2024-10-10,0.46978778354660544
2024-10-11,0.2356656843212697
2024-10-14,0.40626930172541637
2024-10-15,0.2667617275905289
2024-10-16,0.23608633644096058
2024-10-17,0.35351488406553555
2024-10-18,0.17097365290834243
2024-10-21,0.21786645409021005
2024-10-22,0.18046499044728045
2024-10-23,0.1811362429220866
2024-10-24,0.15862221156806763
2024-10-25,0.17086705126556692
2024-10-28,0.17854982465784083
2024-10-29,0.24971087299025496
2024-10-30,0.2670803251321055
2024-10-31,0.20264458292182913
2024-11-01,0.30831596963900176
2024-11-04,0.29930935219351557
2024-11-05,0.1585926473172039
2024-11-06,0.9895131263750726
2024-11-07,0.5338943893988183
2024-11-08,0.4894791766127413
2024-11-11,0.2837167240638044
2024-11-12,0.3797420137960311
2024-11-13,0.46957705949198236
2024-11-14,0.545972239648111
2024-11-15,0.33306673177239365
2024-11-18,0.25464533337906864
2024-11-19,0.298736755542881
2024-11-20,0.2022033432376998
2024-11-21,0.30418865872971634
2024-11-22,0.4063698477517458
2024-11-25,0.34924645920382236
2024-11-26,0.7747304215901327
2024-11-27,0.3272875045039516
2024-11-28,0.24901161244662304
2024-11-29,0.3633417893936894
2024-12-02,0.3250322252435222
2024-12-03,0.300485537311464
2024-12-04,0.41708682211703446
2024-12-05,0.25558979425567746
2024-12-06,0.5343499923828641
2024-12-09,0.32467167861126184
2024-12-10,0.4179641848183322
2024-12-11,0.5457774035889348
2024-12-12,0.5928442415260673
2024-12-13,0.2293643982819522
2024-12-16,0.20412466172172403
2024-12-18,0.6704570768072932
2024-12-19,0.3819761911994029
2024-12-20,0.354768499048682
2024-12-23,0.23757174135909648
2024-12-24,0.2595481648752678
2024-12-26,0.18264891458774732
2024-12-27,0.22435372129369635
2024-12-30,0.28280909791058545
2024-12-31,0.2763758152410388
2025-01-02,0.32651279056639404
2025-01-03,0.23968650759405905
2025-01-06,0.8473031838497335
2025-01-07,0.3724347093827207
2025-01-08,0.452530415995265
2025-01-09,0.21876632616704814
2025-01-10,0.9023422164273501
2025-01-13,0.32392014077557363
2025-01-14,0.4519438264995009
2025-01-15,0.5325963819700616
2025-01-16,0.40907147785316184
2025-01-17,0.41227580769560407
2025-01-20,1.5084343690903188
2025-01-21,0.7826672672812071
2025-01-22,0.2913041011937821
2025-01-23,0.23050144487073887
2025-01-24,0.38102846245461003
2025-01-27,0.2870629767056861
2025-01-28,0.3685346163514491
2025-01-29,0.4047111439753733
2025-01-30,0.4996275144611524
2025-01-31,0.5123708368975772
2025-02-03,1.4829226821054429
2025-02-04,0.39703576458950485
2025-02-05,0.26316333716779644
2025-02-06,0.2029302042192852
2025-02-07,0.5977523244755016
2025-02-10,0.2055355501924147
2025-02-11,0.1949056158448651
2025-02-12,0.4598292981029011
2025-02-13,0.4051597349162582
2025-02-14,0.24775786337303968
2025-02-17,0.15430465938779903
2025-02-18,0.3953235482382529
2025-02-19,0.23177717171789902
2025-02-20,0.3126087710359623
2025-02-21,0.23137922078233694
2025-02-24,0.27294894566816436
2025-02-25,0.21221896712242627
2025-02-26,0.2863813290198085
2025-02-27,0.33642299048449253
2025-02-28,0.2764637619030028
2025-03-03,0.2962447185781278
2025-03-04,0.5364030528949334
2025-03-05,0.48524014184393444
2025-03-06,0.39956194261671185
2025-03-07,0.48819760081031555
2025-03-10,0.34530479973466593
2025-03-11,0.4733591217241106
2025-03-12,0.3902451273642229
2025-03-13,0.2752268610181807
2025-03-14,0.2531970615212999
2025-03-17,0.18068132706211737
2025-03-18,0.17016060630141258
2025-03-19,0.3580325622589565
2025-03-20,0.36729799123945656
2025-03-21,0.20911791423031142
2025-03-24,0.2773444042506822
2025-03-25,0.1954623027456531
2025-03-26,0.2876916800696213
2025-03-27,0.30407654477871543
2025-03-28,0.18415202231285685
2025-03-31,0.32872405315475844
2025-04-01,0.3484516313818153
2025-04-02,1.1551982573694914
2025-04-03,1.2507189016930629
2025-04-04,3.7977813639280793
2025-04-07,4.743369386016772
2025-04-08,1.7255934836930493
2025-04-09,4.016796001502478
2025-04-10,2.3297753089177453
2025-04-11,2.0007561825712434
2025-04-14,0.9468622523020267
2025-04-15,0.6386120925177176
2025-04-16,0.7476175049343219
2025-04-17,0.352331602243502
2025-04-18,0.29780183409598243
2025-04-21,0.4426575769196995
2025-04-22,0.6079329707176054
2025-04-23,0.7872896199327538
2025-04-24,0.4434567932681999
2025-04-25,0.3553167524552575
2025-04-28,0.41603714494329236
2025-04-29,0.46210620877569536
2025-04-30,0.4794619845599848
2025-05-01,0.4369702170714862
2025-05-02,0.6034665334697131
2025-05-05,0.39317987390856296
2025-05-06,0.3739557019874236
2025-05-07,0.7031571921489332
2025-05-08,0.48070484765073046
2025-05-09,0.3018816634097136
2025-05-12,0.6848303653736256
2025-05-13,0.3908642426596909
2025-05-14,0.4896029209690356
2025-05-15,0.44762810895642813
2025-05-16,0.3066397666567264
2025-05-19,0.25669997532906275
2025-05-20,0.30454836797282686
2025-05-21,0.3267914842943377
2025-05-22,0.2684592001521979
2025-05-23,0.3593944102876578
2025-05-26,0.2188833470132513
2025-05-27,0.32647174704421483
2025-05-28,0.36830067955953616
2025-05-29,0.5940990974390675
2025-05-30,0.4053904784722423
2025-06-02,0.28369093345470253
2025-06-03,0.31869395249797683
2025-06-04,0.29484609734865663
2025-06-05,0.2396492693961254
2025-06-06,0.34635379986947273
2025-06-09,0.17003447975616937
2025-06-10,0.3143528473255767
2025-06-11,0.5782935313932117
2025-06-12,0.37791097254438877
2025-06-13,0.9556847504898741
2025-06-16,0.34041317346117833
2025-06-17,0.43821544990008027
2025-06-18,0.4837448374154394
2025-06-19,0.39775719928098235
2025-06-20,0.3060943296743198
2025-06-23,0.5641520606993051
2025-06-24,0.43216158412805716
2025-06-25,0.25406130376562314
2025-06-26,0.3521018744771929
2025-06-27,0.3043972439551924
2025-06-30,0.22639802009779367
2025-07-01,0.27396998078971696
2025-07-02,0.3438984020716158
2025-07-03,0.5438513601542722
2025-07-04,0.1690586418657875
2025-07-07,0.34412104360739454
2025-07-08,0.6702268966429284
2025-07-09,0.3366406198239391
2025-07-10,0.18257223462515512
2025-07-11,0.43840977477162163
2025-07-14,0.22351783707938072
2025-07-15,0.3944156353209443
2025-07-16,0.3923792724508405
2025-07-17,0.35653489559022356
2025-07-18,0.1630181491246283
2025-07-21,0.19778695367602642
2025-07-22,0.16831429391376448
2025-07-23,0.2306044097328594
2025-07-24,0.2011238181405737
2025-07-25,0.18932360395925052
2025-07-28,0.258360288615011
2025-07-29,0.2281327384581008
2025-07-30,0.3461529890959187
2025-07-31,0.255672624097665
2025-08-01,1.1116639354536657
2025-08-04,0.2954736839924126
2025-08-05,0.29727002689136056
2025-08-06,0.16984614612140006
2025-08-07,0.2360446398817789
2025-08-08,0.17681701126088734
2025-08-11,0.12933118894024118
2025-08-12,0.3573530170402369
2025-08-13,0.16610778818561633
2025-08-14,0.32804237426490335
2025-08-15,0.14865028869157573
2025-08-18,0.11912435305150314
2025-08-19,0.1612743875076664
2025-08-20,0.2727119694907541
2025-08-21,0.21145369513711562
2025-08-22,0.5674698968930788
2025-08-25,0.1647120460833565
2025-08-26,0.19201306583237174
2025-08-27,0.18577133115489886
2025-08-28,0.13355198621744677
2025-08-29,0.14937851344662725
2025-09-01,0.11019079249827811
2025-09-02,0.29840362736565035
2025-09-03,0.30639482592809614
2025-09-04,0.1648610626000997
2025-09-05,0.3095122198304444
2025-09-08,0.16381535943064118
2025-09-09,0.1926427977345652
2025-09-10,0.29506047609635977
2025-09-11,0.22160979432603878
2025-09-12,0.15385055901003597
2025-09-15,0.2138033035426473
2025-09-16,0.1715820881674134
2025-09-17,0.6928179612569267
2025-09-18,0.3243433103632983
2025-09-19,0.2013398965219427
2025-09-22,0.17588747428935764
2025-09-23,0.17554152825030248
2025-09-24,0.22685548877809752
2025-09-25,0.23603546094528882
2025-09-26,0.1700411995312589
2025-09-29,0.128099186836223
2025-09-30,0.3902962997579276
2025-10-01,0.2715683224062182
2025-10-02,0.16288142038042316
2025-10-03,0.12212150398009822
2025-10-06,0.1829154384488736
2025-10-07,0.16397866979301762
2025-10-08,0.15149254152205233
2025-10-09,0.3230590993279333
2025-10-10,0.4614687828940293
2025-10-13,0.3188447092810845
2025-10-14,0.37362562039511216
2025-10-15,0.2584251220098625
2025-10-16,0.6671005636387454
2025-10-17,0.38693769094137476
2025-10-20,0.17275861357844682
2025-10-21,0.21321889550089976
2025-10-22,0.2256011566989493
2025-10-23,0.1378182307792829
2025-10-24,0.29135414294239725
2025-10-27,0.1656827536084786
2025-10-28,0.1236210470358324
2025-10-29,0.8424222508783954
2025-10-30,0.31089963190071224
2025-10-31,0.1722753290831279
2025-11-03,0.16062122327341327
2025-11-04,0.26663387225202584
2025-11-05,0.24273605567886378
2025-11-06,0.27287301401359215
2025-11-07,0.2486526871242549
2025-11-10,0.1512695307011375
2025-11-11,0.09571403484183892
2025-11-12,0.14696991137244095
2025-11-13,0.39551582439208566
2025-11-14,0.2315124412768008
2025-11-17,0.1619523757767896
2025-11-18,0.24383928212309158
2025-11-19,0.24042633606316138
2025-11-20,0.3912686283759355
2025-11-21,0.40224381507777923
2025-11-24,0.22572648940654255
2025-11-25,0.3029417955755795
2025-11-26,0.2497877762201186
2025-11-27,0.09596539099537896
2025-11-28,0.12549878287478808
2025-12-01,0.23781183966571975
2025-12-02,0.15114433408608696
2025-12-03,0.2867688581108996
2025-12-04,0.13220053415089308
2025-12-05,0.12172887014485191
2025-12-08,0.13882926521947797
2025-12-09,0.24252643301734964
2025-12-10,0.3410861578885781
2025-12-11,0.30034560110835423
2025-12-12,0.21116683455397092
2025-12-15,0.18845169290438588
2025-12-16,0.33050820680377546
2025-12-17,0.18495413815674
2025-12-18,0.19087394398840205
2025-12-19,0.13285893140108784
2025-12-22,0.09915342491625805
2025-12-23,0.13325096085004637
2025-12-24,0.09383155715068624
2025-12-26,0.11139152351850182
2025-12-29,0.22233313442790323
2025-12-30,0.11748116994581326
2025-12-31,0.1715332557576904
2026-01-02,0.21455383565355973
2026-01-05,0.25763296099711025
2026-01-06,0.17592839618888703
2026-01-07,0.21069053066661914
2026-01-08,0.17422359958346795
2026-01-09,0.24790643338988225
2026-01-12,0.1719803622318399
2026-01-13,0.24724341873151243
2026-01-14,0.15789524304028665
2026-01-15,0.16796956628494797
2026-01-16,0.13441465193931768
2026-01-19,0.15863177320231528
2026-01-20,0.18512024862989418
2026-01-21,0.20387969231291936
2026-01-22,0.3208934941235399
2026-01-23,0.18459768107145283
2026-01-26,0.40797564077357434
2026-01-27,0.38411371228184127
2026-01-28,0.7987502090497625
2026-01-29,1.1465271874157443
2026-01-30,1.2995284398683824
2026-02-02,0.9610868969897389
2026-02-03,0.9493908635319861
2026-02-04,0.522309048054484
2026-02-05,0.6420729824956125
2026-02-06,0.36540024730114296
2026-02-09,0.3385848486725993
2026-02-10,0.2518257461693511
2026-02-11,0.715841072336976
2026-02-12,0.5509785990742516
2026-02-13,0.552759748166699
2026-02-16,0.18863031501247188
2026-02-17,0.3996450802634094
2026-02-18,0.25307331454847537
2026-02-19,0.42478551586984487
2026-02-20,0.39693457208950345
2026-02-23,0.3207995908921688
2026-02-24,0.2231431370205807
2026-02-25,0.230310894451106
2026-02-26,0.32439524728858493
2026-02-27,0.27862729418090715
2026-03-02,0.9694672119126202
2026-03-03,1.1468346726191878
2026-03-04,1.104127562568326
2026-03-05,1.0170472014834888
2026-03-06,0.9941487487083988
2026-03-09,1.0272382106977505
2026-03-10,0.7952600857072086
2026-03-11,0.5998104348786818
2026-03-12,0.6157737057440061
2026-03-13,0.5222532629706573
2026-03-16,0.35943400991654545
2026-03-17,0.4860197279281651
2026-03-18,0.4504526055850653
2026-03-19,0.9151563346457121
2026-03-20,0.5584780171069255
2026-03-23,3.4526433496071727
2026-03-24,1.3258034790704645
2026-03-25,0.49780585802065896
2026-03-26,0.4670955628958315
2026-03-27,0.43080750582825084
2026-03-30,0.38444973181728076
2026-03-31,0.7493515112824802
2026-04-01,0.5512681243471675
2026-04-02,0.6145708884134474
2026-04-03,0.15585142091959203
2026-04-06,0.21797249398522914
2026-04-07,0.4238195827225513
2026-04-08,0.966018243272587
2026-04-09,0.3127218397141578
2026-04-10,0.24474555149379795
2026-04-13,0.2778288520349999
2026-04-14,0.20914427632562194
2026-04-15,0.2551785700158369
2026-04-16,0.2211843527971248
2026-04-17,0.3647758676280335
2026-04-20,0.28970223863197003
2026-04-21,0.46698580225738373
2026-04-22,0.1523897251776463
2026-04-23,0.4239544295762724
2026-04-24,0.21746199915355302
2026-04-27,0.18524334522503932
2026-04-28,0.21038718275127788
2026-04-29,0.4089223589869841
2026-04-30,0.329740396090168
2026-05-01,0.19779141147633614
2026-05-04,0.32317629864939573
2026-05-05,0.2637849996737089
2026-05-06,0.4310244991033981
2026-05-07,0.27406121637343434
2026-05-08,0.23441326390843392
2026-05-11,0.13487762418986257
2026-05-12,0.18495480615507623
2026-05-13,0.1572201744044316
2026-05-14,0.20499797140634413
2026-05-15,0.3481181109937827
2026-05-18,0.4164596721288602
2026-05-19,0.3084860700707977
2026-05-20,0.44198889333119823
2026-05-21,0.5262556500205846
2026-05-22,0.2389386443929746
2026-05-25,0.12993731992379598
2026-05-26,0.13032470352084694
2026-05-27,0.28001018339345435
2026-05-28,0.26375542870551594
2026-05-29,0.1650925495560508
2026-06-01,0.22532584179209594
2026-06-02,0.11550311735718337
2026-06-03,0.15958650516393352
2026-06-04,0.13209128901520134
2026-06-05,0.2614088598045383
2026-06-08,0.34563111645307587
2026-06-09,0.2889312576610339
2026-06-10,0.34651797804804124
2026-06-11,0.45063680853107085
2026-06-12,0.33285922335729934
2026-06-15,0.24196727418746683
2026-06-16,0.16547729548300041
2026-06-17,0.4525336831315434
2026-06-18,0.25288316694217927
2026-06-19,0.17771314518257303
2026-06-22,0.17733090118311526
2026-06-23,0.17685160270083833
2026-06-24,0.20929788774468253
2026-06-25,0.34312684456510195
2026-06-26,0.24808335048608446
2026-06-29,0.14266918240412207
2026-06-30,0.1953253887014263
