date,RV
2012-01-12,0.22653479942988392
2012-01-13,0.3410563982855029
2012-01-16,0.21319206336923976
2012-01-17,0.22601606744244612
2012-01-18,0.2841993096577557
2012-01-19,0.19862682211691707
2012-01-20,0.2813998747377832
2012-01-23,0.2544463807485352
2012-01-24,0.3247800183965922
2012-01-25,0.2864782606955911
2012-01-26,0.23954036587071756
2012-01-27,0.33126851144430924
2012-01-30,0.19459979406209402
2012-01-31,0.24965224599918837
2012-02-01,0.32842930606793574
2012-02-02,0.3244112923956361
2012-02-03,0.24824296034599738
2012-02-06,0.24224453839563212
2012-02-07,0.2264218205422556
2012-02-08,0.2332471691476942
2012-02-09,0.29358874400414475
2012-02-10,0.19242585623887773
2012-02-13,0.1604117779108724
2012-02-14,0.16374604000434642
2012-02-15,0.22998603153602215
2012-02-16,0.2125325449094412
2012-02-17,0.15410563789607606
2012-02-20,0.19648420528347565
2012-02-21,0.3064513710570038
2012-02-22,0.3049078039954777
2012-02-23,0.16966533260725045
2012-02-24,0.16665138543306346
2012-02-27,0.15015981713421386
2012-02-28,0.14628843042723166
2012-02-29,0.3004793163527201
2012-03-01,0.1587051031886691
2012-03-02,0.15043853121773046
2012-03-05,0.2063499643394942
2012-03-06,0.16630402841839273
2012-03-07,0.10458461423831307
2012-03-08,0.18170422775484918
2012-03-09,0.2256194189062284
2012-03-12,0.19946492335816524
2012-03-13,0.21279786671178652
2012-03-14,0.1926762628980445
2012-03-15,0.21095455442893057
2012-03-16,0.19043544187773542
2012-03-19,0.14984045312761585
2012-03-20,0.15732358206082955
2012-03-21,0.2340117546607843
2012-03-22,0.16698107800194426
2012-03-23,0.1465867206240737
2012-03-26,0.18527133943124086
2012-03-27,0.1450848571802112
2012-03-28,0.1932285078644486
2012-03-29,0.14005427086207284
2012-03-30,0.21103282631008713
2012-04-02,0.17668430380260014
2012-04-03,0.16985494002044385
2012-04-04,0.20883415599625393
2012-04-05,0.15861347673024312
2012-04-06,0.15999751011424038
2012-04-10,0.1868232780448286
2012-04-11,0.139651536676935
2012-04-12,0.1461317325156789
2012-04-13,0.13509747999072944
2012-04-16,0.2130091324708617
2012-04-17,0.13464242745761745
2012-04-18,0.2606751106730669
2012-04-19,0.15115282906146282
2012-04-20,0.19908294155517098
2012-04-23,0.11060978989737398
2012-04-24,0.12441311795641899
2012-04-25,0.2843608578744148
2012-04-26,0.11806765976962694
2012-04-27,0.2132813853566181
2012-04-30,0.10265119440120452
2012-05-01,0.11507439280555244
2012-05-02,0.1532798944477542
2012-05-03,0.12871959790313584
2012-05-04,0.08306403409265112
2012-05-07,0.17332581990846013
2012-05-08,0.1153814143594606
2012-05-09,0.14991423535310988
2012-05-10,0.21217544700667545
2012-05-11,0.1318668520863148
2012-05-14,0.15520149712582507
2012-05-15,0.18223222668766845
2012-05-16,0.31567926861473233
2012-05-17,0.16704007579707889
2012-05-18,0.19607695431727745
2012-05-21,0.16827415462501769
2012-05-22,0.19148441000573127
2012-05-23,0.2658262881877602
2012-05-24,0.22708072037453955
2012-05-25,0.18235485823479794
2012-05-28,0.17019937547670314
2012-05-29,0.159704966479773
2012-05-30,0.2161045907712625
2012-05-31,0.16501329925278319
2012-06-01,0.38775677245109796
2012-06-05,0.16245726418305645
2012-06-06,0.24411149825265774
2012-06-07,0.35449516219178334
2012-06-08,0.17737001849855213
2012-06-11,0.22734109390764917
2012-06-12,0.213018453297134
2012-06-13,0.18180075993519415
2012-06-14,0.21083366532224806
2012-06-15,0.2358769238470215
2012-06-18,0.3006031258667909
2012-06-19,0.162733387741794
2012-06-20,0.24919944813334186
2012-06-21,0.20253139052437408
2012-06-22,0.15213317404896567
2012-06-25,0.11321719498103217
2012-06-26,0.14595904998563525
2012-06-27,0.08613758211388024
2012-06-28,0.15222546532181647
2012-06-29,0.532682571856329
2012-07-02,0.26820128936582854
2012-07-03,0.14487484533721853
2012-07-04,0.1267635016623211
2012-07-05,0.24644327234158217
2012-07-06,0.12127087268080905
2012-07-09,0.1621689988869373
2012-07-10,0.09387999034932011
2012-07-11,0.11730523729322609
2012-07-12,0.12939605059469364
2012-07-13,0.23768103720825295
2012-07-16,0.121530659677756
2012-07-17,0.18009500741729917
2012-07-18,0.17914547035868855
2012-07-19,0.14878868258806716
2012-07-20,0.14501351917439279
2012-07-23,0.15731691466419512
2012-07-24,0.11997491662293591
2012-07-25,0.33582345394860885
2012-07-26,0.2187553971015819
2012-07-27,0.3859385848582844
2012-07-30,0.15870707853125074
2012-07-31,0.16777333704046576
2012-08-01,0.21764247273716866
2012-08-02,0.50306961638472
2012-08-03,0.22389671002259473
2012-08-06,0.19184467292842644
2012-08-07,0.10417048586062097
2012-08-08,0.23061713084387572
2012-08-09,0.14742249748791708
2012-08-10,0.11535025691753435
2012-08-13,0.09397955170572411
2012-08-14,0.11984112525999374
2012-08-15,0.14616455891640048
2012-08-16,0.1103278192684253
2012-08-17,0.12331304807926168
2012-08-20,0.10555716065343397
2012-08-21,0.1607706639229944
2012-08-22,0.13275396843495146
2012-08-23,0.1319896056378474
2012-08-24,0.16429781307494626
2012-08-27,0.08002294969469653
2012-08-28,0.10893135436519662
2012-08-29,0.07785147575963716
2012-08-30,0.086803503958115
2012-08-31,0.16502298479496336
2012-09-03,0.13661005789928748
2012-09-04,0.11597680923219432
2012-09-05,0.11204242602553369
2012-09-06,0.2120633352532929
2012-09-07,0.22157361243449186
2012-09-10,0.11902626829823998
2012-09-11,0.12691806123395682
2012-09-12,0.19443055671814138
2012-09-13,0.16156871729741443
2012-09-14,0.1866356895512441
2012-09-17,0.17525438734009052
2012-09-18,0.1396707952359836
2012-09-19,0.13478941001446174
2012-09-20,0.13409328537105716
2012-09-21,0.1861710100945133
2012-09-24,0.1578000568393295
2012-09-25,0.14392678434470862
2012-09-26,0.12998412555512023
2012-09-27,0.17797588768514855
2012-09-28,0.19421940374661065
2012-10-01,0.1389240425952726
2012-10-02,0.096650268503103
2012-10-03,0.13805049096578806
2012-10-04,0.12233295636803039
2012-10-05,0.11799798911780013
2012-10-08,0.1291188012394237
2012-10-09,0.11099006218408194
2012-10-10,0.11051475588297685
2012-10-11,0.11618746986224997
2012-10-12,0.11660516624978051
2012-10-15,0.0891254880234712
2012-10-16,0.09040489700765966
2012-10-17,0.15820571971942413
2012-10-18,0.10075295235997002
2012-10-19,0.09955198007235092
2012-10-22,0.10598397961070873
2012-10-23,0.08882656413767603
2012-10-24,0.12367573570553278
2012-10-25,0.14815689471724613
2012-10-26,0.10251812448929869
2012-10-29,0.0943433527803061
2012-10-30,0.0803880218797904
2012-10-31,0.07108693132354743
2012-11-01,0.10010423698820933
2012-11-02,0.11546490351804017
2012-11-05,0.10820635710096399
2012-11-06,0.11863236332239219
2012-11-07,0.1850835590936874
2012-11-08,0.17139751625362387
2012-11-09,0.1131216923360741
2012-11-12,0.08199440033880342
2012-11-13,0.14564078569923544
2012-11-14,0.12523038688050986
2012-11-15,0.11222848342016133
2012-11-16,0.09793093126366859
2012-11-19,0.09365318388116568
2012-11-20,0.1600843447207409
2012-11-21,0.1391675398531548
2012-11-22,0.12216204624399549
2012-11-23,0.10312492954629428
2012-11-26,0.10397374467983282
2012-11-27,0.16554431088137284
2012-11-28,0.08261241711762253
2012-11-29,0.10661646451403532
2012-11-30,0.16628127106119242
2012-12-03,0.09102559747973457
2012-12-04,0.08927960784135604
2012-12-05,0.08185868214336382
2012-12-06,0.1383426830810242
2012-12-07,0.17067937969737407
2012-12-10,0.08335042831835775
2012-12-11,0.10700498637454657
2012-12-12,0.08408609969585008
2012-12-13,0.15668539499633555
2012-12-14,0.12064138688760184
2012-12-17,0.12954427990963274
2012-12-18,0.0723039898950724
2012-12-19,0.09763950939086889
2012-12-20,0.1791458878860984
2012-12-21,0.16214955952546492
2012-12-24,0.08207782533935497
2012-12-25,0.021277968403025663
2012-12-26,0.10813935591721979
2012-12-27,0.15496440960098015
2012-12-28,0.14990052154363473
2012-12-31,0.32243016122003393
2013-01-01,0.0
2013-01-02,0.3648501844715803
2013-01-03,0.19478109233223623
2013-01-04,0.15877911665108926
2013-01-07,0.131724857435951
2013-01-08,0.09181871199231546
2013-01-09,0.09951836071427521
2013-01-10,0.1579310697447489
2013-01-11,0.17348693487998426
2013-01-14,0.15549932805330427
2013-01-15,0.24224233526627229
2013-01-16,0.169984755660078
2013-01-17,0.15150691941716246
2013-01-18,0.2566342068992371
2013-01-21,0.12472986583091335
2013-01-22,0.3159304140463047
2013-01-23,0.18541397685912275
2013-01-24,0.24487915732391657
2013-01-25,0.39389824402696383
2013-01-28,0.19321955238512636
2013-01-29,0.15054204052325376
2013-01-30,0.14216915703870495
2013-01-31,0.18421550555563698
2013-02-01,0.34902842593684724
2013-02-04,0.22463214518345004
2013-02-05,0.39641966960934133
2013-02-06,0.32319293640032376
2013-02-07,0.6764071352729792
2013-02-08,0.5156944431872084
2013-02-11,0.28117066132461793
2013-02-12,0.357264121891967
2013-02-13,0.41971700755224134
2013-02-14,0.3024203486258336
2013-02-15,0.4592533657410898
2013-02-18,0.17916598311895748
2013-02-19,0.19110999049485844
2013-02-20,0.6115092667067107
2013-02-21,0.4769377154918635
2013-02-22,0.4759934494093256
2013-02-25,0.7587988499660911
2013-02-26,0.5933273167596359
2013-02-28,0.2922911929958848
2013-03-01,0.4852427573003704
2013-03-04,0.23852381263253394
2013-03-05,0.24538385060381432
2013-03-06,0.14949961577032003
2013-03-07,0.453334987417743
2013-03-08,0.34196990677448247
2013-03-11,0.16357230117808863
2013-03-12,0.3491241559941218
2013-03-13,0.21256958535009848
2013-03-14,0.22522960847437384
2013-03-15,0.23057892313759867
2013-03-18,0.3531956449189273
2013-03-19,0.49344696959235285
2013-03-20,0.6470806357126889
2013-03-21,0.30744641053387567
2013-03-22,0.23709669651924115
2013-03-25,0.43282551382214374
2013-03-26,0.23730126639861684
2013-03-27,0.1777218036120301
2013-03-28,0.2672861558892169
2013-03-29,0.1526049699840451
2013-04-01,0.11991556889701999
2013-04-02,0.17359114323357014
2013-04-03,0.1243371005713368
2013-04-04,0.4260742007479707
2013-04-05,0.22574114864995173
2013-04-08,0.19870100444446934
2013-04-09,0.23261519168830627
2013-04-10,0.19337176841346787
2013-04-11,0.13877215537559945
2013-04-12,0.16822619318391346
2013-04-15,0.15408830745351118
2013-04-16,0.22972911851307776
2013-04-17,0.32138446159885387
2013-04-18,0.17157455740573002
2013-04-19,0.23615062291523414
2013-04-22,0.14895512695037422
2013-04-23,0.29598289583528214
2013-04-24,0.20472644767093742
2013-04-25,0.6059473193786367
2013-04-26,0.17576025430527825
2013-04-29,0.15073338047590548
2013-04-30,0.18752351472940462
2013-05-01,0.18029841699994784
2013-05-02,0.43184265157277446
2013-05-03,0.31175747800832965
2013-05-06,0.12118591162929739
2013-05-07,0.1562008985250865
2013-05-08,0.12969551018538386
2013-05-09,0.17090613697891388
2013-05-10,0.19930104074322408
2013-05-13,0.15768409759168764
2013-05-14,0.21580529983309554
2013-05-15,0.2292195819315388
2013-05-16,0.16351988388514288
2013-05-17,0.14028582191691635
2013-05-20,0.10729571311443488
2013-05-21,0.14969866681940935
2013-05-22,0.3471125103437589
2013-05-23,0.22907338473398936
2013-05-24,0.17978661444058644
2013-05-27,0.058854017942475835
2013-05-28,0.09017413975288917
2013-05-29,0.17482603645170672
2013-05-30,0.12044206143405116
2013-05-31,0.19529793121149913
2013-06-03,0.17621067595821585
2013-06-04,0.1220761797816017
2013-06-05,0.14810251162291607
2013-06-06,0.23099837974891813
2013-06-07,0.25466798400799684
2013-06-10,0.1365401580185098
2013-06-11,0.1818030278368355
2013-06-12,0.1502238385154684
2013-06-13,0.22049988760929196
2013-06-14,0.17385684693776854
2013-06-17,0.09142056936532604
2013-06-18,0.20754551979272787
2013-06-19,0.21119068105989103
2013-06-20,0.2427896142505361
2013-06-21,0.1855404513754683
2013-06-24,0.23500774957301243
2013-06-25,0.19132843453333367
2013-06-26,0.12011349253370214
2013-06-27,0.22944826746358413
2013-06-28,0.22663242755847368
2013-07-01,0.2125215088651693
2013-07-02,0.1271803570227676
2013-07-03,0.3178405861320678
2013-07-04,0.9098716999969056
2013-07-05,0.21698678230288512
2013-07-08,0.1020852725480562
2013-07-09,0.3581485089879937
2013-07-10,0.2301693570345783
2013-07-11,0.5244787885497364
2013-07-12,0.17869997117957204
2013-07-15,0.13675753381258945
2013-07-16,0.25592673039975833
2013-07-17,0.5850207369857723
2013-07-18,0.17573715055110545
2013-07-19,0.10195384426217265
2013-07-22,0.11325170743747204
2013-07-23,0.08800725176747402
2013-07-24,0.125322770476268
2013-07-25,0.17828970142715939
2013-07-26,0.10759342705939556
2013-07-29,0.0849818794543658
2013-07-30,0.1080499233234289
2013-07-31,0.1956748059693246
2013-08-01,0.40935105357645113
2013-08-02,0.17674578156069948
2013-08-05,0.14821867045633233
2013-08-06,0.1114143295022299
2013-08-07,0.7411637919222295
2013-08-08,0.11212247945935196
2013-08-09,0.09901727533849329
2013-08-12,0.09103184258014413
2013-08-13,0.15811407897783755
2013-08-14,0.18019345607958454
2013-08-15,0.2338060262731062
2013-08-16,0.10019507361364416
2013-08-19,0.10540462557935937
2013-08-20,0.1092719406669502
2013-08-21,0.13715535253715302
2013-08-22,0.16182483720542507
2013-08-23,0.1571613046434718
2013-08-26,0.05407080498861846
2013-08-27,0.11679741279914098
2013-08-28,0.23361712874864257
2013-08-29,0.09649920271697213
2013-08-30,0.10572622091729388
2013-09-02,0.1789325479428483
2013-09-03,0.11845014003323306
2013-09-04,0.09257663157782506
2013-09-05,0.19556080125667102
2013-09-06,0.19185289788860194
2013-09-09,0.08239792521236976
2013-09-10,0.08274966196819704
2013-09-11,0.19432348294118046
2013-09-12,0.10726407613113707
2013-09-13,0.12188496665415256
2013-09-16,0.12710753987194795
2013-09-17,0.157839788504771
2013-09-18,0.16970066114227456
2013-09-19,0.3044666488811592
2013-09-20,0.09854711818271623
2013-09-23,0.1465354971567229
2013-09-24,0.0913365540978025
2013-09-25,0.08216245284326475
2013-09-26,0.12033772067977394
2013-09-27,0.14915852664161056
2013-09-30,0.18191540308024262
2013-10-01,0.1251249193607671
2013-10-02,0.14854817665684297
2013-10-03,0.16418052132883373
2013-10-04,0.1324474176419101
2013-10-07,0.07333196007272118
2013-10-08,0.11549482294888766
2013-10-09,0.2193828097830564
2013-10-10,0.09122127321392715
2013-10-11,0.07536021264428779
2013-10-14,0.06022032132561193
2013-10-15,0.10800449912460942
2013-10-16,0.12942232995474104
2013-10-17,0.12374624311320341
2013-10-18,0.07393470895966325
2013-10-21,0.060045440843736364
2013-10-22,0.10605944729221023
2013-10-23,0.13492124807307135
2013-10-24,0.12179990735715687
2013-10-25,0.10475916371761938
2013-10-28,0.0627414579349022
2013-10-29,0.14785782017658122
2013-10-30,0.08202974771121511
2013-10-31,0.16002738177452602
2013-11-01,0.1254113962340167
2013-11-04,0.10240051253022737
2013-11-05,0.16294728758522425
2013-11-06,0.1398551795525103
2013-11-07,1.0532817892310293
2013-11-08,0.1441259309845371
2013-11-11,0.09449579387468898
2013-11-12,0.197349400973762
2013-11-13,0.30307411423624775
2013-11-14,0.1977859648407979
2013-11-15,0.13480257839826348
2013-11-18,0.09392696374675037
2013-11-19,0.10909570213573522
2013-11-20,0.3465489352923515
2013-11-21,0.1769033711890794
2013-11-22,0.10857529391458187
2013-11-25,0.09052232647111472
2013-11-26,0.13502014672408633
2013-11-27,0.14143277541119859
2013-11-28,0.1812431398111464
2013-11-29,0.18125343880778966
2013-12-02,0.17362059316205425
2013-12-03,0.10192675047223229
2013-12-04,0.17954257114322658
2013-12-05,0.2851218903715644
2013-12-06,0.14737857058644205
2013-12-09,0.07344900089612746
2013-12-10,0.09630052990108573
2013-12-11,0.13511308576532227
2013-12-12,0.13421892830936483
2013-12-13,0.11218879257339717
2013-12-16,0.12788771588369416
2013-12-17,0.11849332713343154
2013-12-18,0.23273331063983335
2013-12-19,0.1821748439449921
2013-12-20,0.1899741099932675
2013-12-23,0.09745714823279146
2013-12-24,0.13008258325887034
2013-12-25,0.10938993255143202
2013-12-26,0.10098274252700432
2013-12-27,0.20298383136159182
2013-12-30,0.1182914653365523
2013-12-31,0.23843166094298818
2014-01-01,0.0
2014-01-02,0.2268123653893695
2014-01-03,0.1231619202381612
2014-01-06,0.18021972665659025
2014-01-07,0.12105409737374816
2014-01-08,0.11770516291139084
2014-01-09,0.2029199494174012
2014-01-10,0.18958121712152592
2014-01-13,0.14078417240254693
2014-01-14,0.1785264918901309
2014-01-15,0.1470993634333722
2014-01-16,0.13160057541486753
2014-01-17,0.513821569105472
2014-01-20,0.11157778303663898
2014-01-21,0.12839562730317933
2014-01-22,0.22116404974384984
2014-01-23,0.15724918539498794
2014-01-24,0.33186409045879967
2014-01-27,0.19071828434998003
2014-01-28,0.1876283214139412
2014-01-29,0.14521316972927156
2014-01-30,0.16116834055751686
2014-01-31,0.20723570373641953
2014-02-03,0.24735940707275295
2014-02-04,0.33767883872848303
2014-02-05,0.1732545074556181
2014-02-06,0.3010672929974194
2014-02-07,0.22065122137909085
2014-02-10,0.10486972068051481
2014-02-11,0.14592141504365455
2014-02-12,0.30895791047626503
2014-02-13,0.18157698799639535
2014-02-14,0.1227026715760047
2014-02-17,0.13305150305548052
2014-02-18,0.14780450701606485
2014-02-19,0.24065574491483363
2014-02-20,0.1631464654295247
2014-02-21,0.20806750653484363
2014-02-24,0.18517583720612182
2014-02-25,0.13189488580824105
2014-02-26,0.12271834257100138
2014-02-27,0.08981568261722034
2014-02-28,0.27218464863502473
2014-03-03,0.18808327494703453
2014-03-04,0.11152092437442586
2014-03-05,0.15711007344248315
2014-03-06,0.17964452486908172
2014-03-07,0.11039794049869574
2014-03-10,0.13380968906903096
2014-03-11,0.08687668212229006
2014-03-12,0.09855560462863891
2014-03-13,0.17442844676709077
2014-03-14,0.10735890449977208
2014-03-17,0.07776557720762742
2014-03-18,0.11015838390485855
2014-03-19,0.10061307034489668
2014-03-20,0.09500971578121283
2014-03-21,0.09294242496855548
2014-03-24,0.12643787778240734
2014-03-25,0.102030240826314
2014-03-26,0.09282158942501148
2014-03-27,0.2273177515916379
2014-03-28,0.12812051918561176
2014-03-31,0.17062164295166496
2014-04-01,0.10065170170798378
2014-04-02,0.08056862756586369
2014-04-03,0.19498984509012274
2014-04-04,0.1157346164055153
2014-04-07,0.06595415207647576
2014-04-08,0.12849636543008952
2014-04-09,0.08133170597664656
2014-04-10,0.06402642399989736
2014-04-11,0.06291867491068212
2014-04-14,0.05817549599859281
2014-04-15,0.2331408455711871
2014-04-16,0.11478705676650383
2014-04-17,0.07236994463766622
2014-04-18,0.044798489921021215
2014-04-21,0.03421996115981499
2014-04-22,0.05238846406979255
2014-04-23,0.0874548394555126
2014-04-24,0.07494718087077322
2014-04-25,0.052591458182471414
2014-04-28,0.07841846885618499
2014-04-29,0.14563023100296185
2014-04-30,0.09957282436033016
2014-05-01,0.05926016447008442
2014-05-02,0.05306899609191886
2014-05-05,0.028396526018727723
2014-05-06,0.04956952573846374
2014-05-07,0.046860952115773166
2014-05-08,0.2726112882040854
2014-05-09,0.07854016276965683
2014-05-12,0.044676821899599574
2014-05-13,0.08750723669970482
2014-05-14,0.16230962472384203
2014-05-15,0.09582107299224611
2014-05-16,0.07218925316060097
2014-05-19,0.04743883500044614
2014-05-20,0.07242330463668638
2014-05-21,0.15915758864079202
2014-05-22,0.12084432292389308
2014-05-23,0.06446229093050033
2014-05-26,0.030468815026691486
2014-05-27,0.07084633999102259
2014-05-28,0.05717364519985693
2014-05-29,0.07255652507603308
2014-05-30,0.06176687676455667
2014-06-02,0.091827954849702
2014-06-03,0.08968984982263689
2014-06-04,0.06679007951747154
2014-06-05,0.2483093265105349
2014-06-06,0.09094320041554355
2014-06-09,0.04878717828897645
2014-06-10,0.08938073353704296
2014-06-11,0.09373699844184219
2014-06-12,0.2339288635135809
2014-06-13,0.12537712725383038
2014-06-16,0.08984090834001507
2014-06-17,0.1184854487317741
2014-06-18,0.12499330979563715
2014-06-19,0.07027319574377079
2014-06-20,0.06207662014943105
2014-06-23,0.05916095908475556
2014-06-24,0.10357090462410978
2014-06-25,0.05699174041295539
2014-06-26,0.13583269220415695
2014-06-27,0.05744441913846389
2014-06-30,0.08731184793031208
2014-07-01,0.08055779737759729
2014-07-02,0.07158178064056603
2014-07-03,0.10220001794787457
2014-07-04,0.03821155591895137
2014-07-07,0.05513456211109902
2014-07-08,0.12504483816934664
2014-07-09,0.04988501133396111
2014-07-10,0.08644424268369999
2014-07-11,0.05156981786650591
2014-07-14,0.06305679737320155
2014-07-15,0.21809166033009236
2014-07-16,0.052528068069586153
2014-07-17,0.04973678395756881
2014-07-18,0.08571683194820981
2014-07-21,0.04939024227038268
2014-07-22,0.06751812095882356
2014-07-23,0.06687532230846073
2014-07-24,0.09444113946880595
2014-07-25,0.052436064655631054
2014-07-28,0.03848695289251994
2014-07-29,0.05279859206017717
2014-07-30,0.04666759664859079
2014-07-31,0.06507949696644301
2014-08-01,0.11222075833255593
2014-08-04,0.040383533352553576
2014-08-05,0.10238769905847016
2014-08-06,0.07289347190994434
2014-08-07,0.092877448977175
2014-08-08,0.09495932762592148
2014-08-11,0.0375245564627927
2014-08-12,0.05020580569279484
2014-08-13,0.3505233667276757
2014-08-14,0.09225383362798102
2014-08-15,0.08030135454836679
2014-08-18,0.04738646691896186
2014-08-19,0.13445110928509554
2014-08-20,0.14850778602296968
2014-08-21,0.08011622247924607
2014-08-22,0.07201143929963172
2014-08-25,0.06372136173957617
2014-08-26,0.057148609035421585
2014-08-27,0.07526743305033046
2014-08-28,0.07219941570942649
2014-08-29,0.09486651337856841
2014-09-01,0.061105875412492135
2014-09-02,0.07600031553145895
2014-09-03,0.09962710119143861
2014-09-04,0.5600152914422916
2014-09-05,0.08340238515533512
2014-09-08,0.20645995053636731
2014-09-09,0.17270372030164233
2014-09-10,0.43626158972500545
2014-09-11,0.1828360674377576
2014-09-12,0.1409055027696988
2014-09-15,0.10716785301270017
2014-09-16,0.21340686544417006
2014-09-17,0.22679430638454928
2014-09-18,0.4528804688082014
2014-09-19,0.618777137344724
2014-09-22,0.14756412481430012
2014-09-23,0.13655129611981306
2014-09-24,0.10959256593871929
2014-09-25,0.2161989911416729
2014-09-26,0.09800994873385678
2014-09-29,0.12274819198763046
2014-09-30,0.16920084070429217
2014-10-01,0.12755134028677265
2014-10-02,0.1588431982360647
2014-10-03,0.1484929296936324
2014-10-06,0.09821711702690698
2014-10-07,0.14734427021434546
2014-10-08,0.16298906175145766
2014-10-09,0.1882999016450402
2014-10-10,0.11390605168753405
2014-10-13,0.16532488465167466
2014-10-14,0.25427186903215643
2014-10-15,0.42034334993738237
2014-10-16,0.3916198818097557
2014-10-17,0.24038848849817804
2014-10-20,0.13344108496061638
2014-10-21,0.2090481254661681
2014-10-22,0.16507667196620146
2014-10-23,0.1709855152204416
2014-10-24,0.10549642272061945
2014-10-27,0.09062191522395054
2014-10-28,0.08310943547155814
2014-10-29,0.09025173815322417
2014-10-30,0.13223942431090888
2014-10-31,0.24970774388859496
2014-11-03,0.2204996017286474
2014-11-04,0.12864748378359667
2014-11-05,0.19485615466505424
2014-11-06,0.3751372807325247
2014-11-07,0.16191939341796574
2014-11-10,0.10207087963491036
2014-11-11,0.09129912995675478
2014-11-12,0.38822053578104165
2014-11-13,0.1221462812767183
2014-11-14,0.21364506981245548
2014-11-17,0.13586311364302117
2014-11-18,0.18610668908131014
2014-11-19,0.18722012850830813
2014-11-20,0.22891713335400238
2014-11-21,0.2047473273327632
2014-11-24,0.13362728312237082
2014-11-25,0.13841571693575513
2014-11-26,0.17890537651517785
2014-11-27,0.11836554835206012
2014-11-28,0.14767437439730138
2014-12-01,0.14565770552602725
2014-12-02,0.11088144628756999
2014-12-03,0.1538849854163789
2014-12-04,0.4111118806716938
2014-12-05,0.18492549613283504
2014-12-08,0.11443774791497904
2014-12-09,0.16446388160205616
2014-12-10,0.16987367630017874
2014-12-11,0.26094751348657697
2014-12-12,0.2166898698895167
2014-12-15,0.18592109490571815
2014-12-16,0.3208982274243782
2014-12-17,0.3639944293469063
2014-12-18,0.26808565064301154
2014-12-19,0.20939422547842712
2014-12-22,0.15599526803213787
2014-12-23,0.27123283783173757
2014-12-24,0.15590854403178114
2014-12-26,0.06437396220146059
2014-12-29,0.20419276531817904
2014-12-30,0.1506112075630539
2014-12-31,0.20219700321370193
2015-01-02,0.23119071298569316
2015-01-05,0.351176302416004
2015-01-06,0.2473764646755957
2015-01-07,0.22445388759415297
2015-01-08,0.18259854744149717
2015-01-09,0.1716377875389184
2015-01-12,0.16192807569958248
2015-01-13,0.22943209687839386
2015-01-14,0.2562365747849794
2015-01-15,1.5551645716302689
2015-01-16,0.5106145836302719
2015-01-19,0.27755340069745704
2015-01-20,0.2637210154291189
2015-01-21,0.9164419207658068
2015-01-22,1.0884872558564513
2015-01-23,1.434690547587655
2015-01-26,0.6006307721963815
2015-01-27,0.6121092820036623
2015-01-28,0.35770651042056767
2015-01-29,0.3837351177545513
2015-01-30,0.5823608494423493
2015-02-02,0.6117328279995237
2015-02-03,0.39918791042062624
2015-02-04,0.4102324580446606
2015-02-05,0.4937783092475583
2015-02-06,0.2757404721376886
2015-02-09,0.19435243346368644
2015-02-10,0.28699633803268393
2015-02-11,0.27870145575756766
2015-02-12,0.5103013054817247
2015-02-13,0.19967855555034955
2015-02-16,0.2521613345202615
2015-02-17,0.3135407210049791
2015-02-18,0.3267554281564992
2015-02-19,0.2543873534354668
2015-02-20,0.40670647589122394
2015-02-23,0.25953669784538563
2015-02-24,0.20564106972263438
2015-02-25,0.17624507245471302
2015-02-26,0.2279167645065399
2015-02-27,0.22613055182696384
2015-03-02,0.14985624487508906
2015-03-03,0.12526919502133543
2015-03-04,0.20759392154902168
2015-03-05,0.40236965105140177
2015-03-06,0.42084836189158403
2015-03-09,0.19663338636747
2015-03-10,0.3955437915726628
2015-03-11,0.4719152938175053
2015-03-12,0.6257032548870521
2015-03-13,0.3966848490643145
2015-03-16,0.3217057212431936
2015-03-17,0.2895294353308559
2015-03-18,1.2549653118094444
2015-03-19,0.9181957309735979
2015-03-20,0.3796843098151493
2015-03-23,0.43124537895798754
2015-03-24,0.3500120605214065
2015-03-25,0.22789070334894013
2015-03-26,0.30668593762039276
2015-03-27,0.4040741700731381
2015-03-30,0.4050064172999626
2015-03-31,0.33065756439029814
2015-04-01,0.3467744384909085
2015-04-02,0.270634905449442
2015-04-03,0.5763092500503564
2015-04-06,0.1838068095059304
2015-04-07,0.21301717661382003
2015-04-08,0.23881317067004318
2015-04-09,0.24160385699869702
2015-04-10,0.2664422002496475
2015-04-13,0.30512105921774774
2015-04-14,0.3476296718256306
2015-04-15,0.365421040826649
2015-04-16,0.4763717560740231
2015-04-17,0.417098814665438
2015-04-20,0.2255617615139949
2015-04-21,0.21848660588619123
2015-04-22,0.29884356510474336
2015-04-23,0.3619987679488692
2015-04-24,0.3873545024193018
2015-04-27,0.18853116968048475
2015-04-28,0.33685714923566695
2015-04-29,0.42662258519850693
2015-04-30,0.6070960331219035
2015-05-01,0.5077386030700146
2015-05-04,0.2561290299871201
2015-05-05,0.4215294737903032
2015-05-06,0.478308168350512
2015-05-07,0.39005886526404704
2015-05-08,1.1004932516680836
2015-05-11,0.4771248892255589
2015-05-12,0.4448932347137148
2015-05-13,0.6129449643944042
2015-05-14,0.3137456693411643
2015-05-15,0.3383249402264522
2015-05-18,0.32603109807335934
2015-05-19,0.7481412331076941
2015-05-20,0.4441272558731649
2015-05-21,0.41374892992899515
2015-05-22,0.41178423501113315
2015-05-25,0.16557565234145816
2015-05-26,0.26097314422517043
2015-05-27,0.3035075332818204
2015-05-28,0.3457600761162037
2015-05-29,0.352285119490354
2015-06-01,0.2905989893269932
2015-06-02,0.46523896882621707
2015-06-03,0.8160261992873143
2015-06-04,0.4570829075165694
2015-06-05,0.7851548061673008
2015-06-08,0.3972848859154859
2015-06-09,0.38972793404728767
2015-06-10,0.5242529961842972
2015-06-11,0.30277192427274585
2015-06-12,0.4181108739224543
2015-06-15,0.2776442564646037
2015-06-16,0.2388648244268605
2015-06-17,0.3847072560577123
2015-06-18,0.4904143553742458
2015-06-19,0.24134909307850896
2015-06-22,0.29203891801673326
2015-06-23,0.2990599669839584
2015-06-24,0.2697281996940404
2015-06-25,0.24457317051423458
2015-06-26,0.32007399222942856
2015-06-29,1.2521720121946651
2015-06-30,0.4391464377161993
2015-07-01,0.5502724694205283
2015-07-02,0.24427368147820744
2015-07-03,0.2976475041491197
2015-07-06,0.46535544503125215
2015-07-07,0.40074800268200517
2015-07-08,0.46777829667026305
2015-07-09,0.36091455615420903
2015-07-10,0.46232920984264064
2015-07-13,0.7441616188570926
2015-07-14,0.4972138774715776
2015-07-15,0.5075552613698291
2015-07-16,0.4038717815157348
2015-07-17,0.2412287832893491
2015-07-20,0.19312094775040453
2015-07-21,0.27707166909803704
2015-07-22,0.23411165647120885
2015-07-23,0.5817838267361277
2015-07-24,0.29098179091162174
2015-07-27,0.41836140054400056
2015-07-28,0.2737051135797582
2015-07-29,0.2717166939200267
2015-07-30,0.23409525968542116
2015-07-31,0.558941084562846
2015-08-03,0.18284901009934304
2015-08-04,0.24438252815624914
2015-08-05,0.26434240957490024
2015-08-06,0.6154906166999334
2015-08-07,0.41083276196439344
2015-08-10,0.2655526785120544
2015-08-11,0.3024071201366621
2015-08-12,0.4195612737248528
2015-08-13,0.32662959299204747
2015-08-14,0.19673548767563417
2015-08-17,0.23470143086376347
2015-08-18,0.38200803645940445
2015-08-19,0.2780119155070508
2015-08-20,0.37498246517297185
2015-08-21,0.4168926188896133
2015-08-24,1.9630592271318217
2015-08-25,1.0872869266213019
2015-08-26,0.937014915051079
2015-08-27,0.5414413783926161
2015-08-28,0.5491814934859423
2015-08-31,0.40968317547129635
2015-09-01,0.6955775689112957
2015-09-02,0.5548433023457355
2015-09-03,0.648066411480808
2015-09-04,0.5528927810125845
2015-09-07,0.3387120152003827
2015-09-08,0.3169942244618019
2015-09-09,0.35605951669005387
2015-09-10,0.5056020863641889
2015-09-11,0.37107267914975556
2015-09-14,0.2618862183017972
2015-09-15,0.2405705828013447
2015-09-16,0.3971112762851427
2015-09-17,0.4172356866447598
2015-09-18,0.464927619484634
2015-09-21,0.3113847442337538
2015-09-22,0.31873620122776325
2015-09-23,0.6232207248297821
2015-09-24,0.4982500116182886
2015-09-25,0.5269765296998733
2015-09-28,0.3797272934601942
2015-09-29,0.4398600945433852
2015-09-30,0.37763304366006334
2015-10-01,0.2567861837631865
2015-10-02,0.9357735489627415
2015-10-05,0.32543194471363296
2015-10-06,0.22068396195849355
2015-10-07,0.29837207678076544
2015-10-08,0.2995977229396608
2015-10-09,0.40656244540810393
2015-10-12,0.1350889272774042
2015-10-13,0.36042410545590897
2015-10-14,0.31677413425297285
2015-10-15,0.41110848882320117
2015-10-16,0.2421608449117132
2015-10-19,0.17829956247535733
2015-10-20,0.183887026543458
2015-10-21,0.1661039230240339
2015-10-22,0.4966849204075044
2015-10-23,0.4608737906759761
2015-10-26,0.2227542779320029
2015-10-27,0.24098465380568904
2015-10-28,0.5076033521889447
2015-10-29,0.27345455672642116
2015-10-30,0.3729216403419296
2015-11-02,0.32062371696039876
2015-11-03,0.22024053215887499
2015-11-04,0.26786967178439186
2015-11-05,0.5816229210634839
2015-11-06,0.42619048115369634
2015-11-09,0.24766988729234649
2015-11-10,0.208117552955911
2015-11-11,0.3593494896031445
2015-11-12,0.4712148841451391
2015-11-13,0.2812827790789301
2015-11-16,0.30288858097900767
2015-11-17,0.21125950665325033
2015-11-18,0.1956956271505508
2015-11-19,0.284104045884441
2015-11-20,0.16721862849922545
2015-11-23,0.2122630355496924
2015-11-24,0.25128548037836645
2015-11-25,0.28581413893526114
2015-11-26,0.1275686656089098
2015-11-27,0.16463129650998334
2015-11-30,0.1835517416883788
2015-12-01,0.17109671106410299
2015-12-02,0.28323741960485205
2015-12-03,2.232254422821304
2015-12-04,0.48946233622512736
2015-12-07,0.2606716019846393
2015-12-08,0.2858823770200752
2015-12-09,0.296330005240363
2015-12-10,0.32387933941714514
2015-12-11,0.405456678322013
2015-12-14,0.37286287082296726
2015-12-15,0.40045063663079955
2015-12-16,0.4223102277061483
2015-12-17,0.3893277997290332
2015-12-18,0.29800446466576536
2015-12-21,0.26841108889264625
2015-12-22,0.26192350900085437
2015-12-23,0.28607181546857435
2015-12-24,0.22054985446784764
2015-12-28,0.21425879565204928
2015-12-29,0.20445303521534197
2015-12-30,0.21933429523784864
2015-12-31,0.33896755973996134
2016-01-04,0.43952980879196984
2016-01-05,0.25558488820299885
2016-01-06,0.29088190629282223
2016-01-07,0.5674020822805673
2016-01-08,0.6958103296752133
2016-01-11,0.757782526818018
2016-01-12,0.582810980928666
2016-01-13,0.49605517481060035
2016-01-14,0.6679553937725763
2016-01-15,0.8019487911457643
2016-01-18,0.36199503459919535
2016-01-19,0.69319985868845
2016-01-20,0.7632864576559544
2016-01-21,1.1949147156061801
2016-01-22,0.548025440977581
2016-01-25,0.40591724774298726
2016-01-26,0.6400892112243857
2016-01-27,0.8987282323741894
2016-01-28,0.7134331082124534
2016-01-29,0.7932505979243619
2016-02-01,0.5472822283249009
2016-02-02,0.5215059401354482
2016-02-03,0.6891165093505768
2016-02-04,0.7856142660954565
2016-02-05,0.4931708320860001
2016-02-08,0.4553540548994188
2016-02-09,0.8087312139650161
2016-02-10,0.8477921234037031
2016-02-11,1.3045253471656226
2016-02-12,0.6550421101644768
2016-02-15,0.4075483615798207
2016-02-16,0.536379539140246
2016-02-17,0.64539516987926
2016-02-18,0.48419557161667015
2016-02-19,0.562527053926191
2016-02-22,0.5643897213548422
2016-02-23,0.5159010354980766
2016-02-24,0.47479385829431486
2016-02-25,0.41813056627221684
2016-02-26,0.5554735432255886
2016-02-29,0.4031499495304797
2016-03-01,0.6230948206745316
2016-03-02,0.34027659339783
2016-03-03,0.3434924693430055
2016-03-04,0.4978079661506024
2016-03-07,0.2341395692335921
2016-03-08,0.33271108791215925
2016-03-09,0.21600868485942368
2016-03-10,1.6047617033647188
2016-03-11,0.4363008966813194
2016-03-14,0.22912953719201473
2016-03-15,0.3019134031448953
2016-03-16,0.43520195830212327
2016-03-17,0.6340723056492821
2016-03-18,0.26158397451379095
2016-03-21,0.25487382509040973
2016-03-22,0.40840307326333025
2016-03-23,0.25132659814938635
2016-03-24,0.28704517542787655
2016-03-25,0.19901882971387777
2016-03-28,0.15077265422261468
2016-03-29,0.2645928720927948
2016-03-30,0.2416016775275364
2016-03-31,0.35608113217876575
2016-04-01,0.43062866771506286
2016-04-04,0.24154917760882788
2016-04-05,0.2647396232611738
2016-04-06,0.3227788874917222
2016-04-07,0.39383714650055734
2016-04-08,0.3204649183705511
2016-04-11,0.42382247735796547
2016-04-12,0.36502684584920964
2016-04-13,0.3328423679605398
2016-04-14,0.2424080214960764
2016-04-15,0.20938043055255803
2016-04-18,0.2731615617208873
2016-04-19,0.25833202212171213
2016-04-20,0.22758064796039607
2016-04-21,0.42156445668101944
2016-04-22,0.316730473256781
2016-04-25,0.2965645463789372
2016-04-26,0.20433629186424987
2016-04-27,0.27176817243845686
2016-04-28,0.27258502121654393
2016-04-29,0.35912730193038556
2016-05-02,0.1870241676892277
2016-05-03,0.22714713425141653
2016-05-04,0.281569802810093
2016-05-05,0.2475960029693951
2016-05-06,0.27712888136347796
2016-05-09,0.34167128924453144
2016-05-10,0.19772421906586993
2016-05-11,0.184562375878003
2016-05-12,0.27476385594185326
2016-05-13,0.1883821327955044
2016-05-16,0.13340567772562928
2016-05-17,0.32765271583237066
2016-05-18,0.36923876551434787
2016-05-19,0.26949604000109767
2016-05-20,0.19593400706750283
2016-05-23,0.22248529801666903
2016-05-24,0.4013292448124401
2016-05-25,0.30491851653116375
2016-05-26,0.26161358305333504
2016-05-27,0.21327018736211362
2016-05-30,0.16055094703522324
2016-05-31,0.5621183007976899
2016-06-01,0.4237959502498687
2016-06-02,0.40777131619720663
2016-06-03,0.49310762328860697
2016-06-06,0.6703405625170471
2016-06-07,0.8484339417275838
2016-06-08,0.3591842459186995
2016-06-09,0.3218177498631799
2016-06-10,0.6240813610731998
2016-06-13,0.82555357343826
2016-06-14,0.5248536837061215
2016-06-15,0.4222899661596779
2016-06-16,0.6230020863610447
2016-06-17,0.6182225607540275
2016-06-20,1.4550885344373152
2016-06-21,0.6714320603162874
2016-06-22,0.5384107259319725
2016-06-23,1.3618656746090911
2016-06-24,25.829246011882802
2016-06-27,2.088412680897473
2016-06-28,0.815223830598516
2016-06-29,0.8072926217277572
2016-06-30,1.6234312631503502
2016-07-01,0.6093834788157519
2016-07-04,0.3345519611527263
2016-07-05,0.7460121448053134
2016-07-06,1.043287541483567
2016-07-07,0.5704885828225592
2016-07-08,0.4919033872356409
2016-07-11,0.783122688804663
2016-07-12,0.6347286718229507
2016-07-13,0.7900397029186158
2016-07-14,2.0652238773254084
2016-07-15,1.3111348445098576
2016-07-18,0.6921185802690872
2016-07-19,0.4483347444418072
2016-07-20,0.4721294214998343
2016-07-21,0.8253340327940566
2016-07-22,0.8242073233159595
2016-07-25,0.2785258145661407
2016-07-26,0.4148548636203772
2016-07-27,0.45193771124244325
2016-07-28,0.40230349776414376
2016-07-29,0.5462038781452233
2016-08-01,0.40727276737105916
2016-08-02,0.3201115599639338
2016-08-03,0.26732465365987956
2016-08-04,0.8902910255170641
2016-08-05,0.23506816900788227
2016-08-08,0.16348108502088718
2016-08-09,0.22269267993961328
2016-08-10,0.25361813310717146
2016-08-11,0.19974633617443802
2016-08-12,0.22034854605342788
2016-08-15,0.15236836046175406
2016-08-16,0.3530484970153762
2016-08-17,0.3268225973963575
2016-08-18,0.4027769298129158
2016-08-19,0.3406244328739305
2016-08-22,0.20283769631825962
2016-08-23,0.18599337069587818
2016-08-24,0.21908464481300183
2016-08-25,0.13257736662303649
2016-08-26,0.17655125963142185
2016-08-29,0.11934218948300324
2016-08-30,0.15492657217594188
2016-08-31,0.25602600999909053
2016-09-01,0.6135921536711456
2016-09-02,0.2882199415918278
2016-09-05,0.3249858438835872
2016-09-06,0.25916894771277416
2016-09-07,0.2309211880012273
2016-09-08,0.2803150514384093
2016-09-09,0.16964295385479036
2016-09-12,0.19328666085460475
2016-09-13,0.1837305221620829
2016-09-14,0.2161911364548306
2016-09-15,0.34547250983369965
2016-09-16,0.2678745457809228
2016-09-19,0.19063105616323625
2016-09-20,0.20849438083211838
2016-09-21,0.2763013958386981
2016-09-22,0.21675401783413142
2016-09-23,0.2515252242866331
2016-09-26,0.21548383231049423
2016-09-27,0.2917320956109831
2016-09-28,0.29013874055735916
2016-09-29,0.2910616743916017
2016-09-30,0.3611596201701748
2016-10-03,0.2857627461935612
2016-10-04,0.43982993023493117
2016-10-05,0.2827375108095365
2016-10-06,0.30031199149502263
2016-10-07,24.80332270889706
2016-10-10,0.3709987724655699
2016-10-11,0.5767531317433403
2016-10-12,1.504097206394146
2016-10-13,0.4850795435739001
2016-10-14,0.5017399286793409
2016-10-17,0.35820702040617597
2016-10-18,0.5646911492264541
2016-10-19,0.3455851359748305
2016-10-20,0.5539082328587881
2016-10-21,0.2383499084386072
2016-10-24,0.1591492581289892
2016-10-25,0.4140012389038835
2016-10-26,0.2664502202230819
2016-10-27,0.3500306762859363
2016-10-28,0.3377982658865638
2016-10-31,0.25447133559984153
2016-11-01,0.3260762315247027
2016-11-02,0.3403611324266203
2016-11-03,0.991507273068365
2016-11-04,0.21897340022673695
2016-11-07,0.2623768013170892
2016-11-08,0.2001416077699338
2016-11-09,1.5888035830313327
2016-11-10,0.746003305316046
2016-11-11,0.695293958177321
2016-11-14,0.4982916847431367
2016-11-15,0.9987542053474224
2016-11-16,0.4551193404171492
2016-11-17,0.42853104113836726
2016-11-18,0.5253856081198259
2016-11-21,0.5807330247221535
2016-11-22,0.31565791347673555
2016-11-23,0.4897130794341365
2016-11-24,0.28327781872552465
2016-11-25,0.4748247374897966
2016-11-28,0.6146054744977655
2016-11-29,0.3106271017333757
2016-11-30,0.6211260597050278
2016-12-01,0.6893792475520985
2016-12-02,0.40873889892696247
2016-12-05,0.8998505581594304
2016-12-06,0.40812971767927103
2016-12-07,0.413173373023056
2016-12-08,0.7872394646904923
2016-12-09,0.36831059742043026
2016-12-12,0.38082090466994706
2016-12-13,0.3323732526705512
2016-12-14,0.5656601203996818
2016-12-15,0.6044581110519791
2016-12-16,0.5038508390791547
2016-12-19,0.39459967350598163
2016-12-20,0.4179448457295091
2016-12-21,0.2737381551420249
2016-12-22,0.22790001033468707
2016-12-23,0.22994446278399813
2016-12-26,0.2279238831496636
2016-12-27,0.1394633569974901
2016-12-28,0.32845138622566933
2016-12-29,0.29688250744826555
2016-12-30,0.9670995996587427
2017-01-02,0.18651313559406957
2017-01-03,0.5401022608217124
2017-01-04,0.3178208644032487
2017-01-05,0.5565211547827303
2017-01-06,0.3450244207834464
2017-01-09,0.32673444959282094
2017-01-10,0.33406738599003505
2017-01-11,0.5360765313722402
2017-01-12,0.35580731217934064
2017-01-13,0.39717309089555936
2017-01-16,0.6226462977580701
2017-01-17,1.168989516847466
2017-01-18,0.3047520251712847
2017-01-19,0.33356285752203463
2017-01-20,0.29123161256730806
2017-01-23,0.29524847251378755
2017-01-24,0.5424391323758643
2017-01-25,0.24976553095838946
2017-01-26,0.33458821541547934
2017-01-27,0.26046904789549297
2017-01-30,0.2844874716771376
2017-01-31,0.48650345685721236
2017-02-01,0.26711514514851914
2017-02-02,0.5238458260153125
2017-02-03,0.33523279585502685
2017-02-06,0.25054494163361124
2017-02-07,0.4873172511522797
2017-02-08,0.23602347722410347
2017-02-09,0.22153560896688287
2017-02-10,0.30044858020576104
2017-02-13,0.1674342644887098
2017-02-14,0.3323881458234422
2017-02-15,0.22573054770637044
2017-02-16,0.21307005149967295
2017-02-17,0.28113459573570515
2017-02-20,0.1430174163786903
2017-02-21,0.1884326928533662
2017-02-22,0.35257047697916816
2017-02-23,0.21117157578369022
2017-02-24,0.1938244026283181
2017-02-27,0.29593628785633097
2017-02-28,0.2256525894833314
2017-03-01,0.23259607316681122
2017-03-02,0.18979531174532882
2017-03-03,0.3000533312035725
2017-03-06,0.20435044131216515
2017-03-07,0.15855122829056154
2017-03-08,0.15345302240115363
2017-03-09,0.2564996585389638
2017-03-10,0.21489177269462328
2017-03-13,0.17340418275738964
2017-03-14,0.27540081188783905
2017-03-15,0.35649513956144363
2017-03-16,0.46769347658200594
2017-03-17,0.25817483640048217
2017-03-20,0.1558301901364337
2017-03-21,0.31005671450964006
2017-03-22,0.20758285036318447
2017-03-23,0.32913230609263994
2017-03-24,0.15006051052186992
2017-03-27,0.17251943663937658
2017-03-28,0.19518065175017224
2017-03-29,0.4540907964614583
2017-03-30,0.25866107143747463
2017-03-31,0.2674341159290939
2017-04-03,0.23328153439173827
2017-04-04,0.2880582320647392
2017-04-05,0.2897834955847667
2017-04-06,0.22469184100114
2017-04-07,0.24051483051134803
2017-04-10,0.10314241481328769
2017-04-11,0.17594472795873511
2017-04-12,0.15113854668790902
2017-04-13,0.12700974668170006
2017-04-14,0.0990024424793978
2017-04-17,0.09903867032096567
2017-04-18,0.5478359105120735
2017-04-19,0.2110332554548921
2017-04-20,0.20417108151201613
2017-04-21,0.261530842883514
2017-04-24,0.4896974457018039
2017-04-25,0.2158686164554875
2017-04-26,0.22867109030916677
2017-04-27,0.32537761913041563
2017-04-28,0.2713906436221361
2017-05-01,0.09681156003825048
2017-05-02,0.16986240118028959
2017-05-03,0.17796405355197162
2017-05-04,0.17480688663199387
2017-05-05,0.1877004381463979
2017-05-08,0.23973924881566605
2017-05-09,0.15651290077640043
2017-05-10,0.1333246032246965
2017-05-11,0.24722839345345696
2017-05-12,0.14643323963834334
2017-05-15,0.10948325899524704
2017-05-16,0.1945596041564178
2017-05-17,0.24868673968309793
2017-05-18,0.9520836521048214
2017-05-19,0.15908146960045966
2017-05-22,0.22165837996472332
2017-05-23,0.23974119727691373
2017-05-24,0.16720431412135564
2017-05-25,0.1628937917467303
2017-05-26,0.22042784989542827
2017-05-29,0.08642012107170119
2017-05-30,0.27833485719621626
2017-05-31,0.27739972203857693
2017-06-01,0.1610344981057492
2017-06-02,0.23575358566681395
2017-06-05,0.17606149418269598
2017-06-06,0.228630157028325
2017-06-07,0.24907437098527313
2017-06-08,0.23295288841969192
2017-06-09,1.3427533437565269
2017-06-12,0.2270198941055682
2017-06-13,0.23103824341020487
2017-06-14,0.3714904787940757
2017-06-15,0.6923985641447898
2017-06-16,0.13098469298554963
2017-06-19,0.20028681594016412
2017-06-20,0.4437844296797546
2017-06-21,0.24802598843851567
2017-06-22,0.11919428779431031
2017-06-23,0.1455783580975121
2017-06-26,0.16822209262582197
2017-06-27,0.23488609231534943
2017-06-28,0.6419517910374347
2017-06-29,0.23493042376267537
2017-06-30,0.24338031782064568
2017-07-03,0.17333403822855342
2017-07-04,0.13563070475841957
2017-07-05,0.141347814348029
2017-07-06,0.20793254157599778
2017-07-07,0.251684839654393
2017-07-10,0.11165631389664483
2017-07-11,0.1853136050584859
2017-07-12,0.3363823456259152
2017-07-13,0.2562191380127371
2017-07-14,0.24118931043114092
2017-07-17,0.10371709500099312
2017-07-18,0.3709783271731686
2017-07-19,0.13650170449648644
2017-07-20,0.3670287443055329
2017-07-21,0.2600218549947412
2017-07-24,0.17796645061015195
2017-07-25,0.18410967047499718
2017-07-26,0.28306983035507727
2017-07-27,0.20998160147330772
2017-07-28,0.15048259606661402
2017-07-31,0.17970926492777356
2017-08-01,0.16677486153627136
2017-08-02,0.17144673605951782
2017-08-03,0.5716184700509424
2017-08-04,0.21451389303560195
2017-08-07,0.12696767015067167
2017-08-08,0.11211647054684604
2017-08-09,0.21731063840650838
2017-08-10,0.18114911574137746
2017-08-11,0.2485542581994658
2017-08-14,0.12540309437101188
2017-08-15,0.2699538221449962
2017-08-16,0.2947537943290098
2017-08-17,0.2871065743448515
2017-08-18,0.25529509694839286
2017-08-21,0.1215649520123301
2017-08-22,0.0978066171243562
2017-08-23,0.15438139411319104
2017-08-24,0.14639732265074193
2017-08-25,0.24008570057649847
2017-08-28,0.12374029285382844
2017-08-29,0.22860370656254084
2017-08-30,0.1745019234507671
2017-08-31,0.21119791904574894
2017-09-01,0.3765476836143861
2017-09-04,0.2158974928948554
2017-09-05,0.20602954002131002
2017-09-06,0.1471444685792037
2017-09-07,0.388035055973249
2017-09-08,0.31170276688755355
2017-09-11,0.12094495018210916
2017-09-12,0.42097862911998996
2017-09-13,0.18866609545518365
2017-09-14,0.7251369059738089
2017-09-15,0.5543621379212517
2017-09-18,0.42023340298443745
2017-09-19,0.3011616494478199
2017-09-20,0.6845205258752913
2017-09-21,0.19489883480337464
2017-09-22,0.5102247796867428
2017-09-25,0.2688165259203827
2017-09-26,0.21950887506540342
2017-09-27,0.1840757940283638
2017-09-28,0.26582347080014535
2017-09-29,0.3107217690837374
2017-10-02,0.20515157548191926
2017-10-03,0.16890101429111107
2017-10-04,0.15449671279328844
2017-10-05,0.21923282782555567
2017-10-06,0.22711391889225657
2017-10-09,0.14051802078539144
2017-10-10,0.13800172206310496
2017-10-11,0.1415377009591707
2017-10-12,0.4851949782335246
2017-10-13,0.27115417893352184
2017-10-16,0.2456733186200701
2017-10-17,0.19980516049712116
2017-10-18,0.14827926446551354
2017-10-19,0.2803922090386568
2017-10-20,0.20037973831383343
2017-10-23,0.15515962493662305
2017-10-24,0.13889049496487768
2017-10-25,0.3505683818207874
2017-10-26,0.3010066937023707
2017-10-27,0.2002431186017546
2017-10-30,0.1577936191698191
2017-10-31,0.15837767305997175
2017-11-01,0.2331487757673488
2017-11-02,0.994161458333639
2017-11-03,0.13509885048102072
2017-11-06,0.1319118590619041
2017-11-07,0.15555793567358434
2017-11-08,0.14751180405390107
2017-11-09,0.19940635026962716
2017-11-10,0.15910728703877525
2017-11-13,0.2471085966504746
2017-11-14,0.27774763165247746
2017-11-15,0.3015446799153119
2017-11-16,0.20258952575774555
2017-11-17,0.2664182915666656
2017-11-20,0.2742447938483308
2017-11-21,0.20133450801183272
2017-11-22,0.19925035952548828
2017-11-23,0.13146466871020474
2017-11-24,0.1383852261727437
2017-11-27,0.13947669917452116
2017-11-28,0.7067059271477376
2017-11-29,0.30062167913222604
2017-11-30,0.3860754832533922
2017-12-01,0.37696021326434526
2017-12-04,0.6338449620127531
2017-12-05,0.2694845776802248
2017-12-06,0.28702266599839094
2017-12-07,0.4986551470494496
2017-12-08,0.4757659746067666
2017-12-11,0.2409315588695269
2017-12-12,0.19294389955875202
2017-12-13,0.309680134595908
2017-12-14,0.43171185912773746
2017-12-15,0.25115560486944555
2017-12-18,0.1406160559505937
2017-12-19,0.1662365745611245
2017-12-20,0.20148156012561472
2017-12-21,0.14659220520221788
2017-12-22,0.27993998493835914
2017-12-26,0.07629627862662948
2017-12-27,0.1152215680290152
2017-12-28,0.083133823199293
2017-12-29,0.17859208611231994
2018-01-02,0.17848264284357465
2018-01-03,0.1130897366470085
2018-01-04,0.09741161356389888
2018-01-05,0.11593741461510042
2018-01-08,0.10734343321136547
2018-01-09,0.09747369313534024
2018-01-10,0.17417026158146887
2018-01-11,0.237862774653716
2018-01-12,0.48747083227694393
2018-01-15,0.2246199133447516
2018-01-16,0.2693656207684263
2018-01-17,0.24100722731516983
2018-01-18,0.18140370831467884
2018-01-19,0.16077938708049147
2018-01-22,0.13246595394531127
2018-01-23,0.1313785589852604
2018-01-24,0.21299477053752425
2018-01-25,0.49218871071824544
2018-01-26,0.3690290448254217
2018-01-29,0.19151030605318245
2018-01-30,0.2006744507675688
2018-01-31,0.3988551000075124
2018-02-01,0.22471786409944705
2018-02-02,0.16479005642322642
2018-02-05,0.26175376704658704
2018-02-06,0.2696504170558207
2018-02-07,0.21471039659596297
2018-02-08,0.7817414911772168
2018-02-09,0.36424157044997924
2018-02-12,0.1544468258602149
2018-02-13,0.1772777466897399
2018-02-14,0.17014560896457417
2018-02-15,0.14959116213775547
2018-02-16,0.16088693064937623
2018-02-19,0.07656670948144619
2018-02-20,0.19652672207615454
2018-02-21,0.2280489898939291
2018-02-22,0.1680333046032294
2018-02-23,0.1850079777032255
2018-02-26,0.14320048081447415
2018-02-27,0.13537607998092743
2018-02-28,0.2024405860925118
2018-03-01,0.19450864218290217
2018-03-02,0.2402911021845038
2018-03-05,0.22928319379180395
2018-03-06,0.13527317999065971
2018-03-07,0.1810837525940613
2018-03-08,0.22544328373952172
2018-03-09,0.13278517671467382
2018-03-12,0.11246034500560531
2018-03-13,0.10872463603268069
2018-03-14,0.1099852561036915
2018-03-15,0.13711787211146298
2018-03-16,0.11722321456931209
2018-03-19,0.21233364954746126
2018-03-20,0.12703221489276456
2018-03-21,0.18681449636053435
2018-03-22,0.17413958433849172
2018-03-23,0.1306731334316701
2018-03-26,0.1363937844199716
2018-03-27,0.15998795114219436
2018-03-28,0.15642824654149282
2018-03-29,0.14096535285929718
2018-03-30,0.0974397743329561
2018-04-02,0.05815523644876839
2018-04-03,0.10089153558710141
2018-04-04,0.09467060270309927
2018-04-05,0.10098677999822304
2018-04-06,0.08819989528592283
2018-04-09,0.07572546506294556
2018-04-10,0.12794750250797554
2018-04-11,0.12242519371391256
2018-04-12,0.12617663813520666
2018-04-13,0.1279369030716524
2018-04-16,0.12392352768374448
2018-04-17,0.12668341153134458
2018-04-18,0.36023827700530453
2018-04-19,0.29278912469261575
2018-04-20,0.18226641377361
2018-04-23,0.12629090886876082
2018-04-24,0.12482048036876843
2018-04-25,0.09332528198727325
2018-04-26,0.18133775726149512
2018-04-27,0.39006084378224154
2018-04-30,0.19575794433328764
2018-05-01,0.23105181680541453
2018-05-02,0.19705366270042224
2018-05-03,0.18180527113911776
2018-05-04,0.13009493302789218
2018-05-07,0.06930819380705329
2018-05-08,0.15560270542375995
2018-05-09,0.12057502949709763
2018-05-10,0.5064375540384347
2018-05-11,0.1169369234323726
2018-05-14,0.07958673967004391
2018-05-15,0.10047065149100685
2018-05-16,0.14486477663006686
2018-05-17,0.21020194241417933
2018-05-18,0.10189745281829576
2018-05-21,0.12613033538369853
2018-05-22,0.11169638881435408
2018-05-23,0.3236221609775496
2018-05-24,0.20949570526183486
2018-05-25,0.13234518330110878
2018-05-28,0.11274930615593526
2018-05-29,0.26404599870960477
2018-05-30,0.22188634166955296
2018-05-31,0.21736413482664704
2018-06-01,0.19445212335510645
2018-06-04,0.12019342634633388
2018-06-05,0.21250553941243594
2018-06-06,0.17274557634939045
2018-06-07,0.22189536049563863
2018-06-08,0.18088218185425234
2018-06-11,0.19386078885175448
2018-06-12,0.1983475697896614
2018-06-13,0.1222859437305209
2018-06-14,0.3657073942959277
2018-06-15,0.1689225257229075
2018-06-18,0.1436395069163093
2018-06-19,0.129995825010382
2018-06-20,0.15955728837709904
2018-06-21,0.3438653007399794
2018-06-22,0.16938614965157206
2018-06-25,0.15502859370049327
2018-06-26,0.17093532290517938
2018-06-27,0.1519763091315451
2018-06-28,0.1998448113991956
2018-06-29,0.21366670302320168
2018-07-02,0.15402199859042154
2018-07-03,0.1278406705773098
2018-07-04,0.1486748212143458
2018-07-05,0.1468869340350701
2018-07-06,0.11657816679733635
2018-07-09,0.33454921066731813
2018-07-10,0.18543188069641825
2018-07-11,0.13877457522193049
2018-07-12,0.10202349646803893
2018-07-13,0.10513694665802627
2018-07-16,0.09761556260303852
2018-07-17,0.16242743648100644
2018-07-18,0.20937468092265696
2018-07-19,0.1521083441553791
2018-07-20,0.10472873709225268
2018-07-23,0.07568627051607225
2018-07-24,0.09970758106256859
2018-07-25,0.10568698905297853
2018-07-26,0.10058864441937553
2018-07-27,0.06270792667798865
2018-07-30,0.07278870601754185
2018-07-31,0.0805019362684917
2018-08-01,0.07129686561782723
2018-08-02,0.26326471476385954
2018-08-03,0.1068282338726585
2018-08-06,0.05769291876419729
2018-08-07,0.06088318323197974
2018-08-08,0.0781407561927704
2018-08-09,0.1216859567351857
2018-08-10,0.35577732098883974
2018-08-13,0.13491745294843804
2018-08-14,0.11718598532381028
2018-08-15,0.08697632344050968
2018-08-16,0.11383656747955277
2018-08-17,0.10618322982105334
2018-08-20,0.06538367149888127
2018-08-21,0.14110043462186067
2018-08-22,0.09328042796605482
2018-08-23,0.1099921746574204
2018-08-24,0.0904403595756619
2018-08-27,0.05581085965173963
2018-08-28,0.0764430695028943
2018-08-29,0.5968404514711096
2018-08-30,0.10483946154038884
2018-08-31,0.14902027294584091
2018-09-03,0.1768130333607408
2018-09-04,0.13571383461121683
2018-09-05,0.7058318622358188
2018-09-06,0.16720747831522137
2018-09-07,0.29168067678604204
2018-09-10,0.2595345624715928
2018-09-11,0.1870625268636628
2018-09-12,0.1498921564068459
2018-09-13,0.16946637442646784
2018-09-14,0.11654548518365286
2018-09-17,0.1021214044294879
2018-09-18,0.11500685948229343
2018-09-19,0.29076713690720324
2018-09-20,0.11161729924216077
2018-09-21,0.31145687346945405
2018-09-24,0.16345096470537035
2018-09-25,0.12833584046773006
2018-09-26,0.160019262657093
2018-09-27,0.18363934058635556
2018-09-28,0.14633507579499985
2018-10-01,0.247904595915961
2018-10-02,0.11980758101773109
2018-10-03,0.16726531281744292
2018-10-04,0.1166411102932214
2018-10-05,0.15235215786967085
2018-10-08,0.12079464914090887
2018-10-09,0.14085360381783918
2018-10-10,0.10261363698171888
2018-10-11,0.13560270738888913
2018-10-12,0.16681392755475105
2018-10-15,0.18031102561909737
2018-10-16,0.13573142662052834
2018-10-17,0.12387726962197357
2018-10-18,0.17086126174211377
2018-10-19,0.17474375649409618
2018-10-22,0.1390307561675012
2018-10-23,0.19701385202273808
2018-10-24,0.12156239863552173
2018-10-25,0.14752511657889508
2018-10-26,0.15271242194154494
2018-10-29,0.13098813056181044
2018-10-30,0.10884842952564357
2018-10-31,0.2191984151874822
2018-11-01,0.40509340983936737
2018-11-02,0.11511003755200905
2018-11-05,0.1692730200771447
2018-11-06,0.1412308059429321
2018-11-07,0.19056089390489633
2018-11-08,0.15876987476840787
2018-11-09,0.14835276374975623
2018-11-12,0.30015204390464745
2018-11-13,0.3661698434735611
2018-11-14,1.1030781980639552
2018-11-15,0.9752580056658895
2018-11-16,0.35746402520939674
2018-11-19,0.32492668275777653
2018-11-20,0.18589334578469968
2018-11-21,0.21482743167340868
2018-11-22,0.3643109880097153
2018-11-23,0.149751492389331
2018-11-26,0.11328237845524187
2018-11-27,0.18389136521277039
2018-11-28,0.1854445330116683
2018-11-29,0.17276741879605792
2018-11-30,0.15048698527108326
2018-12-03,0.18500114087253489
2018-12-04,0.3084803564884884
2018-12-05,0.2313900746874185
2018-12-06,0.20816961017842628
2018-12-07,0.2910426257818157
2018-12-10,0.40803726603388846
2018-12-11,0.26413437382621036
2018-12-12,0.6457285068384859
2018-12-13,0.32987730471452076
2018-12-14,0.15424836935985298
2018-12-17,0.15803715860636916
2018-12-18,0.17359170474791336
2018-12-19,0.18847747845639012
2018-12-20,0.18144213364654369
2018-12-21,0.3120694932287139
2018-12-24,0.3208267548836555
2018-12-26,0.1594120813991688
2018-12-27,0.33578375643421665
2018-12-28,0.18370843546741997
2018-12-31,0.26468356330374515
2019-01-02,0.2653562766778542
2019-01-03,0.7782620673852613
2019-01-04,0.1998895837269582
2019-01-07,0.16471390256318796
2019-01-08,0.1447463040502742
2019-01-09,0.22306242851168573
2019-01-10,0.18158045130649889
2019-01-11,0.4218661129275862
2019-01-14,0.35227151098748466
2019-01-15,0.7984556826146978
2019-01-16,0.3449392348355503
2019-01-17,0.22174251357517757
2019-01-18,0.1700939978516886
2019-01-21,0.17986273156373705
2019-01-22,0.1412711602012182
2019-01-23,0.15558175876700883
2019-01-24,0.22615793436106862
2019-01-25,0.3542315528004424
2019-01-28,0.1635449792402525
2019-01-29,0.4544974997432633
2019-01-30,0.21793395193562412
2019-01-31,0.18587073058559414
2019-02-01,0.2870490333866547
2019-02-04,0.15301870527214156
2019-02-05,0.2023446277328133
2019-02-06,0.11982431750020006
2019-02-07,0.2663460481544977
2019-02-08,0.12038208884514848
2019-02-11,0.16548266476809143
2019-02-12,0.12339349344642235
2019-02-13,0.21235750977125128
2019-02-14,0.19302849128009025
2019-02-15,0.1589897809040215
2019-02-18,0.09277128468950223
2019-02-19,0.19190163654213213
2019-02-20,0.22801473587054447
2019-02-21,0.2176419832757423
2019-02-22,0.09869567759212505
2019-02-25,0.1754672388842116
2019-02-26,0.39026493636391396
2019-02-27,0.18413505725513438
2019-02-28,0.18943108533366487
2019-03-01,0.1916656211920478
2019-03-04,0.15265318309989073
2019-03-05,0.250918972425072
2019-03-06,0.15788167106918477
2019-03-07,0.2953574018842157
2019-03-08,0.6536249436926969
2019-03-11,0.6084850614124389
2019-03-12,1.7014217692668363
2019-03-13,0.5507512047746468
2019-03-14,0.5860399783909459
2019-03-15,0.22386006093719468
2019-03-18,0.28747711544582777
2019-03-19,0.17623322976388747
2019-03-20,0.45680420914319064
2019-03-21,0.4414192367493801
2019-03-22,0.37460961792051795
2019-03-25,0.40439020139835324
2019-03-26,0.36996614354901586
2019-03-27,0.5845693265543433
2019-03-28,0.648290001352161
2019-03-29,0.6600328387285536
2019-04-01,0.2537805643608686
2019-04-02,0.5087644151366777
2019-04-03,0.2801440923402582
2019-04-04,0.20929544456813737
2019-04-05,0.21574705926310228
2019-04-08,0.16685934515843975
2019-04-09,0.33829695702186113
2019-04-10,0.18664972670592225
2019-04-11,0.19117136198330242
2019-04-12,0.14693085824182286
2019-04-15,0.12445313705821529
2019-04-16,0.11465850742251482
2019-04-17,0.11852003503065593
2019-04-18,0.10653135298992313
2019-04-19,0.06391995923604393
2019-04-22,0.032950383324095445
2019-04-23,0.13267770219350153
2019-04-24,0.11786302438083893
2019-04-25,0.1004906196873434
2019-04-26,0.09242519801239105
2019-04-29,0.06444964531150255
2019-04-30,0.11102482811230487
2019-05-01,0.12550866266500255
2019-05-02,0.11980801609579
2019-05-03,0.16124368988401577
2019-05-06,0.10562046070285813
2019-05-07,0.11897613353524478
2019-05-08,0.11181432453327401
2019-05-09,0.10585253454459621
2019-05-10,0.11209072516764715
2019-05-13,0.08437940485117977
2019-05-14,0.1227204744006836
2019-05-15,0.13470421697367435
2019-05-16,0.08146734746701359
2019-05-17,0.09671448508607845
2019-05-20,0.0664242434718296
2019-05-21,0.18321526825596968
2019-05-22,0.16004645381757196
2019-05-23,0.12907007022550798
2019-05-24,0.203889745192692
2019-05-27,0.07172651431537523
2019-05-28,0.14674850855582608
2019-05-29,0.10359420811931808
2019-05-30,0.09406278370966994
2019-05-31,0.15500406319484689
2019-06-03,0.11972857043437908
2019-06-04,0.10829872936314798
2019-06-05,0.12248280839275424
2019-06-06,0.1576671493874136
2019-06-07,0.14412208669804
2019-06-10,0.11142848799221133
2019-06-11,0.13391170608092368
2019-06-12,0.1647215096248573
2019-06-13,0.08880362325725955
2019-06-14,0.11272811490946147
2019-06-17,0.10557831364515254
2019-06-18,0.18726710021896328
2019-06-19,0.09815074626875749
2019-06-20,0.16287918707524107
2019-06-21,0.17376031066074601
2019-06-24,0.09648096791996669
2019-06-25,0.1563823184339758
2019-06-26,0.1380849278655193
2019-06-27,0.14649558138472143
2019-06-28,0.11169639851387869
2019-07-01,0.1835485239762683
2019-07-02,0.14553024190406252
2019-07-03,0.08226745338417162
2019-07-04,0.05447458416871341
2019-07-05,0.09460357307640636
2019-07-08,0.06536304295216418
2019-07-09,0.10228629647995718
2019-07-10,0.09776831180195356
2019-07-11,0.07978136139173805
2019-07-12,0.07765532072909831
2019-07-15,0.09914628796689376
2019-07-16,0.11460143619285523
2019-07-17,0.10096166647007872
2019-07-18,0.14011018250535706
2019-07-19,0.0957303505631216
2019-07-22,0.0909156676697174
2019-07-23,0.12946288239621503
2019-07-24,0.12672462136641843
2019-07-25,0.21240487052755927
2019-07-26,0.12431613269794117
2019-07-29,0.22214907723776986
2019-07-30,0.40545980652617253
2019-07-31,0.22153174595492361
2019-08-01,0.3282792038188327
2019-08-02,0.31773883370027284
2019-08-05,0.33449266961577206
2019-08-06,0.3194105227352729
2019-08-07,0.24907798739396436
2019-08-08,0.2275326872197686
2019-08-09,0.2883230062251078
2019-08-12,0.28172149612589903
2019-08-13,0.21914343911218576
2019-08-14,0.1493919460695339
2019-08-15,0.24731753030257067
2019-08-16,0.16653514069511954
2019-08-19,0.16428626613955508
2019-08-20,0.2722634289986817
2019-08-21,0.15450147950738286
2019-08-22,0.4636108168559011
2019-08-23,0.2666925949250823
2019-08-26,0.2256727065258482
2019-08-27,0.21415561030264751
2019-08-28,0.3797392082981266
2019-08-29,0.2533656591900747
2019-08-30,0.24755444906794297
2019-09-02,0.26864019276865536
2019-09-03,0.44235614342981366
2019-09-04,0.31239438567546857
2019-09-05,0.33636188221444835
2019-09-06,0.21776527742979332
2019-09-09,0.34903922342489613
2019-09-10,0.17460655434274405
2019-09-11,0.19498568597326205
2019-09-12,0.4558916705476828
2019-09-13,0.37960749905797225
2019-09-16,0.2519797206161993
2019-09-17,0.18745451128161605
2019-09-18,0.2563940274778584
2019-09-19,0.300776096604379
2019-09-20,0.23776283281618113
2019-09-23,0.2686619834334754
2019-09-24,0.23073489105806788
2019-09-25,0.19059683994147084
2019-09-26,0.21842982597310487
2019-09-27,0.22483390398551273
2019-09-30,0.20507394818312893
2019-10-01,0.6658063560317071
2019-10-02,0.31318551821532187
2019-10-03,0.27075152047018425
2019-10-04,0.26293915828882564
2019-10-07,0.13224366034130874
2019-10-08,0.2958311655371755
2019-10-09,0.2763831716177539
2019-10-10,0.64175547790209
2019-10-11,1.121689088356163
2019-10-14,0.5067220890889481
2019-10-15,0.9900669342997256
2019-10-16,1.2825820102500005
2019-10-17,0.9188802759471393
2019-10-18,0.44626336546848105
2019-10-21,0.34729943428769017
2019-10-22,0.6428396622494623
2019-10-23,0.31316712762384863
2019-10-24,0.28319969594395816
2019-10-25,0.14891991968731577
2019-10-28,0.18151949920669128
2019-10-29,0.20081564093886312
2019-10-30,0.15307386857593822
2019-10-31,0.1434709316993517
2019-11-01,0.1064327852304585
2019-11-04,0.07578476936689378
2019-11-05,0.10836645658221267
2019-11-06,0.07558193714599303
2019-11-07,0.21015634368983435
2019-11-08,0.08657049347106281
2019-11-11,0.14808300357810783
2019-11-12,0.10194741002905108
2019-11-13,0.1211910211650047
2019-11-14,0.10399752337728288
2019-11-15,0.11498218886274574
2019-11-18,0.10103635454142852
2019-11-19,0.10461823176175186
2019-11-20,0.10361866603502459
2019-11-21,0.09752460805678596
2019-11-22,0.1312966466401629
2019-11-25,0.09156830899468042
2019-11-26,0.11217279536401577
2019-11-27,0.15428559968986605
2019-11-28,0.13155680978720943
2019-11-29,0.11331919553891152
2019-12-02,0.1265564299873219
2019-12-03,0.11422641744500966
2019-12-04,0.18367003506800647
2019-12-05,0.11621101471871076
2019-12-06,0.12924244566033213
2019-12-09,0.12207005545672311
2019-12-10,0.15079371506367026
2019-12-11,0.1861731287402976
2019-12-12,0.590743087903616
2019-12-13,0.7863037329140826
2019-12-16,0.20626832411121215
2019-12-17,0.6135946978928375
2019-12-18,0.2683751878716894
2019-12-19,0.45118650120918546
2019-12-20,0.22190482236501238
2019-12-23,0.2454791745350275
2019-12-24,0.16990211485002313
2019-12-26,0.08922226173420376
2019-12-27,0.17136333447306765
2019-12-30,0.20714649524297601
2019-12-31,0.27156464524836427
2020-01-02,0.21739447528934025
2020-01-03,0.20511382298907474
2020-01-06,0.1701310831344233
2020-01-07,0.1706556413753736
2020-01-08,0.2438202346827527
2020-01-09,0.19731885759931453
2020-01-10,0.14330004769912658
2020-01-13,0.12566062635064357
2020-01-14,0.14309662840262874
2020-01-15,0.13639317344338767
2020-01-16,0.11698828806116482
2020-01-17,0.2201413677087246
2020-01-20,0.08006097492560253
2020-01-21,0.11107068040728392
2020-01-22,0.12458221742122297
2020-01-23,0.14458265259783576
2020-01-24,0.14412698672701646
2020-01-27,0.12916528872664232
2020-01-28,0.13575983389382262
2020-01-29,0.08614418021016716
2020-01-30,0.22905407726901278
2020-01-31,0.14341719211902337
2020-02-03,0.1818842279545426
2020-02-04,0.19703074061955642
2020-02-05,0.2512703647641768
2020-02-06,0.12937682736860964
2020-02-07,0.08882689986410716
2020-02-10,0.101713501726441
2020-02-11,0.10754738627774958
2020-02-12,0.1168954320794427
2020-02-13,0.26470298780842166
2020-02-14,0.16743945260844925
2020-02-17,0.08453797644870732
2020-02-18,0.16103376486123896
2020-02-19,0.17347091232563733
2020-02-20,0.2158854138879345
2020-02-21,0.18121460615124796
2020-02-24,0.2091244520589582
2020-02-25,0.1607905495014112
2020-02-26,0.2731629816859227
2020-02-27,0.3438488619030091
2020-02-28,0.6935182176582493
2020-03-02,0.6023988504490739
2020-03-03,0.5913535296143971
2020-03-04,0.3090391180153949
2020-03-05,0.31422788460613865
2020-03-06,0.5445015640847504
2020-03-09,1.6362598137690896
2020-03-10,0.6517175773887965
2020-03-11,0.7990814268785978
2020-03-12,1.8055215499872161
2020-03-13,1.6001699988272595
2020-03-16,2.5710465529698197
2020-03-17,1.2356577827745325
2020-03-18,3.9806472730946156
2020-03-19,3.8970646583139144
2020-03-20,4.137456280442736
2020-03-23,3.143743996125541
2020-03-24,1.9711163194944306
2020-03-25,1.906418846711123
2020-03-26,1.6512573949173381
2020-03-27,1.5331013532456343
2020-03-30,0.9791029053297887
2020-03-31,1.3263476447118097
2020-04-01,0.7035441937720832
2020-04-02,0.6050467784448664
2020-04-03,0.6618854372492374
2020-04-06,0.7076342677420344
2020-04-07,0.7206137686468989
2020-04-08,0.3877236390207083
2020-04-09,0.35646874738578477
2020-04-10,0.1555069711254722
2020-04-13,0.209712086238988
2020-04-14,0.3677625415682587
2020-04-15,0.35643219208858024
2020-04-16,0.23189814662836525
2020-04-17,0.2787867816429872
2020-04-20,0.22432156543364704
2020-04-21,0.3096908733887994
2020-04-22,0.2945169883470429
2020-04-23,0.3464539189301741
2020-04-24,0.2829214039465468
2020-04-27,0.2203279455114191
2020-04-28,0.18591082925517916
2020-04-29,0.17574042474425194
2020-04-30,0.3343442728576302
2020-05-01,0.28822064216132115
2020-05-04,0.2227255025370339
2020-05-05,0.2213153363217873
2020-05-06,0.2257390579292386
2020-05-07,0.4645615311039389
2020-05-08,0.20080126285930583
2020-05-11,0.3312565158360979
2020-05-12,0.27012101920845727
2020-05-13,0.2985709713922725
2020-05-14,0.2640421611350305
2020-05-15,0.22500578125224488
2020-05-18,0.27791014584691864
2020-05-19,0.2339810145735145
2020-05-20,0.22869921266043552
2020-05-21,0.1736876565368373
2020-05-22,0.14427423446340013
2020-05-25,0.08541552233377873
2020-05-26,0.21059669139827342
2020-05-27,0.3659637768945614
2020-05-28,0.21468675728495898
2020-05-29,0.33510104499283655
2020-06-01,0.26405713212054843
2020-06-02,0.3162672746271758
2020-06-03,0.3078880330031453
2020-06-04,0.30451655328060345
2020-06-05,0.3851293676211972
2020-06-08,0.2016163867100048
2020-06-09,0.24060122460136488
2020-06-10,0.24041742252950446
2020-06-11,0.22065798389189667
2020-06-12,0.35399272787549413
2020-06-15,0.24458778347364477
2020-06-16,0.23718321514781052
2020-06-17,0.3217250130610442
2020-06-18,0.36190292427068266
2020-06-19,0.24472553481880724
2020-06-22,0.22180615216280858
2020-06-23,0.2302629717843582
2020-06-24,0.21185126010967203
2020-06-25,0.22456431234141613
2020-06-26,0.17404444673871627
2020-06-29,0.19236435060804208
2020-06-30,0.19941610828922351
2020-07-01,0.17819628058970666
2020-07-02,0.15687423651584734
2020-07-03,0.12867867606012168
2020-07-06,0.19279556817393265
2020-07-07,0.17815883086959147
2020-07-08,0.14094816445398076
2020-07-09,0.14007381368966082
2020-07-10,0.12576932643310818
2020-07-13,0.14223954375929287
2020-07-14,0.15377875389316217
2020-07-15,0.1501733837455613
2020-07-16,0.12261627042684235
2020-07-17,0.12780852058182418
2020-07-20,0.19016312420821202
2020-07-21,0.2293326189725666
2020-07-22,0.23161490869506915
2020-07-23,0.18363431017479834
2020-07-24,0.1711364985310093
2020-07-27,0.2159237553375491
2020-07-28,0.17370938942447675
2020-07-29,0.16796372305300133
2020-07-30,0.20045098046948426
2020-07-31,0.3010453596403367
2020-08-03,0.17852756306547218
2020-08-04,0.1699879614566478
2020-08-05,0.15946398069704945
2020-08-06,0.27060033811210493
2020-08-07,0.14629328970725303
2020-08-10,0.10106054076996217
2020-08-11,0.11649907122082288
2020-08-12,0.12953529152557106
2020-08-13,0.11429467241857508
2020-08-14,0.10947348668288781
2020-08-17,0.1665684287288839
2020-08-18,0.1606187432577886
2020-08-19,0.1324235838425946
2020-08-20,0.20966041296422078
2020-08-21,0.21372301101900545
2020-08-24,0.1332126860025218
2020-08-25,0.19467390270737273
2020-08-26,0.13786000524429584
2020-08-27,0.15519222571843136
2020-08-28,0.15372978739637264
2020-08-31,0.13749329187402087
2020-09-01,0.13857290052165236
2020-09-02,0.1640692045098185
2020-09-03,0.21418002224507798
2020-09-04,0.19614708241305517
2020-09-07,0.14973236921868427
2020-09-08,0.19919943288571693
2020-09-09,0.3543684285417088
2020-09-10,0.4463317867996967
2020-09-11,0.4522297508345533
2020-09-14,0.25345474512886595
2020-09-15,0.212210191523943
2020-09-16,0.23056635526034056
2020-09-17,0.5174042327747275
2020-09-18,0.18816443017165876
2020-09-21,0.2106705210145068
2020-09-22,0.334479784773676
2020-09-23,0.24895925341370612
2020-09-24,0.2866490732282497
2020-09-25,0.23712013307671637
2020-09-28,0.33044972625389146
2020-09-29,0.3767185807811748
2020-09-30,0.2151974023524634
2020-10-01,0.8056682145438634
2020-10-02,0.5006236029927824
2020-10-05,0.20384513576527233
2020-10-06,0.25735395149753276
2020-10-07,0.2307048481118122
2020-10-08,0.22906401599066084
2020-10-09,0.16859071428657385
2020-10-12,0.15165484563704762
2020-10-13,0.21539781765546712
2020-10-14,0.21122160618614613
2020-10-15,0.3595532784202285
2020-10-16,0.4561207171360469
2020-10-19,0.2615357432442238
2020-10-20,0.23268515619537286
2020-10-21,0.26062363059089017
2020-10-22,0.17698261793052072
2020-10-23,0.2177187651049537
2020-10-26,0.22092204586254754
2020-10-27,0.14821021759921138
2020-10-28,0.316224597322024
2020-10-29,0.24692503366864033
2020-10-30,0.28037911647195485
2020-11-02,0.20335546060306472
2020-11-03,0.18828865321519941
2020-11-04,0.5655932327993352
2020-11-05,0.5205807473492251
2020-11-06,0.33497793453367036
2020-11-09,0.30607202152399704
2020-11-10,0.3293378386199105
2020-11-11,0.3205160231451813
2020-11-12,0.2658185694912033
2020-11-13,0.16331932216004583
2020-11-16,0.25547049756243045
2020-11-17,0.187602310223464
2020-11-18,0.09511157336133948
2020-11-19,0.17361412301131968
2020-11-20,0.140871756167446
2020-11-23,0.19687265802652096
2020-11-24,0.16969506596569445
2020-11-25,0.1984126499960822
2020-11-26,0.1028455488530732
2020-11-27,0.21285703777763743
2020-11-30,0.2632398120809356
2020-12-01,0.4494180016440836
2020-12-02,0.3969711631885515
2020-12-03,0.29047000259014577
2020-12-04,0.45568813559687404
2020-12-07,0.5891799290288925
2020-12-08,0.487416208375686
2020-12-09,0.2673523663564245
2020-12-10,0.5406830338326334
2020-12-11,0.547361850281997
2020-12-14,0.42236151956010126
2020-12-15,0.48408030108913347
2020-12-16,0.4625869847483331
2020-12-17,0.26371997771855316
2020-12-18,0.31125050863754705
2020-12-21,1.1483534220809368
2020-12-22,0.5037762711909715
2020-12-23,0.46822634314425726
2020-12-24,0.4326663905146413
2020-12-28,0.3427569966367471
2020-12-29,0.2512863680675444
2020-12-30,0.2616846636441739
2020-12-31,0.3274151234401281
2021-01-04,0.26585023798826074
2021-01-05,0.23967665750065484
2021-01-06,0.2658457745055039
2021-01-07,0.19356903681047624
2021-01-08,0.16143790110785533
2021-01-11,0.1803177971848221
2021-01-12,0.19570971025861164
2021-01-13,0.15388543694084544
2021-01-14,0.195881900242761
2021-01-15,0.13230996869075215
2021-01-18,0.11048525160638238
2021-01-19,0.09659622278342098
2021-01-20,0.2119294624172813
2021-01-21,0.1934900117499658
2021-01-22,0.13624128101993319
2021-01-25,0.11688293866007894
2021-01-26,0.10579308215694315
2021-01-27,0.16451966495592724
2021-01-28,0.17150108114144832
2021-01-29,0.16896265578039432
2021-02-01,0.1464239825488474
2021-02-02,0.10172516886277669
2021-02-03,0.10681121237488492
2021-02-04,0.34037861331345387
2021-02-05,0.08944742096507179
2021-02-08,0.09121115139468892
2021-02-09,0.09799602606538961
2021-02-10,0.0839016256505709
2021-02-11,0.07242960150758207
2021-02-12,0.08858022416580683
2021-02-15,0.06928636494824536
2021-02-16,0.11294008441530878
2021-02-17,0.11307072533883601
2021-02-18,0.11665834775246056
2021-02-19,0.09845314057875042
2021-02-22,0.11590368265084777
2021-02-23,0.10249843096910995
2021-02-24,0.3864880151604692
2021-02-25,0.2505001866164185
2021-02-26,0.4993150803683604
2021-03-01,0.21410493573212314
2021-03-02,0.1627658534116815
2021-03-03,0.22325699267492485
2021-03-04,0.18141791703022933
2021-03-05,0.25472227555914295
2021-03-08,0.1971090062775617
2021-03-09,0.15532322320680536
2021-03-10,0.14110818206932432
2021-03-11,0.12110111701355915
2021-03-12,0.12355129964818783
2021-03-15,0.11478823917016816
2021-03-16,0.14695555915805947
2021-03-17,0.1506686900419802
2021-03-18,0.1951122367299444
2021-03-19,0.1703423636044895
2021-03-22,0.11841244196638158
2021-03-23,0.18416655267434237
2021-03-24,0.12770097239411052
2021-03-25,0.1463274257750771
2021-03-26,0.15191139670351947
2021-03-29,0.16634992090960113
2021-03-30,0.12981065538733122
2021-03-31,0.10858118389809987
2021-04-01,0.12848399342101394
2021-04-02,0.09524207478908132
2021-04-05,0.062116385712747496
2021-04-06,0.1469811725471466
2021-04-07,0.2342896841029964
2021-04-08,0.133118082984838
2021-04-09,0.13695441115349669
2021-04-12,0.14366725802018918
2021-04-13,0.18132967072293907
2021-04-14,0.12342595048951988
2021-04-15,0.12511653501107697
2021-04-16,0.13046295456053014
2021-04-19,0.2052760263407615
2021-04-20,0.14236782367855155
2021-04-21,0.09287837192878474
2021-04-22,0.14500246753098558
2021-04-23,0.12230178105810391
2021-04-26,0.12886311717563562
2021-04-27,0.12945086716599483
2021-04-28,0.12096234550326962
2021-04-29,0.11981013253004097
2021-04-30,0.14967196234760186
2021-05-03,0.10255955550816666
2021-05-04,0.10865381313780842
2021-05-05,0.09777788219491114
2021-05-06,0.18412605483669214
2021-05-07,0.12897096878024
2021-05-10,0.1530517773990925
2021-05-11,0.14446156628676815
2021-05-12,0.1189490637076789
2021-05-13,0.11445298499583385
2021-05-14,0.11455028658059702
2021-05-17,0.09127253282106251
2021-05-18,0.09139170641600165
2021-05-19,0.13112718291185804
2021-05-20,0.0835448275772407
2021-05-21,0.10468538744108326
2021-05-24,0.08619279091074916
2021-05-25,0.09044499644395138
2021-05-26,0.10471733539241079
2021-05-27,0.1507629172886352
2021-05-28,0.11415680107401771
2021-05-31,0.07141061960442785
2021-06-01,0.12649932385856102
2021-06-02,0.10261133791914766
2021-06-03,0.08986766703070813
2021-06-04,0.09294049760747698
2021-06-07,0.09531151700443555
2021-06-08,0.0764562589536362
2021-06-09,0.09749281420597203
2021-06-10,0.14548233257136323
2021-06-11,0.08087532106766829
2021-06-14,0.0911163570347449
2021-06-15,0.10906951578514547
2021-06-16,0.1150137972281514
2021-06-17,0.16319248967291894
2021-06-18,0.17200400250212114
2021-06-21,0.15430682267169893
2021-06-22,0.12283123580498047
2021-06-23,0.1376025537655588
2021-06-24,0.31080099659101
2021-06-25,0.10267352826263842
2021-06-28,0.12713000349544823
2021-06-29,0.09974897059373983
2021-06-30,0.13326635233093428
2021-07-01,0.13488219615181002
2021-07-02,0.08070937404255055
2021-07-05,0.053958973862350185
2021-07-06,0.09415355209142134
2021-07-07,0.12083908988422334
2021-07-08,0.1366667729388344
2021-07-09,0.145307546943666
2021-07-12,0.11010940041768137
2021-07-13,0.07614564234311558
2021-07-14,0.10273978831370502
2021-07-15,0.22045023737396163
2021-07-16,0.1410403541756881
2021-07-19,0.17995459669486785
2021-07-20,0.1915490172711092
2021-07-21,0.13349189627323108
2021-07-22,0.2109442795525333
2021-07-23,0.10797767052871815
2021-07-26,0.11015464323372898
2021-07-27,0.11902738645395547
2021-07-28,0.10448907738509
2021-07-29,0.08818878700318954
2021-07-30,0.10305242867276528
2021-08-02,0.09643618411130936
2021-08-03,0.06557058742382489
2021-08-04,0.08851928064490074
2021-08-05,0.10976538123762614
2021-08-06,0.06472152017728183
2021-08-09,0.08395431439448313
2021-08-10,0.08263004789131469
2021-08-11,0.06177330791469935
2021-08-12,0.0699758688368475
2021-08-13,0.058538464195092364
2021-08-16,0.08342027845454927
2021-08-17,0.08359728259640666
2021-08-18,0.07509498284937592
2021-08-19,0.09796863422426627
2021-08-20,0.10465271853456913
2021-08-23,0.08317677742709353
2021-08-24,0.09028872504238358
2021-08-25,0.055559023967892966
2021-08-26,0.05269604432052486
2021-08-27,0.08442239174952576
2021-08-30,0.05798107257647671
2021-08-31,0.08242632588515067
2021-09-01,0.05226041969337992
2021-09-02,0.04779116100370777
2021-09-03,0.06906499057877293
2021-09-06,0.04497477259358405
2021-09-07,0.07277840631623313
2021-09-08,0.052844410396312456
2021-09-09,0.09046767620635218
2021-09-10,0.06341559848649556
2021-09-13,0.06213092051503308
2021-09-14,0.08293768195816022
2021-09-15,0.08581826860913613
2021-09-16,0.10529093217747232
2021-09-17,0.09401958732614688
2021-09-20,0.13433160616655968
2021-09-21,0.09710296565619368
2021-09-22,0.1203648189766799
2021-09-23,0.19000455989135498
2021-09-24,0.09446789320989335
2021-09-27,0.1296486176146498
2021-09-28,0.22370472544091544
2021-09-29,0.22064105129235592
2021-09-30,0.205117227278199
2021-10-01,0.1620263290229577
2021-10-04,0.13730255534558536
2021-10-05,0.10340232294376049
2021-10-06,0.13965141987366822
2021-10-07,0.11430741671073281
2021-10-08,0.0732365138223135
2021-10-11,0.09457551097342906
2021-10-12,0.1233841098259745
2021-10-13,0.1132685824549093
2021-10-14,0.0964903147671449
2021-10-15,0.08103682572702585
2021-10-18,0.10847942808548888
2021-10-19,0.10585014077198221
2021-10-20,0.09223815485888329
2021-10-21,0.08110025886746053
2021-10-22,0.17154852611077812
2021-10-25,0.1077141539993084
2021-10-26,0.1103296576234282
2021-10-27,0.14257330883960528
2021-10-28,0.14813482530008823
2021-10-29,0.11170259477296483
2021-11-01,0.13404335216471622
2021-11-02,0.12312048692468884
2021-11-03,0.10511058902189738
2021-11-04,0.43855307759488554
2021-11-05,0.19134191929254066
2021-11-08,0.11768051937679641
2021-11-09,0.11658311491017574
2021-11-10,0.1269424358234963
2021-11-11,0.12544811259533797
2021-11-12,0.10298812873114155
2021-11-15,0.10029505186886405
2021-11-16,0.1506670686150291
2021-11-17,0.1863244107543383
2021-11-18,0.1017004691382677
2021-11-19,0.1521261539609548
2021-11-22,0.11901969023396798
2021-11-23,0.09528994482421975
2021-11-24,0.1023364907455641
2021-11-25,0.08896639258716955
2021-11-26,0.284841164688338
2021-11-29,0.1534940809825457
2021-11-30,0.21792562525591933
2021-12-01,0.2177846956601549
2021-12-02,0.1553489413230466
2021-12-03,0.23982224303444727
2021-12-06,0.13509180532160714
2021-12-07,0.1312057540799302
2021-12-08,0.27093644259865207
2021-12-09,0.10984297608745353
2021-12-10,0.15145860567258398
2021-12-13,0.10474490066982
2021-12-14,0.13248888601824066
2021-12-15,0.13337612637692245
2021-12-16,0.4250597182587189
2021-12-17,0.14852844758103173
2021-12-20,0.13803587415604024
2021-12-21,0.1180662232632554
2021-12-22,0.13595989794257482
2021-12-23,0.1365974091180596
2021-12-24,0.17010549892358529
2021-12-27,0.11386627218500578
2021-12-28,0.07117344075873826
2021-12-29,0.12799860242552918
2021-12-30,0.1207209496157582
2021-12-31,0.15216470985612263
2022-01-03,0.13255229044846178
2022-01-04,0.15646892773285673
2022-01-05,0.13485363660003216
2022-01-06,0.12408394666627698
2022-01-07,0.07349463564865216
2022-01-10,0.09702006296947524
2022-01-11,0.09550500109685106
2022-01-12,0.07136992686873041
2022-01-13,0.0957711998128735
2022-01-14,0.08283322355805649
2022-01-17,0.06763675193665268
2022-01-18,0.08699957720120281
2022-01-19,0.09474065387970236
2022-01-20,0.08166554537654547
2022-01-21,0.11634373343958394
2022-01-24,0.13751785971823727
2022-01-25,0.12343884574853234
2022-01-26,0.1107029721986918
2022-01-27,0.10879471461097735
2022-01-28,0.11727939970523228
2022-01-31,0.14710408320284166
2022-02-01,0.112995687570727
2022-02-02,0.07321727124691062
2022-02-03,0.5294195229147645
2022-02-04,0.2340315165086571
2022-02-07,0.13869558528165854
2022-02-08,0.12631364467823564
2022-02-09,0.08571930379488327
2022-02-10,0.11333651792752875
2022-02-11,0.16764561189890853
2022-02-14,0.16347595670220227
2022-02-15,0.12981229861236185
2022-02-16,0.11211606318052765
2022-02-17,0.141521335384935
2022-02-18,0.1286938901031224
2022-02-21,0.10948041433584019
2022-02-22,0.22287650026185388
2022-02-23,0.11229741108548422
2022-02-24,0.39811815086862945
2022-02-25,0.21884384905337012
2022-02-28,0.35535532710481715
2022-03-01,0.22817857060624955
2022-03-02,0.29980213765767166
2022-03-03,0.17475613369881404
2022-03-04,0.23501583752616406
2022-03-07,0.45747286143000826
2022-03-08,0.4487090215931323
2022-03-09,0.36657912076498456
2022-03-10,0.5316111957870365
2022-03-11,0.28216318341574903
2022-03-14,0.2395914744399633
2022-03-15,0.2785852500745306
2022-03-16,0.28148202096475605
2022-03-17,0.5189120980355519
2022-03-18,0.14053565306802543
2022-03-21,0.11970477511050767
2022-03-22,0.16171410843972478
2022-03-23,0.18428476610055958
2022-03-24,0.1531629667928658
2022-03-25,0.14853740099386775
2022-03-28,0.19020565620369578
2022-03-29,0.2684322945869581
2022-03-30,0.19635936890412725
2022-03-31,0.20123292225698314
2022-04-01,0.17027661134735003
2022-04-04,0.11630088279478568
2022-04-05,0.11121985799588634
2022-04-06,0.13015917819017825
2022-04-07,0.1758011969209925
2022-04-08,0.15381443618112997
2022-04-11,0.12297035278385356
2022-04-12,0.14548075761733897
2022-04-13,0.08667219590666901
2022-04-14,0.2538456484443365
2022-04-15,0.13193029639557513
2022-04-18,0.0592178477507747
2022-04-19,0.10186821112608109
2022-04-20,0.15402685657227452
2022-04-21,0.15169585833062288
2022-04-22,0.23668568795577413
2022-04-25,0.24932227707391474
2022-04-26,0.20137202229376644
2022-04-27,0.22676201073597624
2022-04-28,0.2866543790584674
2022-04-29,0.22273124951091397
2022-05-02,0.18487012884003654
2022-05-03,0.1739321176369458
2022-05-04,0.21169772343105875
2022-05-05,0.4901040544426803
2022-05-06,0.2895466421099275
2022-05-09,0.2672117237857242
2022-05-10,0.2682951161657567
2022-05-11,0.3596647520890159
2022-05-12,0.3620385040431154
2022-05-13,0.19151155106098589
2022-05-16,0.21437530106564467
2022-05-17,0.36002661726398333
2022-05-18,0.26278244909153253
2022-05-19,0.33361350278979307
2022-05-20,0.20578214251895677
2022-05-23,0.21353236652250662
2022-05-24,0.5081937302934167
2022-05-25,0.2582459855726777
2022-05-26,0.20331491894061238
2022-05-27,0.15214104541517565
2022-05-30,0.12714982441066983
2022-05-31,0.2208424470548718
2022-06-01,0.13975006690743513
2022-06-02,0.12082896746836405
2022-06-03,0.11232779423337667
2022-06-06,0.17985607798203157
2022-06-07,0.2328151803051452
2022-06-08,0.16155243439684427
2022-06-09,0.4483120218570463
2022-06-10,0.19896050331433499
2022-06-13,0.3483398316379642
2022-06-14,0.4671143253611895
2022-06-15,0.5158627173674433
2022-06-16,1.5643352925599772
2022-06-17,0.3719784455729036
2022-06-20,0.20641652311494477
2022-06-21,0.19541105164878791
2022-06-22,0.26162167721031604
2022-06-23,0.31586594054008094
2022-06-24,0.1963664757126746
2022-06-27,0.14915297876116962
2022-06-28,0.18825762113664374
2022-06-29,0.24430456515614277
2022-06-30,0.3889828877464905
2022-07-01,0.24808093623069818
2022-07-04,0.11609292597796037
2022-07-05,0.3780797490763286
2022-07-06,0.2477020261661836
2022-07-07,0.28870329010381757
2022-07-08,0.2612038538909601
2022-07-11,0.17662167893667596
2022-07-12,0.24719986183156023
2022-07-13,0.3168491828391403
2022-07-14,0.2969257456134413
2022-07-15,0.17977439183781188
2022-07-18,0.1738959175677735
2022-07-19,0.2528846231683358
2022-07-20,0.20996969741156432
2022-07-21,0.38045200327706324
2022-07-22,0.24339877329134205
2022-07-25,0.1871463989430318
2022-07-26,0.1703187769220883
2022-07-27,0.24553064233445723
2022-07-28,0.2635409401659152
2022-07-29,0.23879808426804577
2022-08-01,0.23399827583531915
2022-08-02,0.20225116142460775
2022-08-03,0.20552827514692568
2022-08-04,0.3653363859001502
2022-08-05,0.14241901836473178
2022-08-08,0.1438858129078186
2022-08-09,0.16382574064116864
2022-08-10,0.16765910137120954
2022-08-11,0.1423569667690995
2022-08-12,0.1490297864380293
2022-08-15,0.12448298282267474
2022-08-16,0.14277255448265275
2022-08-17,0.13603799535077193
2022-08-18,0.15037992338559886
2022-08-19,0.20041244892337845
2022-08-22,0.1524553637759775
2022-08-23,0.186671100180198
2022-08-24,0.15025435730742892
2022-08-25,0.1494669646402451
2022-08-26,0.23411967739769302
2022-08-29,0.1484167795905852
2022-08-30,0.2113312820391445
2022-08-31,0.24012877219819237
2022-09-01,0.1932932541224905
2022-09-02,0.2135401175733773
2022-09-05,0.20188326359066103
2022-09-06,0.25983259935580394
2022-09-07,0.2681867258502127
2022-09-08,0.30767844990782056
2022-09-09,0.23572651679866968
2022-09-12,0.24506003758437828
2022-09-13,0.18911968921832112
2022-09-14,0.19794106016921606
2022-09-15,0.1472017111321035
2022-09-16,0.3175822706044009
2022-09-19,0.1437621245148103
2022-09-20,0.18504437762903145
2022-09-21,0.23699698751116438
2022-09-22,0.5880114317664231
2022-09-23,1.100051745945934
2022-09-26,10.134160930507262
2022-09-27,1.0996946446230367
2022-09-28,1.8402807832328447
2022-09-29,1.3175988560627918
2022-09-30,1.873709001920377
2022-10-03,0.9132597941309643
2022-10-04,0.6130244046571641
2022-10-05,0.5348199404023725
2022-10-06,0.5581336252744611
2022-10-07,0.4260834894366032
2022-10-10,0.4242841571769764
2022-10-11,0.6292157329509321
2022-10-12,0.9922380110676101
2022-10-13,0.6119288217842623
2022-10-14,1.0069393364398773
2022-10-17,0.5862996032686021
2022-10-18,0.4502333881883796
2022-10-19,0.3413896882845973
2022-10-20,0.4462706599621149
2022-10-21,0.4261210642023254
2022-10-24,0.5615202910208305
2022-10-25,0.35327298573102967
2022-10-26,0.34286346827456776
2022-10-27,0.3054484083369001
2022-10-28,0.30746832439658656
2022-10-31,0.2842983979513058
2022-11-01,0.18106084350451657
2022-11-02,0.2130085675038094
2022-11-03,0.44460417156874954
2022-11-04,0.3007476280174167
2022-11-07,0.3540106198767363
2022-11-08,0.2598959140063761
2022-11-09,0.37212430535453644
2022-11-10,0.37201974949944117
2022-11-11,0.3271631422740535
2022-11-14,0.3667548755788984
2022-11-15,0.4241212869064589
2022-11-16,0.34575178468273643
2022-11-17,0.3670453137717405
2022-11-18,0.2171942107498997
2022-11-21,0.1814549638591849
2022-11-22,0.1707419597424036
2022-11-23,0.20469566196482197
2022-11-24,0.2181691211575327
2022-11-25,0.22815189318312892
2022-11-28,0.2628078684671257
2022-11-29,0.25201615678556405
2022-11-30,0.29429586152800596
2022-12-01,0.28620580611365726
2022-12-02,0.25160233854655745
2022-12-05,0.26498801804165173
2022-12-06,0.2981016859845158
2022-12-07,0.18791196021057419
2022-12-08,0.17569234405345116
2022-12-09,0.2060860401744968
2022-12-12,0.21181300990260818
2022-12-13,0.24648742999750436
2022-12-14,0.33324709610245146
2022-12-15,0.4670763579910879
2022-12-16,0.32398844774791163
2022-12-19,0.24053456109123494
2022-12-20,0.47783499326517836
2022-12-21,0.2565015413095107
2022-12-22,0.256480098472607
2022-12-23,0.2975900944035028
2022-12-26,0.14723383731283513
2022-12-27,0.16261663477112273
2022-12-28,0.22683336972907084
2022-12-29,0.18344734675183427
2022-12-30,0.3252386494394725
2023-01-03,0.3760572070454663
2023-01-04,0.3280468466544837
2023-01-05,0.20426679784644858
2023-01-06,0.22841426020177455
2023-01-09,0.18876787409429358
2023-01-10,0.17944517848864133
2023-01-11,0.12308317928387662
2023-01-12,0.2462034467835257
2023-01-13,0.19858059736801317
2023-01-16,0.14144580364876258
2023-01-17,0.3353267697805576
2023-01-18,0.29636918933388007
2023-01-19,0.2400786853700642
2023-01-20,0.1425311930471847
2023-01-23,0.19656259607996374
2023-01-24,0.2252190561711768
2023-01-25,0.17342234686471997
2023-01-26,0.15133865738345362
2023-01-27,0.11788934988454822
2023-01-30,0.13170574587908873
2023-01-31,0.15297556426150177
2023-02-01,0.13250209530500032
2023-02-02,0.4747193380214198
2023-02-03,0.22587791948848074
2023-02-06,0.14640101851866888
2023-02-07,0.178927472035805
2023-02-08,0.12874879461632435
2023-02-09,0.14478764839184852
2023-02-10,0.1205067587126404
2023-02-13,0.13266914248157743
2023-02-14,0.20607645772619548
2023-02-15,0.2339214260838911
2023-02-16,0.14648827515372234
2023-02-17,0.17658283218238582
2023-02-20,0.07389473951220343
2023-02-21,0.4003492786166253
2023-02-22,0.13158745182891834
2023-02-23,0.12270141744671521
2023-02-24,0.12560049283966443
2023-02-27,0.1380889965784511
2023-02-28,0.150968991346029
2023-03-01,0.2864541321399471
2023-03-02,0.16132272848181858
2023-03-03,0.13126614165818312
2023-03-06,0.15157856224430016
2023-03-07,0.18546295390235132
2023-03-08,0.11529620266629746
2023-03-09,0.11111748178412667
2023-03-10,0.2584303188168266
2023-03-13,0.28003378043736715
2023-03-14,0.17091643281211624
2023-03-15,0.4416285887601112
2023-03-16,0.2798727060234139
2023-03-17,0.17768548113960075
2023-03-20,0.1690832181838244
2023-03-21,0.18185851044459841
2023-03-22,0.2902990317943055
2023-03-23,0.22002992760156445
2023-03-24,0.18329126897052456
2023-03-27,0.13887242547998233
2023-03-28,0.08901460156462568
2023-03-29,0.10852983431347415
2023-03-30,0.12312602058486238
2023-03-31,0.15022557228197983
2023-04-03,0.13173513474342738
2023-04-04,0.1452093105870576
2023-04-05,0.1404572517678324
2023-04-06,0.09544369887949525
2023-04-07,0.07972538695182706
2023-04-10,0.10448314991011615
2023-04-11,0.08734449785501298
2023-04-12,0.13488306705728279
2023-04-13,0.098016642118655
2023-04-14,0.07127212126670075
2023-04-17,0.08958063102372357
2023-04-18,0.09592693197239235
2023-04-19,0.13511930918586956
2023-04-20,0.07478093519818
2023-04-21,0.08187829123152711
2023-04-24,0.09052553366023462
2023-04-25,0.09188964697621066
2023-04-26,0.1044503369842302
2023-04-27,0.08268063163862018
2023-04-28,0.14484977810063282
2023-05-01,0.06939279393832662
2023-05-02,0.09249413574584976
2023-05-03,0.11194932818427485
2023-05-04,0.2062007378007917
2023-05-05,0.09083402592128209
2023-05-08,0.0517007777381682
2023-05-09,0.08860323300268741
2023-05-10,0.08765797301099033
2023-05-11,0.18222829678842375
2023-05-12,0.09568649676834388
2023-05-15,0.0689417790884232
2023-05-16,0.11772724893889631
2023-05-17,0.07326343625610067
2023-05-18,0.08963956094623278
2023-05-19,0.06627867136997277
2023-05-22,0.07082551443857
2023-05-23,0.0907184506437411
2023-05-24,0.16749639317231066
2023-05-25,0.09242675492521657
2023-05-26,0.0963183639397808
2023-05-29,0.04495509701916503
2023-05-30,0.12097609342677149
2023-05-31,0.1263950079803065
2023-06-01,0.09336346760157323
2023-06-02,0.08146173284504729
2023-06-05,0.10094637061482874
2023-06-06,0.07193931312609386
2023-06-07,0.07604825928698662
2023-06-08,0.07513264195185201
2023-06-09,0.06283252950900967
2023-06-12,0.06768666680536255
2023-06-13,0.13877526838090265
2023-06-14,0.07945515636732746
2023-06-15,0.1702950356633919
2023-06-16,0.10460055580567411
2023-06-19,0.07244054045610578
2023-06-20,0.1003394366537578
2023-06-21,0.19815486470992077
2023-06-22,0.2598278840114155
2023-06-23,0.1784657373678356
2023-06-26,0.11048690855194172
2023-06-27,0.09970999324489065
2023-06-28,0.14554971160705754
2023-06-29,0.0944912493415349
2023-06-30,0.1179758215623423
2023-07-03,0.09514157041795844
2023-07-04,0.05867049460912629
2023-07-05,0.09050219088196548
2023-07-06,0.15053725042379767
2023-07-07,0.10114244136271873
2023-07-10,0.09430072045603745
2023-07-11,0.12254828510829668
2023-07-12,0.10560773271593234
2023-07-13,0.09562724225508
2023-07-14,0.08295649010055849
2023-07-17,0.12743674240430547
2023-07-18,0.142609085768113
2023-07-19,0.3223068934755207
2023-07-20,0.11023088561900793
2023-07-21,0.12262825760564613
2023-07-24,0.1980473370337061
2023-07-25,0.1297992598325456
2023-07-26,0.08651991926184763
2023-07-27,0.1959232094340838
2023-07-28,0.13883242162969286
2023-07-31,0.14975778097442163
2023-08-01,0.099350334255291
2023-08-02,0.20280061086394366
2023-08-03,0.21815772895643412
2023-08-04,0.09183580680897674
2023-08-07,0.06288629900792286
2023-08-08,0.09619785733638872
2023-08-09,0.06593180628533275
2023-08-10,0.07852148090130305
2023-08-11,0.10912571873816004
2023-08-14,0.08110729256454219
2023-08-15,0.13730383909574204
2023-08-16,0.07625676211631827
2023-08-17,0.0682172304175894
2023-08-18,0.12270378699903388
2023-08-21,0.08767298328250964
2023-08-22,0.08061348318527198
2023-08-23,0.24706049532974309
2023-08-24,0.07745310961695395
2023-08-25,0.0935583543641125
2023-08-28,0.0577783751429544
2023-08-29,0.10159661262180639
2023-08-30,0.11900706076178219
2023-08-31,0.13131782121945723
2023-09-01,0.07722557818068507
2023-09-04,0.05384091303778088
2023-09-05,0.0964558117886241
2023-09-06,0.1029236559924139
2023-09-07,0.08970194728884134
2023-09-08,0.07902915011195066
2023-09-11,0.07437965174016263
2023-09-12,0.08384587321515855
2023-09-13,0.1411809823754319
2023-09-14,0.10294507074970297
2023-09-15,0.06359879654403539
2023-09-18,0.08495437119316256
2023-09-19,0.12792589665259682
2023-09-20,0.23091552952631017
2023-09-21,0.2524366468870996
2023-09-22,0.20042019897545998
2023-09-25,0.06548853479238415
2023-09-26,0.06412696374312526
2023-09-27,0.08135844106900258
2023-09-28,0.10696692308874084
2023-09-29,0.11827459876018712
2023-10-02,0.10284227246597556
2023-10-03,0.0822389963157759
2023-10-04,0.09438938078243657
2023-10-05,0.08224434231996601
2023-10-06,0.13034813160820807
2023-10-09,0.07415793596187403
2023-10-10,0.09801039047663353
2023-10-11,0.06463952244604006
2023-10-12,0.09238868361191406
2023-10-13,0.10815649534675305
2023-10-16,0.08841019159693023
2023-10-17,0.060859273609750554
2023-10-18,0.08223706569623467
2023-10-19,0.07770072247332552
2023-10-20,0.09158840174125804
2023-10-23,0.08270497285565333
2023-10-24,0.09091575772336305
2023-10-25,0.09134461444469234
2023-10-26,0.06924235878278491
2023-10-27,0.09621028646186497
2023-10-30,0.09298736416054085
2023-10-31,0.12384217964654638
2023-11-01,0.1256369714373057
2023-11-02,0.16516730476865657
2023-11-03,0.0737237143619182
2023-11-06,0.08039645313722786
2023-11-07,0.06764228029766071
2023-11-08,0.06736391194343913
2023-11-09,0.07865373906181244
2023-11-10,0.06188842313522864
2023-11-13,0.06590073979664633
2023-11-14,0.0960166524072996
2023-11-15,0.10611481138929492
2023-11-16,0.06770804005898974
2023-11-17,0.12457955005166312
2023-11-20,0.07930670151523196
2023-11-21,0.07094969225308921
2023-11-22,0.06749050161620837
2023-11-23,0.10998468889292261
2023-11-24,0.07095308310196109
2023-11-27,0.07482227365815074
2023-11-28,0.08611107760465857
2023-11-29,0.06616622023263603
2023-11-30,0.10016240961572624
2023-12-01,0.11130728338048082
2023-12-04,0.09025513592146014
2023-12-05,0.0755570025993291
2023-12-06,0.07964968646856894
2023-12-07,0.07804142651148974
2023-12-08,0.11864966046268037
2023-12-11,0.09500276345234006
2023-12-12,0.12014412161840386
2023-12-13,0.17967814300396964
2023-12-14,0.3052293374201836
2023-12-15,0.17557715017529063
2023-12-18,0.12307187371096921
2023-12-19,0.13034749709517923
2023-12-20,0.23745959373980238
2023-12-21,0.11986142138704048
2023-12-22,0.13416526412622343
2023-12-26,0.042225654108395176
2023-12-27,0.119177330874335
2023-12-28,0.12610802342889096
2023-12-29,0.18550243655825013
2024-01-02,0.11531512835501984
2024-01-03,0.08958892267703668
2024-01-04,0.1122539797742618
2024-01-05,0.1090591436692955
2024-01-08,0.05487261315461432
2024-01-09,0.05531165678618904
2024-01-10,0.05451240330413653
2024-01-11,0.0674646041697343
2024-01-12,0.06956002094033152
2024-01-15,0.049726033088880364
2024-01-16,0.09184494988364933
2024-01-17,0.10600069646025337
2024-01-18,0.07090160607506618
2024-01-19,0.0751960956385004
2024-01-22,0.04633418494340682
2024-01-23,0.05830292898148438
2024-01-24,0.07951607094462049
2024-01-25,0.10032949004057772
2024-01-26,0.05756918279193941
2024-01-29,0.057653797114020466
2024-01-30,0.08008101747064746
2024-01-31,0.08605076826701816
2024-02-01,0.1301386472285442
2024-02-02,0.08174202984841554
2024-02-05,0.09321359711992401
2024-02-06,0.06118893017317093
2024-02-07,0.05840594657171752
2024-02-08,0.045926632449599526
2024-02-09,0.048773305781584696
2024-02-12,0.05329911155561566
2024-02-13,0.1152260904161396
2024-02-14,0.14066687433457328
2024-02-15,0.07459162180015531
2024-02-16,0.0717481253361158
2024-02-19,0.050864834228534175
2024-02-20,0.059959541601003835
2024-02-21,0.04857058120958963
2024-02-22,0.08338715560845604
2024-02-23,0.04085070414184096
2024-02-26,0.05156263974406291
2024-02-27,0.04222958072697757
2024-02-28,0.04955336292976617
2024-02-29,0.05609544334181572
2024-03-01,0.044094440522923294
2024-03-04,0.03407453546941351
2024-03-05,0.039505734910038864
2024-03-06,0.038487364265952055
2024-03-07,0.06646521091963238
2024-03-08,0.06429415490297359
2024-03-11,0.0764909105756252
2024-03-12,0.06336149866229608
2024-03-13,0.09263378506249517
2024-03-14,0.038378322027915586
2024-03-15,0.030554252938218857
2024-03-18,0.03149829404625909
2024-03-19,0.06387515600213364
2024-03-20,0.04590487009605095
2024-03-21,0.0907035992533068
2024-03-22,0.05723397404796397
2024-03-25,0.07103248407742307
2024-03-26,0.037988064198683065
2024-03-27,0.03538891022307973
2024-03-28,0.04477238653357388
2024-03-29,0.0664736057362017
2024-04-01,0.030879943243357716
2024-04-02,0.04939463027033083
2024-04-03,0.0424682673700508
2024-04-04,0.02998965083918108
2024-04-05,0.043150406674975585
2024-04-08,0.026585075653438324
2024-04-09,0.03466258387397225
2024-04-10,0.06139851608332739
2024-04-11,0.06437067179233756
2024-04-12,0.054136026119681296
2024-04-15,0.058106748237802715
2024-04-16,0.06324051082638353
2024-04-17,0.07860263865675003
2024-04-18,0.03809867181068642
2024-04-19,0.08003869256556831
2024-04-22,0.07137328238793797
2024-04-23,0.1356640668828247
2024-04-24,0.04987129243206527
2024-04-25,0.0574523828342994
2024-04-26,0.06359157047533556
2024-04-29,0.0467093964371331
2024-04-30,0.06961613202458608
2024-05-01,0.05116401444671421
2024-05-02,0.054675464858726944
2024-05-03,0.05077032853267204
2024-05-06,0.029193721665242523
2024-05-07,0.07164851787591933
2024-05-08,0.05064216688921506
2024-05-09,0.11038391043912613
2024-05-10,0.050645968972395344
2024-05-13,0.030631890249076137
2024-05-14,0.050303604400824355
2024-05-15,0.07014448413497755
2024-05-16,0.034385326339214345
2024-05-17,0.03780127525325968
2024-05-20,0.03191372424837345
2024-05-21,0.030109906766627857
2024-05-22,0.10080942561899228
2024-05-23,0.05088645244082998
2024-05-24,0.05287928793128044
2024-05-27,0.02867767647796194
2024-05-28,0.03747164837325553
2024-05-29,0.06122707116624006
2024-05-30,0.04456352164853637
2024-05-31,0.05684862677755568
2024-06-03,0.043792774686057086
2024-06-04,0.04578648341707485
2024-06-05,0.06070234360368367
2024-06-06,0.05395795027841487
2024-06-07,0.04803586590334238
2024-06-10,0.06688613782607257
2024-06-11,0.09758701172989608
2024-06-12,0.09951468087245072
2024-06-13,0.054912886722360076
2024-06-14,0.07763807088733117
2024-06-17,0.06751931188201117
2024-06-18,0.04718270163126383
2024-06-19,0.05542825975247716
2024-06-20,0.06663526605069973
2024-06-21,0.09236690923949495
2024-06-24,0.062451010420988565
2024-06-25,0.05534678955135471
2024-06-26,0.08628838820969525
2024-06-27,0.054445566360267955
2024-06-28,0.06040719345958708
2024-07-01,0.06960376286111294
2024-07-02,0.04744762439473205
2024-07-03,0.05919094618269135
2024-07-04,0.025214182982058117
2024-07-05,0.04277128800268924
2024-07-08,0.05156188083567876
2024-07-09,0.0345117518671656
2024-07-10,0.04929187577324527
2024-07-11,0.046362063600489764
2024-07-12,0.051838640665618996
2024-07-15,0.038107798769574486
2024-07-16,0.04023700210006201
2024-07-17,0.05956049400706337
2024-07-18,0.051200540324460225
2024-07-19,0.04938577231171712
2024-07-22,0.045016106522238586
2024-07-23,0.04959287487016178
2024-07-24,0.061993185019704244
2024-07-25,0.09473345015949962
2024-07-26,0.043534564808704414
2024-07-29,0.0497189098800297
2024-07-30,0.045235079153831216
2024-07-31,0.08371343274966474
2024-08-01,0.17180811719531777
2024-08-02,0.1897559367396854
2024-08-05,0.3590189683658321
2024-08-06,0.1798681958154909
2024-08-07,0.11904552577882378
2024-08-08,0.10597616369148906
2024-08-09,0.06146078790574993
2024-08-12,0.08529734615115236
2024-08-13,0.07955041022505895
2024-08-14,0.19145935132309924
2024-08-15,0.14260290717449708
2024-08-16,0.08926324060627151
2024-08-19,0.06770930669860897
2024-08-20,0.07412352191039276
2024-08-21,0.06136629321889231
2024-08-22,0.10913964439242727
2024-08-23,0.09432281487584857
2024-08-26,0.07125134330799601
2024-08-27,0.07410164270403428
2024-08-28,0.07084272331937753
2024-08-29,0.08535190779877319
2024-08-30,0.07522758978669508
2024-09-02,0.036414636046297064
2024-09-03,0.0652785263213225
2024-09-04,0.0586153187587609
2024-09-05,0.04399638027012475
2024-09-06,0.07222464755866946
2024-09-09,0.053768553773114715
2024-09-10,0.041666881976673814
2024-09-11,0.07813703016195174
2024-09-12,0.0661429982618431
2024-09-13,0.05061919550920928
2024-09-16,0.057824373828321875
2024-09-17,0.047371327970650155
2024-09-18,0.09840039705886909
2024-09-19,0.16085492183379385
2024-09-20,0.06698161307003407
2024-09-23,0.05606623170931592
2024-09-24,0.0706921599638657
2024-09-25,0.07724205907357223
2024-09-26,0.07578444153684762
2024-09-27,0.09902256608417488
2024-09-30,0.12659136125889425
2024-10-01,0.125335297712031
2024-10-02,0.06743507790380154
2024-10-03,0.22618605219416765
2024-10-04,0.10018796922188775
2024-10-07,0.10006038355189197
2024-10-08,0.06385988215122847
2024-10-09,0.0581101463771337
2024-10-10,0.09500509885953093
2024-10-11,0.050085987389004834
2024-10-14,0.062970690203994
2024-10-15,0.07545630815652662
2024-10-16,0.19947037932993308
2024-10-17,0.17893764489474231
2024-10-18,0.10972273866423905
2024-10-21,0.0493972718795901
2024-10-22,0.060127746731010595
2024-10-23,0.07074006594836331
2024-10-24,0.11840170986318153
2024-10-25,0.11642307165038011
2024-10-28,0.07087874266323406
2024-10-29,0.10278473767203995
2024-10-30,0.2814259616218458
2024-10-31,0.22588760869069247
2024-11-01,0.09240773731962892
2024-11-04,0.09037561584534524
2024-11-05,0.0634176832186952
2024-11-06,0.32960800739308493
2024-11-07,0.17211409928662533
2024-11-08,0.10805732971991484
2024-11-11,0.0718236687788949
2024-11-12,0.11186288415190483
2024-11-13,0.09320063040566025
2024-11-14,0.08730047862473389
2024-11-15,0.10239826575968439
2024-11-18,0.09285359187718452
2024-11-19,0.13415719997125652
2024-11-20,0.08466129936741763
2024-11-21,0.08616853300343802
2024-11-22,0.5358385506744254
2024-11-25,0.11193208054779544
2024-11-26,0.1382943189182095
2024-11-27,0.09781708275035651
2024-11-28,0.061857501804844096
2024-11-29,0.12132336517590553
2024-12-02,0.12825146115689065
2024-12-03,0.07244936013057683
2024-12-04,0.14222910908854963
2024-12-05,0.05536266710673923
2024-12-06,0.05979007967997859
2024-12-09,0.0722026588544366
2024-12-10,0.05499386314345739
2024-12-11,0.04976936863092037
2024-12-12,0.09514237376250922
2024-12-13,0.11683382245056959
2024-12-16,0.11210151077611902
2024-12-18,0.11525943250970314
2024-12-19,0.20350821883492085
2024-12-20,0.1351227523726856
2024-12-23,0.09561378375014509
2024-12-24,0.11658668530521374
2024-12-26,0.03448611663949251
2024-12-27,0.09975918190265026
2024-12-30,0.09590144928703229
2024-12-31,0.11567631132626499
2025-01-02,0.22344772092218548
2025-01-03,0.07966916927234577
2025-01-06,0.1477850509750895
2025-01-07,0.0771701763297844
2025-01-08,0.1898504319811429
2025-01-09,0.21533491107297878
2025-01-10,0.137682379505582
2025-01-13,0.16197928526257865
2025-01-14,0.1589459854616253
2025-01-15,0.15808258376814938
2025-01-16,0.10484061553263022
2025-01-17,0.15143200444316848
2025-01-20,0.11310930411006513
2025-01-21,0.07934948940864751
2025-01-22,0.10074039096597319
2025-01-23,0.04856352525579875
2025-01-24,0.10585009258436413
2025-01-27,0.087367162854407
2025-01-28,0.0634818985833694
2025-01-29,0.06537858521646756
2025-01-30,0.11793879606150473
2025-01-31,0.09937727951775807
2025-02-03,0.25917433011457847
2025-02-04,0.08668309600562633
2025-02-05,0.08562131053360762
2025-02-06,0.2624856837973889
2025-02-07,0.08311614014315512
2025-02-10,0.08606630583418627
2025-02-11,0.08537431770044719
2025-02-12,0.0792112974554913
2025-02-13,0.13411630746366543
2025-02-14,0.06093234321807105
2025-02-17,0.06737712925497816
2025-02-18,0.07079397736830131
2025-02-19,0.05793440878766572
2025-02-20,0.06912635202636
2025-02-21,0.08070844977776884
2025-02-24,0.09677230922012495
2025-02-25,0.056729250500281214
2025-02-26,0.07125744006975643
2025-02-27,0.07087857628850941
2025-02-28,0.08047973703427432
2025-03-03,0.09670628338946982
2025-03-04,0.12250851710561242
2025-03-05,0.23381909155943503
2025-03-06,0.24713240124798447
2025-03-07,0.17073209007194148
2025-03-10,0.2131856355057546
2025-03-11,0.1526270321444872
2025-03-12,0.12103592934271834
2025-03-13,0.15042926096274056
2025-03-14,0.13810728431578792
2025-03-17,0.07588659641925706
2025-03-18,0.0866512541042612
2025-03-19,0.0825886354509473
2025-03-20,0.09042726165358796
2025-03-21,0.06977786749482544
2025-03-24,0.08345187446613823
2025-03-25,0.06539022021096676
2025-03-26,0.11807358956544498
2025-03-27,0.09229579070133567
2025-03-28,0.07436283092150661
2025-03-31,0.14338420073586247
2025-04-01,0.08036856890217355
2025-04-02,0.17629714236541874
2025-04-03,0.47301858577532935
2025-04-04,0.40913149456188674
2025-04-07,0.6873354726621274
2025-04-08,0.26100790783129485
2025-04-09,1.1586534447835743
2025-04-10,0.5585260725898981
2025-04-11,1.0223393536561203
2025-04-14,0.40325098996117004
2025-04-15,0.20463933143773103
2025-04-16,0.17407773115440656
2025-04-17,0.1776013252697849
2025-04-18,0.08099116422647602
2025-04-21,0.2307562226507204
2025-04-22,0.2451760208577983
2025-04-23,0.35840846518473213
2025-04-24,0.13744245168910493
2025-04-25,0.1412860398674168
2025-04-28,0.1409998266327665
2025-04-29,0.1194480606777842
2025-04-30,0.13649778567078297
2025-05-01,0.10950786492909335
2025-05-02,0.14854013486503517
2025-05-05,0.07846642151816617
2025-05-06,0.11871632643940709
2025-05-07,0.21353148371404812
2025-05-08,0.28761080946430045
2025-05-09,0.07974657038404966
2025-05-12,0.19418338111562722
2025-05-13,0.08832094685003383
2025-05-14,0.0982376735422026
2025-05-15,0.08511818774782771
2025-05-16,0.06847697581923773
2025-05-19,0.08011493822033787
2025-05-20,0.05932889269715384
2025-05-21,0.1161602733083302
2025-05-22,0.11174308263387477
2025-05-23,0.20133869680648114
2025-05-26,0.05827550737190709
2025-05-27,0.0675681117631928
2025-05-28,0.07984081213474252
2025-05-29,0.1598421143870466
2025-05-30,0.08834289441534396
2025-06-02,0.07324399276430232
2025-06-03,0.06437419366713856
2025-06-04,0.0680335776453787
2025-06-05,0.12569876058651852
2025-06-06,0.06816939481905458
2025-06-09,0.06576665018857013
2025-06-10,0.10035474797603325
2025-06-11,0.08903603937448347
2025-06-12,0.19188204848663437
2025-06-13,0.15915501924523806
2025-06-16,0.09178874963845327
2025-06-17,0.09300372351552545
2025-06-18,0.10591557337049064
2025-06-19,0.12074477816447202
2025-06-20,0.08403185659640211
2025-06-23,0.1046255068970417
2025-06-24,0.06896813562780889
2025-06-25,0.0746558861989712
2025-06-26,0.09292965873426595
2025-06-27,0.08808958982267726
2025-06-30,0.06847897463647504
2025-07-01,0.08235722418499176
2025-07-02,0.19825058062059278
2025-07-03,0.12865469070896088
2025-07-04,0.06524911317705974
2025-07-07,0.08218972290326416
2025-07-08,0.08288901351532597
2025-07-09,0.06030382720493145
2025-07-10,0.060766834021666064
2025-07-11,0.10433269152099707
2025-07-14,0.09075472113419566
2025-07-15,0.08992271570510192
2025-07-16,0.1465068799807968
2025-07-17,0.07698023260628496
2025-07-18,0.056856337026875904
2025-07-21,0.06488093242367866
2025-07-22,0.05801237044642367
2025-07-23,0.07185352910657254
2025-07-24,0.09629261651205528
2025-07-25,0.0911749548557676
2025-07-28,0.09021943768842226
2025-07-29,0.1080056501867474
2025-07-30,0.09419541741949149
2025-07-31,0.10346433721614398
2025-08-01,0.1819775497255582
2025-08-04,0.12110176785730485
2025-08-05,0.07891557576051546
2025-08-06,0.06589972203096306
2025-08-07,0.22058798169545404
2025-08-08,0.07304654541155746
2025-08-11,0.05451393734220388
2025-08-12,0.10140099960421325
2025-08-13,0.09701074010649774
2025-08-14,0.07441808912280821
2025-08-15,0.04392259595056968
2025-08-18,0.07121327363307434
2025-08-19,0.06360601903179404
2025-08-20,0.10133493218365794
2025-08-21,0.10176174713644308
2025-08-22,0.07185565435703208
2025-08-25,0.05800691452546533
2025-08-26,0.14711171721262378
2025-08-27,0.07079344247018242
2025-08-28,0.06289412990222587
2025-08-29,0.0764278421507566
2025-09-01,0.05188788207795022
2025-09-02,0.2023081976678531
2025-09-03,0.10204332582596316
2025-09-04,0.07260782179463973
2025-09-05,0.0824892351558644
2025-09-08,0.06179340992747567
2025-09-09,0.042153064054485684
2025-09-10,0.056507090810619304
2025-09-11,0.07967921514381153
2025-09-12,0.05071842759315726
2025-09-15,0.050541473170160695
2025-09-16,0.07422027574650124
2025-09-17,0.07403581522400367
2025-09-18,0.07653650215130613
2025-09-19,0.10715907661692758
2025-09-22,0.06686921278560744
2025-09-23,0.13117204594684118
2025-09-24,0.07748717316592092
2025-09-25,0.06625390236536216
2025-09-26,0.05541320285202719
2025-09-29,0.05189476194322609
2025-09-30,0.07067793482808785
2025-10-01,0.09109400264471848
2025-10-02,0.05922945898984526
2025-10-03,0.05170935336473679
2025-10-06,0.12101508079890036
2025-10-07,0.06002605131480958
2025-10-08,0.07354269888385517
2025-10-09,0.14170983814625454
2025-10-10,0.11796125202998124
2025-10-13,0.10128854255840909
2025-10-14,0.11918810687831478
2025-10-15,0.08748860891314791
2025-10-16,0.08657270895437674
2025-10-17,0.10850120906152548
2025-10-20,0.05620844317192573
2025-10-21,0.07887993805551408
2025-10-22,0.15528352543696383
2025-10-23,0.0495929998908312
2025-10-24,0.08533290775410947
2025-10-27,0.035751726926272875
2025-10-28,0.11159630530931046
2025-10-29,0.09685436899274752
2025-10-30,0.09401440110541671
2025-10-31,0.0711435861679057
2025-11-03,0.06432112140351591
2025-11-04,0.09920121654344105
2025-11-05,0.07092193956328963
2025-11-06,0.1065619447093662
2025-11-07,0.08283672296063295
2025-11-10,0.04942214547153842
2025-11-11,0.11819799215319286
2025-11-12,0.08945973589778149
2025-11-13,0.10909186043163728
2025-11-14,0.39587605793803216
2025-11-17,0.0679985042984141
2025-11-18,0.08226348950336475
2025-11-19,0.11228940166686747
2025-11-20,0.07428585409910939
2025-11-21,0.11213627963714139
2025-11-24,0.06634873275914634
2025-11-25,0.07944659245172392
2025-11-26,0.26081920631490546
2025-11-27,0.058984790163225394
2025-11-28,0.10230060195025514
2025-12-01,0.09199623775186254
2025-12-02,0.05374228870327223
2025-12-03,0.0584633117561789
2025-12-04,0.058680356827542586
2025-12-05,0.045171872380528395
2025-12-08,0.05029567151849489
2025-12-09,0.04823864180791688
2025-12-10,0.05287294683070002
2025-12-11,0.053318842438604935
2025-12-12,0.058603368657415236
2025-12-15,0.05867090625206735
2025-12-16,0.08409234098516603
2025-12-17,0.1284430387760175
2025-12-18,0.11826340449321014
2025-12-19,0.0642780470634093
2025-12-22,0.06218392804132677
2025-12-23,0.06835595871447346
2025-12-24,0.045396433005263116
2025-12-26,0.058879723763773824
2025-12-29,0.11641296401269083
2025-12-30,0.05371745078810098
2025-12-31,0.07094901740448172
2026-01-02,0.07492771179372854
2026-01-05,0.07255239019784032
2026-01-06,0.04435819365678195
2026-01-07,0.04537528298358457
2026-01-08,0.04560442085636278
2026-01-09,0.04460930133844064
2026-01-12,0.04866659474346885
2026-01-13,0.03793155226002569
2026-01-14,0.034778597017339166
2026-01-15,0.038475101423649065
2026-01-16,0.041747990815988054
2026-01-19,0.05872123476592982
2026-01-20,0.10286445252543415
2026-01-21,0.08123179631706602
2026-01-22,0.14409672444167676
2026-01-23,0.08986898919657656
2026-01-26,0.11635774419424001
2026-01-27,0.12458906724672532
2026-01-28,0.12368608634712383
2026-01-29,0.07298602093276876
2026-01-30,0.1316681113185608
2026-02-02,0.07812176220290964
2026-02-03,0.05590666638378337
2026-02-04,0.08618370293624628
2026-02-05,0.26073546753960103
2026-02-06,0.06341572161275189
2026-02-09,0.20389711029889523
2026-02-10,0.07002092453723344
2026-02-11,0.09081414703153376
2026-02-12,0.05219136229472395
2026-02-13,0.08168205000041895
2026-02-16,0.03851521009493667
2026-02-17,0.08735464368477422
2026-02-18,0.045810379573128
2026-02-19,0.06471249221887833
2026-02-20,0.07569150470812021
2026-02-23,0.07165270338199545
2026-02-24,0.04454159039511931
2026-02-25,0.05854723712606328
2026-02-26,0.05913774558707958
2026-02-27,0.1045015977853941
2026-03-02,0.18249499831327215
2026-03-03,0.109298085612229
2026-03-04,0.10402533780400515
2026-03-05,0.07197246982756408
2026-03-06,0.10771597520577064
2026-03-09,0.11128647099352476
2026-03-10,0.07015794898295921
2026-03-11,0.07698787945498084
2026-03-12,0.046365255254307396
2026-03-13,0.06912918158482045
2026-03-16,0.04254796365114127
2026-03-17,0.06379093303519645
2026-03-18,0.056452147377885
2026-03-19,0.10177354214425785
2026-03-20,0.09256286810400398
2026-03-23,0.29270704163910993
2026-03-24,0.07861402557523595
2026-03-25,0.06192361888897044
2026-03-26,0.05278101073593464
2026-03-27,0.04422608030870337
2026-03-30,0.08947092243004275
2026-03-31,0.16359884630092345
2026-04-01,0.09147976730687517
2026-04-02,0.0713576333137394
2026-04-03,0.07969315933677802
2026-04-06,0.03370511031817656
2026-04-07,0.05533311602497255
2026-04-08,0.10993824828547967
2026-04-09,0.05014573912593706
2026-04-10,0.05090822051954795
2026-04-13,0.07707500371508685
2026-04-14,0.038388141802289465
2026-04-15,0.0439782718124215
2026-04-16,0.07640897646133173
2026-04-17,0.05582118541054388
2026-04-20,0.04391357869790962
2026-04-21,0.06780227654437647
2026-04-22,0.0351652688826157
2026-04-23,0.05239529322971264
2026-04-24,0.05173869847547925
2026-04-27,0.043384464305947015
2026-04-28,0.03679124276388361
2026-04-29,0.044065428710024265
2026-04-30,0.08378388088024574
2026-05-01,0.03564851200006615
2026-05-04,0.03617111237087036
2026-05-05,0.04530981029504855
2026-05-06,0.05276820257419667
2026-05-07,0.04184955463665963
2026-05-08,0.038865790506113024
2026-05-11,0.09089673644613534
2026-05-12,0.10829673489768035
2026-05-13,0.05611339347842748
2026-05-14,0.08661922450397828
2026-05-15,0.09317609817026652
2026-05-18,0.07096933432968044
2026-05-19,0.053353100878133594
2026-05-20,0.04705631614342552
2026-05-21,0.04610662481813778
2026-05-22,0.0387583978295551
2026-05-25,0.025775046596256387
2026-05-26,0.027442997587223288
2026-05-27,0.030556621171452
2026-05-28,0.030127505596289354
2026-05-29,0.03858984984098315
2026-06-01,0.038837532369179285
2026-06-02,0.028727827704402475
2026-06-03,0.031079526926863672
2026-06-04,0.029972316287045546
2026-06-05,0.047444919286166544
2026-06-08,0.04114520760229025
2026-06-09,0.03632871464834129
2026-06-10,0.02453160753537178
2026-06-11,0.03506936663889941
2026-06-12,0.04400133391618775
2026-06-15,0.04978975519203969
2026-06-16,0.024168569427199818
2026-06-17,0.05646784810278007
2026-06-18,0.07877065816076775
2026-06-19,0.07759425429416454
2026-06-22,0.0773994536808582
2026-06-23,0.05648502847589491
2026-06-24,0.04707441590032362
2026-06-25,0.04299319726563586
2026-06-26,0.07037367220894293
2026-06-29,0.0619190855764293
2026-06-30,0.03731419967221851
