date,RV
2012-01-12,0.3868965682884681
2012-01-13,0.6993360891134266
2012-01-16,0.27113244598325137
2012-01-17,0.3976139199195673
2012-01-18,0.6159083704265815
2012-01-19,0.39614355098294957
2012-01-20,0.3733951729295478
2012-01-23,0.384460270420094
2012-01-24,0.4692071155825749
2012-01-25,0.5635959355499734
2012-01-26,0.35543180598007085
2012-01-27,0.5759946259024964
2012-01-30,0.31093579153405376
2012-01-31,0.4067301057641372
2012-02-01,0.5976144313408908
2012-02-02,0.5676622647343864
2012-02-03,0.5378491551320349
2012-02-06,0.4479462419008459
2012-02-07,0.5119265243695148
2012-02-08,0.36455997061737233
2012-02-09,0.5263124185432841
2012-02-10,0.3151351266270756
2012-02-13,0.3066969621554187
2012-02-14,0.3858957259958202
2012-02-15,0.4814673475675101
2012-02-16,0.5002571872313644
2012-02-17,0.2950043709483757
2012-02-20,0.27073556076167876
2012-02-21,0.7987150457620706
2012-02-22,0.29125884655950934
2012-02-23,0.32126271401721485
2012-02-24,0.2380675602338366
2012-02-27,0.3192798240116046
2012-02-28,0.30159167801120895
2012-02-29,0.39890413080977083
2012-03-01,0.3136833389829885
2012-03-02,0.25996454644487726
2012-03-05,0.347766292521876
2012-03-06,0.23249928521755334
2012-03-07,0.23627211617767366
2012-03-08,0.33438787417041443
2012-03-09,0.3065476396493458
2012-03-12,0.2509508343886097
2012-03-13,0.29368172012630356
2012-03-14,0.31444310565053096
2012-03-15,0.2620659792083764
2012-03-16,0.31360096113201463
2012-03-19,0.20407535216999165
2012-03-20,0.24135390414048802
2012-03-21,0.24357449389255736
2012-03-22,0.2855764373314155
2012-03-23,0.30052161097535274
2012-03-26,0.34150141326813604
2012-03-27,0.21929152477283867
2012-03-28,0.2678361284690493
2012-03-29,0.26531200375202546
2012-03-30,0.328775355103265
2012-04-02,0.19822463281410313
2012-04-03,0.38715316785828663
2012-04-04,0.3128987104788998
2012-04-05,0.1872222337355794
2012-04-06,0.19905581635386632
2012-04-10,0.3373187195218127
2012-04-11,0.2768025474149359
2012-04-12,0.24056726938042713
2012-04-13,0.1938449938086051
2012-04-16,0.3758770396613126
2012-04-17,0.22535110041943127
2012-04-18,0.32919078922552386
2012-04-19,0.2607930095961114
2012-04-20,0.22665264847275207
2012-04-23,0.16475440296221827
2012-04-24,0.15681816809074847
2012-04-25,0.310413602089473
2012-04-26,0.20437313873320592
2012-04-27,0.24332872454788051
2012-04-30,0.10061121538749788
2012-05-01,0.18427891914696207
2012-05-02,0.28402774473756953
2012-05-03,0.15374947650308687
2012-05-04,0.15004136368724902
2012-05-07,0.31028288849288976
2012-05-08,0.23080271944748634
2012-05-09,0.26626727406114326
2012-05-10,0.19411464469508613
2012-05-11,0.19535154653120435
2012-05-14,0.194607286704663
2012-05-15,0.27392076025835305
2012-05-16,0.3817931902310696
2012-05-17,0.3480091374102826
2012-05-18,0.3894863571135087
2012-05-21,0.2718843014870251
2012-05-22,0.3193329274672264
2012-05-23,0.4206517699421095
2012-05-24,0.4564717040136922
2012-05-25,0.33146506691367494
2012-05-28,0.22093635405497705
2012-05-29,0.3068979125109459
2012-05-30,0.35533329572169614
2012-05-31,0.383149809576041
2012-06-01,0.6998534958999275
2012-06-05,0.3929389729404781
2012-06-06,0.38570622034522717
2012-06-07,0.4766641513075352
2012-06-08,0.33591595361223453
2012-06-11,0.4139266032090662
2012-06-12,0.45242002047524904
2012-06-13,0.36252929506794057
2012-06-14,0.3276933526002455
2012-06-15,0.252321160834596
2012-06-18,0.47541983217066014
2012-06-19,0.310580089578846
2012-06-20,0.5455736126485309
2012-06-21,0.43316594527402535
2012-06-22,0.2685804436464472
2012-06-25,0.18557486119380345
2012-06-26,0.3251892418242386
2012-06-27,0.1727340807540996
2012-06-28,0.30002213938338457
2012-06-29,1.0208562200172187
2012-07-02,0.22706839884151717
2012-07-03,0.17617377477128013
2012-07-04,0.16176802351163305
2012-07-05,0.41555833088586824
2012-07-06,0.2195853138447733
2012-07-09,0.23663284474733665
2012-07-10,0.19498891778994618
2012-07-11,0.2502226359747817
2012-07-12,0.22108580449670967
2012-07-13,0.3147886687640272
2012-07-16,0.2437033916643412
2012-07-17,0.3759782895884554
2012-07-18,0.3038786093488159
2012-07-19,0.3155511808550675
2012-07-20,0.32753862876239165
2012-07-23,0.31003552604343326
2012-07-24,0.2582215260983577
2012-07-25,0.4171738738463035
2012-07-26,0.6360266688150243
2012-07-27,0.8414700642806436
2012-07-30,0.24160393905066233
2012-07-31,0.33479032918195506
2012-08-01,0.3963369747891554
2012-08-02,1.2897921007056843
2012-08-03,0.47348576856597835
2012-08-06,0.3574129765306607
2012-08-07,0.17628821660741686
2012-08-08,0.17391386844635534
2012-08-09,0.24869325877574186
2012-08-10,0.20339972810063867
2012-08-13,0.1880015932986107
2012-08-14,0.15788369920748674
2012-08-15,0.1318153338781442
2012-08-16,0.1509795852850118
2012-08-17,0.1957010923291334
2012-08-20,0.19508841726864387
2012-08-21,0.26732337698441166
2012-08-22,0.28868462540809037
2012-08-23,0.22062366528295532
2012-08-24,0.282032953616863
2012-08-27,0.11662046396657653
2012-08-28,0.17360017896964178
2012-08-29,0.15505345040728283
2012-08-30,0.151361903107651
2012-08-31,0.46448517635552317
2012-09-03,0.11584539414869006
2012-09-04,0.20051356970660125
2012-09-05,0.313943768183557
2012-09-06,0.3490683892218977
2012-09-07,0.299646311381031
2012-09-10,0.14608398323876712
2012-09-11,0.19908640998838917
2012-09-12,0.3476014693019107
2012-09-13,0.4499112116448021
2012-09-14,0.2801520501003089
2012-09-17,0.2766939578884602
2012-09-18,0.2631190327094085
2012-09-19,0.24030304005523545
2012-09-20,0.30117429029890086
2012-09-21,0.4771415482613584
2012-09-24,0.27586761559656325
2012-09-25,0.25553825257464524
2012-09-26,0.2199133286180049
2012-09-27,0.2670583058508278
2012-09-28,0.2610998283403186
2012-10-01,0.2783402009566428
2012-10-02,0.21460302075118748
2012-10-03,0.2165308001238433
2012-10-04,0.2590558824065034
2012-10-05,0.17088374267911327
2012-10-08,0.15284783462540716
2012-10-09,0.2514183867295615
2012-10-10,0.2280886108544017
2012-10-11,0.2517598194574895
2012-10-12,0.22336224226950704
2012-10-15,0.1675908056309052
2012-10-16,0.172280855843677
2012-10-17,0.2320593548276806
2012-10-18,0.18082069296070336
2012-10-19,0.1727797378422976
2012-10-22,0.16052600100510173
2012-10-23,0.1494960862336496
2012-10-24,0.2284877063359617
2012-10-25,0.19281418610012335
2012-10-26,0.22281469393603498
2012-10-29,0.1412279915753372
2012-10-30,0.12789848037156853
2012-10-31,0.14027347637505325
2012-11-01,0.1506063091082333
2012-11-02,0.2484639534087622
2012-11-05,0.17580711440758542
2012-11-06,0.17353596143883568
2012-11-07,0.33412747407403165
2012-11-08,0.24894894965573142
2012-11-09,0.1892856391910184
2012-11-12,0.12956801477407767
2012-11-13,0.19304287576949802
2012-11-14,0.18804330656063842
2012-11-15,0.16097721980230936
2012-11-16,0.1871274188159997
2012-11-19,0.15688487107803306
2012-11-20,0.3019933776536118
2012-11-21,0.20939616172304623
2012-11-22,0.1581461325668075
2012-11-23,0.1835619695589832
2012-11-26,0.14002418942330713
2012-11-27,0.21519701798522942
2012-11-28,0.16525512544657003
2012-11-29,0.15643788120059945
2012-11-30,0.2053491281116861
2012-12-03,0.15008741641862408
2012-12-04,0.12349893068925137
2012-12-05,0.10238019626403799
2012-12-06,0.19059297439354403
2012-12-07,0.22115054981576487
2012-12-10,0.1375004959392395
2012-12-11,0.1469431768055527
2012-12-12,0.11818628276689788
2012-12-13,0.17755182400047778
2012-12-14,0.2245029650740575
2012-12-17,0.1549830195416253
2012-12-18,0.08920407601255256
2012-12-19,0.14657225021102588
2012-12-20,0.24834624492249013
2012-12-21,0.2618232814433879
2012-12-24,0.09139297623544289
2012-12-25,0.023557122534505873
2012-12-26,0.14743228196473315
2012-12-27,0.22264957868393964
2012-12-28,0.19881125638312472
2012-12-31,0.3185028093412095
2013-01-01,0.0
2013-01-02,0.4485266664160338
2013-01-03,0.32425072059343524
2013-01-04,0.27620533529078073
2013-01-07,0.2130271283558473
2013-01-08,0.21838855477593785
2013-01-09,0.1515184693474475
2013-01-10,0.28732070813252186
2013-01-11,0.3157897389625637
2013-01-14,0.22774570829606577
2013-01-15,0.37786716517877533
2013-01-16,0.302204969585597
2013-01-17,0.2594877579204149
2013-01-18,0.3526708467709664
2013-01-21,0.1308223782351084
2013-01-22,0.38546328818996145
2013-01-23,0.28952593628076134
2013-01-24,0.3271009027849631
2013-01-25,0.3044413111497544
2013-01-28,0.21455839394662635
2013-01-29,0.18297232376926562
2013-01-30,0.17314192718131904
2013-01-31,0.14947493762645508
2013-02-01,0.35384752317967105
2013-02-04,0.25260389621617857
2013-02-05,0.4418381782451898
2013-02-06,0.2855517205050595
2013-02-07,0.3983586376191368
2013-02-08,0.27331827078101256
2013-02-11,0.2223401820335229
2013-02-12,0.2926725647019343
2013-02-13,0.22798476645803734
2013-02-14,0.26928670989515274
2013-02-15,0.320913123468521
2013-02-18,0.1532779734673323
2013-02-19,0.16671611345361514
2013-02-20,0.3592201924899896
2013-02-21,0.3391175272341876
2013-02-22,0.259951633399498
2013-02-25,0.5988151097302282
2013-02-26,0.5646946329072329
2013-02-28,0.24984561410424996
2013-03-01,0.33225509810953174
2013-03-04,0.2303402317701804
2013-03-05,0.17983057687723164
2013-03-06,0.13041711253516347
2013-03-07,0.27795612038289486
2013-03-08,0.4764283161491384
2013-03-11,0.14167450745295498
2013-03-12,0.17184533572992264
2013-03-13,0.27543033249535936
2013-03-14,0.22277594596055686
2013-03-15,0.3148224805516277
2013-03-18,0.4641190231809507
2013-03-19,0.6521981152843981
2013-03-20,0.3729546801664792
2013-03-21,0.32843891307789974
2013-03-22,0.28919850592989804
2013-03-25,0.6067063975777157
2013-03-26,0.29015270072522403
2013-03-27,0.22362482185522456
2013-03-28,0.2381049691151629
2013-03-29,0.1118373918777302
2013-04-01,0.12239558093440454
2013-04-02,0.185251054186086
2013-04-03,0.1421768843050658
2013-04-04,0.6535031485431452
2013-04-05,0.5203667939179641
2013-04-08,0.18998402128455483
2013-04-09,0.2902545080655992
2013-04-10,0.1992141735242345
2013-04-11,0.1677747883510145
2013-04-12,0.2345144607431751
2013-04-15,0.2583911247113496
2013-04-16,0.37951791587628037
2013-04-17,0.39875519775955953
2013-04-18,0.3053948196194729
2013-04-19,0.2697918046153098
2013-04-22,0.1627943788593556
2013-04-23,0.3475406211096776
2013-04-24,0.20994312010923855
2013-04-25,0.21823211882112625
2013-04-26,0.22484152224475765
2013-04-29,0.14597755146470157
2013-04-30,0.2392836088256938
2013-05-01,0.26286822675219207
2013-05-02,0.7565125701382547
2013-05-03,0.7771347867586537
2013-05-06,0.14349561479164052
2013-05-07,0.14577834695695208
2013-05-08,0.18620493818608078
2013-05-09,0.24509161383576877
2013-05-10,0.374759112583354
2013-05-13,0.249390950123114
2013-05-14,0.3086302283278225
2013-05-15,0.3017662700098675
2013-05-16,0.30214649521230263
2013-05-17,0.22810577383253974
2013-05-20,0.16943515394305958
2013-05-21,0.24045166076141364
2013-05-22,0.5261392507539567
2013-05-23,0.3253132444965906
2013-05-24,0.30118949672571355
2013-05-27,0.05850283843776686
2013-05-28,0.2684617883566484
2013-05-29,0.3380488431854555
2013-05-30,0.3215706101218306
2013-05-31,0.31095766989390705
2013-06-03,0.46535205911453886
2013-06-04,0.22266614782802213
2013-06-05,0.3222178739173829
2013-06-06,0.6022408420188066
2013-06-07,0.4481565756813387
2013-06-10,0.18288220392224383
2013-06-11,0.3048045335580575
2013-06-12,0.2110152844081436
2013-06-13,0.3510232550611405
2013-06-14,0.1304023380190311
2013-06-17,0.14799320864479745
2013-06-18,0.2763645601336278
2013-06-19,0.35002408870384866
2013-06-20,0.5094303738853918
2013-06-21,0.28654949459629975
2013-06-24,0.3321235168820788
2013-06-25,0.21470430961037698
2013-06-26,0.24271245942331168
2013-06-27,0.18199061759500038
2013-06-28,0.2138293331206805
2013-07-01,0.14361753526238347
2013-07-02,0.18977651388455902
2013-07-03,0.3026587866342436
2013-07-04,0.40432067933325294
2013-07-05,0.24729974438683214
2013-07-08,0.10948951555113438
2013-07-09,0.2644136021224297
2013-07-10,0.7501498777474122
2013-07-11,1.2818559884229201
2013-07-12,0.3391478589163372
2013-07-15,0.28866338144901527
2013-07-16,0.2835981233215526
2013-07-17,0.36121375553260177
2013-07-18,0.16574013623573225
2013-07-19,0.1725033598798753
2013-07-22,0.13920186838206472
2013-07-23,0.12490514874810472
2013-07-24,0.30942931768377413
2013-07-25,0.25303109390791045
2013-07-26,0.14953800985950855
2013-07-29,0.11038588087826476
2013-07-30,0.12370312375358834
2013-07-31,0.39171620957859504
2013-08-01,0.269226697712021
2013-08-02,0.4087592646325937
2013-08-05,0.1371424476703097
2013-08-06,0.12409774852204186
2013-08-07,0.150927858468271
2013-08-08,0.12332207613211693
2013-08-09,0.07941056739005052
2013-08-12,0.0931245390748665
2013-08-13,0.1633851863077214
2013-08-14,0.08342855699011946
2013-08-15,0.45236423932739367
2013-08-16,0.13361397533934194
2013-08-19,0.09352000702203882
2013-08-20,0.18095724329959378
2013-08-21,0.2357427733831365
2013-08-22,0.24060647333341587
2013-08-23,0.1625040178616068
2013-08-26,0.07912464510635607
2013-08-27,0.1826057762363037
2013-08-28,0.15020697213714707
2013-08-29,0.19561504518126718
2013-08-30,0.11579475424270663
2013-09-02,0.0719022563006165
2013-09-03,0.1503365445757938
2013-09-04,0.10160168403512064
2013-09-05,0.2349261050809276
2013-09-06,0.285591057581738
2013-09-09,0.14167349110695615
2013-09-10,0.10915252085008839
2013-09-11,0.13757084254966243
2013-09-12,0.13441705662648928
2013-09-13,0.15108165901537393
2013-09-16,0.12834694360832447
2013-09-17,0.07364925567413819
2013-09-18,0.531105872971615
2013-09-19,0.19482068262615324
2013-09-20,0.15077896575839525
2013-09-23,0.18426185810940995
2013-09-24,0.10411658817546915
2013-09-25,0.0905249569044493
2013-09-26,0.11220136058819805
2013-09-27,0.10425023675710049
2013-09-30,0.1187916882086102
2013-10-01,0.16420994258714938
2013-10-02,0.19307401090498183
2013-10-03,0.1872732290170767
2013-10-04,0.11335830232952923
2013-10-07,0.0876876553903838
2013-10-08,0.0862658196192338
2013-10-09,0.16388922589081048
2013-10-10,0.11263604084556564
2013-10-11,0.1186675958544787
2013-10-14,0.0782088671809316
2013-10-15,0.1700916891037202
2013-10-16,0.41093850808516297
2013-10-17,0.2118964068944712
2013-10-18,0.08503186524608493
2013-10-21,1.5711586998728142
2013-10-22,0.2730816072820448
2013-10-23,0.08871425919051878
2013-10-24,0.16072829444448553
2013-10-25,0.13412076066518266
2013-10-28,0.07852680370839198
2013-10-29,0.16563885163019704
2013-10-30,0.13248793806255332
2013-10-31,0.20704689791900197
2013-11-01,0.1622747659117506
2013-11-04,0.17422339546075533
2013-11-05,0.13179149274425417
2013-11-06,0.16644487089250215
2013-11-07,1.3893790454988664
2013-11-08,0.3339324356640502
2013-11-11,0.08525843261539008
2013-11-12,0.22705824802042276
2013-11-13,0.23233693268926522
2013-11-14,0.19111604370368399
2013-11-15,0.11844897277011336
2013-11-18,0.10459402713595846
2013-11-19,0.1777645606625355
2013-11-20,0.51291869203193
2013-11-21,0.29930447962041634
2013-11-22,0.11618918177286454
2013-11-25,0.11376039100864514
2013-11-26,0.16491311221429056
2013-11-27,0.1354588284685917
2013-11-28,0.09702106522616598
2013-11-29,0.10584328188642003
2013-12-02,0.1663759289035685
2013-12-03,0.09860543230888652
2013-12-04,0.13537756406720322
2013-12-05,0.32636594270100977
2013-12-06,0.20895852631187714
2013-12-09,0.06747941345592005
2013-12-10,0.10558250052739653
2013-12-11,0.14483410500870086
2013-12-12,0.15929210029673269
2013-12-13,0.11327055734366191
2013-12-16,0.11114727859172863
2013-12-17,0.11673855711363641
2013-12-18,0.5600920058680077
2013-12-19,0.1650688998520801
2013-12-20,0.14612398247282044
2013-12-23,0.066887456147025
2013-12-24,0.06267737323806387
2013-12-25,0.031076606437238752
2013-12-26,0.049588561724291914
2013-12-27,0.36310616934315276
2013-12-30,0.14090132947930273
2013-12-31,0.1803586506181314
2014-01-01,0.0
2014-01-02,0.2532378901790076
2014-01-03,0.15283620354477415
2014-01-06,0.14545083333252304
2014-01-07,0.14315479813667223
2014-01-08,0.1699889724885414
2014-01-09,0.22512052305008662
2014-01-10,0.5275498260265921
2014-01-13,0.10214349954079294
2014-01-14,0.09530094093037901
2014-01-15,0.1473666593546752
2014-01-16,0.16442478435566457
2014-01-17,0.11517610705804623
2014-01-20,0.08288429015310604
2014-01-21,0.10855403974359554
2014-01-22,0.10770733365201814
2014-01-23,0.21538410870552047
2014-01-24,0.24559513251690032
2014-01-27,0.12945351227256516
2014-01-28,0.10876840825530823
2014-01-29,0.23121861695490825
2014-01-30,0.1744744167964693
2014-01-31,0.19610055036062915
2014-02-03,0.1571504019208339
2014-02-04,0.1323370547364217
2014-02-05,0.13580774779920568
2014-02-06,0.34341742288776733
2014-02-07,0.19227592294308815
2014-02-10,0.060053467436370474
2014-02-11,0.14086396380903743
2014-02-12,0.15051774199130194
2014-02-13,0.17939468262196173
2014-02-14,0.08692797874938402
2014-02-17,0.08384122749017271
2014-02-18,0.09413100247099906
2014-02-19,0.06040845100402749
2014-02-20,0.1038299986539896
2014-02-21,0.08634537046688005
2014-02-24,0.08019059305326502
2014-02-25,0.08676928586030035
2014-02-26,0.09371199154481734
2014-02-27,0.11935205736835713
2014-02-28,0.3467384312392308
2014-03-03,0.15177879876888092
2014-03-04,0.12874220342224058
2014-03-05,0.14110932635804274
2014-03-06,0.17884384376791965
2014-03-07,0.12667511381335467
2014-03-10,0.06607068433847027
2014-03-11,0.0700612603411891
2014-03-12,0.08261049382467048
2014-03-13,0.26417307526221667
2014-03-14,0.13675454439968276
2014-03-17,0.09500677199064125
2014-03-18,0.1528307414370021
2014-03-19,0.1889468833306349
2014-03-20,0.13366662989175881
2014-03-21,0.11183363862485554
2014-03-24,0.24226922051690475
2014-03-25,0.1684071927955091
2014-03-26,0.13675854856838743
2014-03-27,0.14505641446996534
2014-03-28,0.14180879301711516
2014-03-31,0.15601595221727133
2014-04-01,0.07243505591618536
2014-04-02,0.07353933710736833
2014-04-03,0.2442484010746759
2014-04-04,0.17429771996330043
2014-04-07,0.045192577601350314
2014-04-08,0.08220124456969424
2014-04-09,0.13536508193052005
2014-04-10,0.06706951960320776
2014-04-11,0.052074617591711864
2014-04-14,0.08378622083437988
2014-04-15,0.08166277934479951
2014-04-16,0.08717292326191717
2014-04-17,0.05703695717827962
2014-04-18,0.014264404624843557
2014-04-21,0.02551955506716699
2014-04-22,0.0543968923801647
2014-04-23,0.10751417764257817
2014-04-24,0.08636817342323168
2014-04-25,0.03877403159569886
2014-04-28,0.07002127881750406
2014-04-29,0.09553239186885878
2014-04-30,0.12270429143416184
2014-05-01,0.02787573917439873
2014-05-02,0.13456814586225876
2014-05-05,0.029608761247086317
2014-05-06,0.07185815006664312
2014-05-07,0.05844175932403117
2014-05-08,0.37250872076605274
2014-05-09,0.08875014081130422
2014-05-12,0.041861560591534744
2014-05-13,0.12455009965858738
2014-05-14,0.07315469431573955
2014-05-15,0.1353529279311753
2014-05-16,0.07539470301314859
2014-05-19,0.04642109582290464
2014-05-20,0.04969674876683985
2014-05-21,0.09729542034973197
2014-05-22,0.07232163229821902
2014-05-23,0.04356566446662408
2014-05-26,0.032146655631933814
2014-05-27,0.05046849424868502
2014-05-28,0.07030198935967943
2014-05-29,0.05727979050792057
2014-05-30,0.0629985273000858
2014-06-02,0.0668985653640621
2014-06-03,0.08102384791454488
2014-06-04,0.06661600718858157
2014-06-05,0.46460850815889865
2014-06-06,0.1557465880776116
2014-06-09,0.056334421862990126
2014-06-10,0.07528038795984048
2014-06-11,0.0635036472803408
2014-06-12,0.09534008823822711
2014-06-13,0.06628091329660453
2014-06-16,0.09068384058453757
2014-06-17,0.06325101650095198
2014-06-18,0.09148847081774261
2014-06-19,0.07574960119966398
2014-06-20,0.0555028536051368
2014-06-23,0.05720645201273924
2014-06-24,0.055360025909084815
2014-06-25,0.06386381769364427
2014-06-26,0.10377386703168519
2014-06-27,0.03862068444628609
2014-06-30,0.06318556782839868
2014-07-01,0.03991253531675602
2014-07-02,0.04054234480818093
2014-07-03,0.08950871305849958
2014-07-04,0.01772383146612009
2014-07-07,0.03267604589862358
2014-07-08,0.02681948166399283
2014-07-09,0.05192561254850621
2014-07-10,0.05219534605753727
2014-07-11,0.036954287009933126
2014-07-14,0.04131254212007932
2014-07-15,0.09002452221104731
2014-07-16,0.045027400205916265
2014-07-17,0.040325176631985045
2014-07-18,0.08021538580696407
2014-07-21,0.03496082428557522
2014-07-22,0.07715386590660742
2014-07-23,0.039521433773273704
2014-07-24,0.06089945938824703
2014-07-25,0.04868535394270304
2014-07-28,0.01928343025720346
2014-07-29,0.027205997947423254
2014-07-30,0.11077453017137343
2014-07-31,0.054614435677971945
2014-08-01,0.10911805697103477
2014-08-04,0.02393901370123528
2014-08-05,0.04248927293305404
2014-08-06,0.07885854377647718
2014-08-07,0.09188592384302736
2014-08-08,0.08871509275411348
2014-08-11,0.032817936391088855
2014-08-12,0.04413426517479497
2014-08-13,0.11872760230949812
2014-08-14,0.08668936936004687
2014-08-15,0.1004382705533908
2014-08-18,0.038716992709599427
2014-08-19,0.0872470199889877
2014-08-20,0.07967557246524104
2014-08-21,0.06484628323492136
2014-08-22,0.10378078938919034
2014-08-25,0.061919337469917714
2014-08-26,0.08464770701052719
2014-08-27,0.09345903794287087
2014-08-28,0.10916733388231896
2014-08-29,0.08727738286900327
2014-09-01,0.03064735484844239
2014-09-02,0.048524402789667825
2014-09-03,0.11629746493973024
2014-09-04,0.8432219138384042
2014-09-05,0.1567946433273558
2014-09-08,0.11261171656869921
2014-09-09,0.19540842375011533
2014-09-10,0.20571117566099367
2014-09-11,0.14467177842670173
2014-09-12,0.13196486959563483
2014-09-15,0.10634084912638937
2014-09-16,0.14545298712966562
2014-09-17,0.40962086268942594
2014-09-18,0.2287804630847359
2014-09-19,0.18003011240611455
2014-09-22,0.12015727001154772
2014-09-23,0.11251285994371168
2014-09-24,0.12902607556212012
2014-09-25,0.21545666425284446
2014-09-26,0.10428455207366985
2014-09-29,0.13276263934934443
2014-09-30,0.2467642456937853
2014-10-01,0.22418716309151643
2014-10-02,0.38656952443424936
2014-10-03,0.3023432617102231
2014-10-06,0.2119946168276532
2014-10-07,0.29021973665275974
2014-10-08,0.5329324242210399
2014-10-09,0.40168006253865757
2014-10-10,0.21134298010683863
2014-10-13,0.2793801565929089
2014-10-14,0.22350178955513952
2014-10-15,0.8631075463118993
2014-10-16,0.740700174728594
2014-10-17,0.32845893821840627
2014-10-20,0.19685345606228732
2014-10-21,0.29463624134955957
2014-10-22,0.2680093849438104
2014-10-23,0.25078025957059125
2014-10-24,0.13424192873017704
2014-10-27,0.1294124252631829
2014-10-28,0.19276836997903285
2014-10-29,0.30843907007547083
2014-10-30,0.2145828612744805
2014-10-31,0.4734221256867053
2014-11-03,0.2747597032443209
2014-11-04,0.15823233267819237
2014-11-05,0.2258581605703936
2014-11-06,0.6005745929385337
2014-11-07,0.3821936156086197
2014-11-10,0.19031296797236563
2014-11-11,0.188490721305303
2014-11-12,0.3063958542153414
2014-11-13,0.16342189993780043
2014-11-14,0.4172356511824877
2014-11-17,0.2505368974355331
2014-11-18,0.16191674394446298
2014-11-19,0.21215520921662373
2014-11-20,0.3592926245282166
2014-11-21,0.30749256591594726
2014-11-24,0.19730721953898572
2014-11-25,0.18558026784093382
2014-11-26,0.2484354278858424
2014-11-27,0.13520893964499284
2014-11-28,0.18381411894224342
2014-12-01,0.24073651807433483
2014-12-02,0.13107959451249698
2014-12-03,0.19163120754626617
2014-12-04,0.7364019315805835
2014-12-05,0.47320948184426825
2014-12-08,0.18362348941661258
2014-12-09,0.3323719295436574
2014-12-10,0.2276740614711426
2014-12-11,0.4666637827220984
2014-12-12,0.28547319632999657
2014-12-15,0.27169040578342085
2014-12-16,0.44548745813031015
2014-12-17,0.6206590948846521
2014-12-18,0.35781226746495787
2014-12-19,0.20626531521537125
2014-12-22,0.1336361361253949
2014-12-23,0.12716102258911785
2014-12-24,0.08972137972450711
2014-12-26,0.07041479077010566
2014-12-29,0.1764967161709584
2014-12-30,0.17433636388433207
2014-12-31,0.11500721301005658
2015-01-02,0.22723441586702844
2015-01-05,0.42851837426779443
2015-01-06,0.33376869493588407
2015-01-07,0.37397493966848444
2015-01-08,0.25707138194341117
2015-01-09,0.32172154259260266
2015-01-12,0.2501383542460664
2015-01-13,0.2911072849981329
2015-01-14,0.4884847143217764
2015-01-15,2.3063876609654366
2015-01-16,0.6381576566360769
2015-01-19,0.33967023722072776
2015-01-20,0.28886676370273506
2015-01-21,0.9372180998186566
2015-01-22,1.4807156385271216
2015-01-23,1.873042539871027
2015-01-26,0.8143276518830669
2015-01-27,0.8825112876508087
2015-01-28,0.5543266232838623
2015-01-29,0.42714307099382776
2015-01-30,0.5290143877107839
2015-02-02,0.3700457787267915
2015-02-03,0.513073059461695
2015-02-04,0.48219865025795555
2015-02-05,0.6620484733373708
2015-02-06,0.8797942372296466
2015-02-09,0.3100224229610679
2015-02-10,0.44069091890400275
2015-02-11,0.3140046924498524
2015-02-12,0.49136114556913635
2015-02-13,0.2671406043404715
2015-02-16,0.25720160115728624
2015-02-17,0.33705831050270213
2015-02-18,0.4732145755042536
2015-02-19,0.3020998020474798
2015-02-20,0.6453649319072797
2015-02-23,0.2928353850728083
2015-02-24,0.28284122869142003
2015-02-25,0.1898649425551451
2015-02-26,0.281827561934503
2015-02-27,0.3548731147223882
2015-03-02,0.154881716078936
2015-03-03,0.18289795889829627
2015-03-04,0.30500797096590937
2015-03-05,0.4439145445036561
2015-03-06,1.059996035318001
2015-03-09,0.2605114652269396
2015-03-10,0.7276559282199665
2015-03-11,0.8603895715997839
2015-03-12,1.351528751113326
2015-03-13,0.7747304761541856
2015-03-16,0.5518328039723912
2015-03-17,0.40160979364593097
2015-03-18,4.708948128126938
2015-03-19,1.606189033123249
2015-03-20,0.9199008752255287
2015-03-23,1.0952305706733843
2015-03-24,1.1264522155122463
2015-03-25,0.49811932971395956
2015-03-26,0.6178819347521627
2015-03-27,0.7199905300486673
2015-03-30,0.5249181378561917
2015-03-31,0.486961255158082
2015-04-01,0.5631267222335594
2015-04-02,0.5848380925022293
2015-04-03,1.584650950105977
2015-04-06,0.42149163103259596
2015-04-07,0.5212903302772024
2015-04-08,0.6241595437540366
2015-04-09,0.42749021936747666
2015-04-10,0.49489339744828176
2015-04-13,0.5043808914895831
2015-04-14,0.9158417215665842
2015-04-15,0.8239080648408094
2015-04-16,1.1186467095005286
2015-04-17,0.7821177923148789
2015-04-20,0.4543013897178258
2015-04-21,0.5045788653269659
2015-04-22,0.5051245431599538
2015-04-23,0.7182850874834772
2015-04-24,0.7336696465396866
2015-04-27,0.4475047325952202
2015-04-28,0.4831524982790906
2015-04-29,1.1227826608773102
2015-04-30,1.5216215545686744
2015-05-01,0.7307450723993082
2015-05-04,0.3699873322469393
2015-05-05,0.88069381338574
2015-05-06,0.9081022302422814
2015-05-07,0.6984072996640984
2015-05-08,1.2242270375998248
2015-05-11,0.5101798678132761
2015-05-12,0.4678944824171566
2015-05-13,0.7434444772118037
2015-05-14,0.5712883325134667
2015-05-15,0.6194876238780603
2015-05-18,0.4670197400709316
2015-05-19,1.1169686239143979
2015-05-20,0.8261883147138658
2015-05-21,0.6023542281893708
2015-05-22,0.8660729180602817
2015-05-25,0.2338108066889787
2015-05-26,0.5443712417332408
2015-05-27,0.7147298012854936
2015-05-28,0.6349481212597985
2015-05-29,0.4993423461215878
2015-06-01,0.5938691018179767
2015-06-02,0.8956481055825289
2015-06-03,1.2133045314187407
2015-06-04,0.8284668536721074
2015-06-05,2.3388746603103265
2015-06-08,0.8015713924745556
2015-06-09,0.7138036223364376
2015-06-10,0.9201806256903193
2015-06-11,0.5689405561808801
2015-06-12,0.7676860347918125
2015-06-15,0.5405696922579999
2015-06-16,0.38960347815814445
2015-06-17,0.42569549103654375
2015-06-18,0.7618097198184375
2015-06-19,0.38830991320668135
2015-06-22,0.4928150116964364
2015-06-23,0.46922993696324583
2015-06-24,0.4023283529294194
2015-06-25,0.3632376114070066
2015-06-26,0.39202356542550154
2015-06-29,1.7992298971682381
2015-06-30,0.7148531192761868
2015-07-01,0.5401109699103371
2015-07-02,0.6869292452869982
2015-07-03,0.2513141336886302
2015-07-06,0.7168641836483327
2015-07-07,0.5977365018794113
2015-07-08,0.6080503847439074
2015-07-09,0.5012168913590703
2015-07-10,0.7517212517095337
2015-07-13,0.932242430848297
2015-07-14,0.384763849158089
2015-07-15,0.40309017541816505
2015-07-16,0.5172788770420886
2015-07-17,0.23979822427076192
2015-07-20,0.22304847993657256
2015-07-21,0.3622677026585956
2015-07-22,0.3516373818558622
2015-07-23,0.5004923504169654
2015-07-24,0.4065246409828187
2015-07-27,0.4536570551118962
2015-07-28,0.22710425002245122
2015-07-29,0.39740567649054426
2015-07-30,0.315143752945803
2015-07-31,1.0490877812604626
2015-08-03,0.2407628836940471
2015-08-04,0.27134946777277447
2015-08-05,0.3661583905150481
2015-08-06,0.2201508472951434
2015-08-07,0.8211090048065394
2015-08-10,0.3262798617048757
2015-08-11,0.5158450108017519
2015-08-12,0.4777932100885118
2015-08-13,0.4476144502092746
2015-08-14,0.28866955294696245
2015-08-17,0.29221551657632616
2015-08-18,0.19895481239224982
2015-08-19,0.4241646117487043
2015-08-20,0.40035940892170024
2015-08-21,0.41348764832271784
2015-08-24,2.429894854291246
2015-08-25,1.3100992094182187
2015-08-26,1.0966518258714804
2015-08-27,0.6583702229700622
2015-08-28,0.5730479654009847
2015-08-31,0.44243209750260704
2015-09-01,0.689741033570988
2015-09-02,0.4318029802195506
2015-09-03,0.6378967591775716
2015-09-04,0.5747341106611779
2015-09-07,0.22244729650268594
2015-09-08,0.3007171353766598
2015-09-09,0.2763184575082399
2015-09-10,0.45423130982882465
2015-09-11,0.3731036856897627
2015-09-14,0.23163355436510466
2015-09-15,0.21990168423835715
2015-09-16,0.31233788320010475
2015-09-17,0.731449774272761
2015-09-18,0.4500845449050807
2015-09-21,0.3063011646861338
2015-09-22,0.292669863578131
2015-09-23,0.5771676118343914
2015-09-24,0.41201264283165223
2015-09-25,0.5058696596772092
2015-09-28,0.32824838198026207
2015-09-29,0.41296157264633004
2015-09-30,0.30109134333911314
2015-10-01,0.2174083550435066
2015-10-02,1.5159965802896076
2015-10-05,0.33029139090353193
2015-10-06,0.2446760683576197
2015-10-07,0.2761672594530212
2015-10-08,0.3569649654184745
2015-10-09,0.32018365666846205
2015-10-12,0.13456787091574812
2015-10-13,0.2250854270592986
2015-10-14,0.2815814568738357
2015-10-15,0.47499290781464326
2015-10-16,0.3285419753003771
2015-10-19,0.19157102405864815
2015-10-20,0.15305307743498772
2015-10-21,0.16799240446308936
2015-10-22,0.7232188817915436
2015-10-23,0.6150760527253737
2015-10-26,0.2085886379743422
2015-10-27,0.24390793818948373
2015-10-28,1.0957574701141293
2015-10-29,0.38580464728964226
2015-10-30,0.3975745396297546
2015-11-02,0.24232743859479425
2015-11-03,0.24189092662599954
2015-11-04,0.31807742919387066
2015-11-05,0.2765163111743977
2015-11-06,0.9388284122518832
2015-11-09,0.29141899580823544
2015-11-10,0.30622272849091525
2015-11-11,0.2630904611073785
2015-11-12,0.7045808055137978
2015-11-13,0.42646350132007294
2015-11-16,0.3224067781007621
2015-11-17,0.25223531414583295
2015-11-18,0.2246715958035323
2015-11-19,0.3686287963104726
2015-11-20,0.2643091100560419
2015-11-23,0.2603850674113951
2015-11-24,0.24724737532093666
2015-11-25,0.3373773976978964
2015-11-26,0.08712696877295675
2015-11-27,0.1534969718763784
2015-11-30,0.15916959526916674
2015-12-01,0.19873323638456278
2015-12-02,0.3131475846097326
2015-12-03,3.746258088183484
2015-12-04,1.006862046125835
2015-12-07,0.23454156975215382
2015-12-08,0.23622675714165944
2015-12-09,0.3240049352857352
2015-12-10,0.29315999584705105
2015-12-11,0.4509885851810459
2015-12-14,0.2918660229107908
2015-12-15,0.29159981107172395
2015-12-16,0.8566586228451746
2015-12-17,0.4296450894603594
2015-12-18,0.38163849385889753
2015-12-21,0.22490461176573392
2015-12-22,0.1788535539166589
2015-12-23,0.22902919880249117
2015-12-24,0.18728700323384934
2015-12-28,0.1741801863984344
2015-12-29,0.22433515902214507
2015-12-30,0.17387341187752525
2015-12-31,0.2624417861796997
2016-01-04,0.47920758992888096
2016-01-05,0.2724930350964036
2016-01-06,0.40453454017979845
2016-01-07,0.5750617491982107
2016-01-08,0.8212764502899756
2016-01-11,0.55289972886022
2016-01-12,0.321485991409014
2016-01-13,0.37425780544240733
2016-01-14,0.49734927963901576
2016-01-15,0.6049753563196502
2016-01-18,0.19082522899331822
2016-01-19,0.3047893853878225
2016-01-20,0.3959233740510617
2016-01-21,1.0291362938778426
2016-01-22,0.3369986779673364
2016-01-25,0.15926639909158838
2016-01-26,0.21008368469334537
2016-01-27,0.3461522990009358
2016-01-28,0.2553177807572371
2016-01-29,0.5046145503869296
2016-02-01,0.1994687689979788
2016-02-02,0.18672716738484843
2016-02-03,0.6946718955324791
2016-02-04,0.6702993731658563
2016-02-05,0.5466867731810081
2016-02-08,0.49234877806939353
2016-02-09,0.670370028941353
2016-02-10,0.5404981184713185
2016-02-11,0.7795219945846659
2016-02-12,0.45042810357258894
2016-02-15,0.24646686649531302
2016-02-16,0.23844513211685409
2016-02-17,0.28865829530250736
2016-02-18,0.3137118126415203
2016-02-19,0.30606096111044956
2016-02-22,0.24248812138876166
2016-02-23,0.2710784579530802
2016-02-24,0.33847203536272924
2016-02-25,0.2762221150258881
2016-02-26,0.35234220773302305
2016-02-29,0.2428251796277879
2016-03-01,0.34046042462723125
2016-03-02,0.20183058865816952
2016-03-03,0.2852677261471805
2016-03-04,0.8392547958810503
2016-03-07,0.19252955113666664
2016-03-08,0.2552451209619183
2016-03-09,0.23568047320502292
2016-03-10,3.317783605304333
2016-03-11,0.4974124307854394
2016-03-14,0.2502152198430535
2016-03-15,0.21047581216964883
2016-03-16,0.6629228401696446
2016-03-17,0.43245239625923426
2016-03-18,0.2145047390707831
2016-03-21,0.18316624899334918
2016-03-22,0.34203053280631535
2016-03-23,0.17124647680555052
2016-03-24,0.21783226674408235
2016-03-25,0.04986748992904268
2016-03-28,0.09916796773472929
2016-03-29,0.513830850331705
2016-03-30,0.2629723811680569
2016-03-31,0.24230703522362373
2016-04-01,0.44496815760523556
2016-04-04,0.16512315881741266
2016-04-05,0.25164910261345813
2016-04-06,0.322887747810861
2016-04-07,0.42672171629997413
2016-04-08,0.22222799437392796
2016-04-11,0.20229989000197982
2016-04-12,0.3055345542998583
2016-04-13,0.28096566794287814
2016-04-14,0.22773044256929983
2016-04-15,0.2037086932181293
2016-04-18,0.1924268128514308
2016-04-19,0.15899605091377353
2016-04-20,0.1972095960047962
2016-04-21,0.5708069519954447
2016-04-22,0.2050467512058339
2016-04-25,0.17466527102781457
2016-04-26,0.2044905213930804
2016-04-27,0.25474418666894694
2016-04-28,0.3182467974673875
2016-04-29,0.3180505924814984
2016-05-02,0.2621253898777011
2016-05-03,0.29719623282055685
2016-05-04,0.4221721750289351
2016-05-05,0.20892751590663036
2016-05-06,0.2879785656407598
2016-05-09,0.20078851547233564
2016-05-10,0.20703309265277964
2016-05-11,0.11510349874755017
2016-05-12,0.12581518077311007
2016-05-13,0.2518593217592098
2016-05-16,0.1254271528661853
2016-05-17,0.11131407732912228
2016-05-18,0.31096731196079835
2016-05-19,0.19587654973419646
2016-05-20,0.10842629902886225
2016-05-23,0.126837495918894
2016-05-24,0.15808879373272952
2016-05-25,0.10887792408084797
2016-05-26,0.14811571900274179
2016-05-27,0.14292405858762183
2016-05-30,0.05979923692986892
2016-05-31,0.18931804294668456
2016-06-01,0.24401157368064097
2016-06-02,0.3383601040782635
2016-06-03,1.1289695237613993
2016-06-06,0.19690541443266285
2016-06-07,0.14104301157367072
2016-06-08,0.1164587785988248
2016-06-09,0.23572668485520462
2016-06-10,0.19723357500473224
2016-06-13,0.18026518638291472
2016-06-14,0.19405677034902913
2016-06-15,0.29373477267317105
2016-06-16,0.6435480597062772
2016-06-17,0.3581033508860555
2016-06-20,0.25659945473309376
2016-06-21,0.2965234946714178
2016-06-22,0.2724944700014156
2016-06-23,0.6800480158315361
2016-06-24,6.857337304086215
2016-06-27,0.8421383253394115
2016-06-28,0.43983531714849183
2016-06-29,0.47737723783942354
2016-06-30,0.9227896354941008
2016-07-01,0.37757299678380907
2016-07-04,0.1501008643399156
2016-07-05,0.3541981484158042
2016-07-06,0.3844993068723649
2016-07-07,0.2886781517880923
2016-07-08,0.7648036187132073
2016-07-11,0.14679479796707245
2016-07-12,0.2515542001866967
2016-07-13,0.17185747224069334
2016-07-14,0.3401324111255712
2016-07-15,0.27086192618434485
2016-07-18,0.1359416862579627
2016-07-19,0.15044576369812743
2016-07-20,0.22440370354611874
2016-07-21,0.2821399196361241
2016-07-22,0.20951076901735893
2016-07-25,0.09891491873530059
2016-07-26,0.1123030393438437
2016-07-27,0.27653749215768136
2016-07-28,0.17591251940621713
2016-07-29,0.22092698626075843
2016-08-01,0.09962387746609497
2016-08-02,0.10315491760770339
2016-08-03,0.10498944830124435
2016-08-04,0.10724274798612693
2016-08-05,0.37406583300997137
2016-08-08,0.07749172830503445
2016-08-09,0.08882458534181895
2016-08-10,0.13225639730565267
2016-08-11,0.11430190418291163
2016-08-12,0.23495985697127447
2016-08-15,0.0758208842556877
2016-08-16,0.29311843722146913
2016-08-17,0.21806349198327843
2016-08-18,0.2270396711876205
2016-08-19,0.15414673331227646
2016-08-22,0.12212853368928812
2016-08-23,0.10655937298906668
2016-08-24,0.1382810345615052
2016-08-25,0.07478209744697742
2016-08-26,0.4173068996617209
2016-08-29,0.10408496609057662
2016-08-30,0.1121060889226336
2016-08-31,0.13582658405447323
2016-09-01,0.2109136089148011
2016-09-02,0.5557058010364422
2016-09-05,0.07976177792343517
2016-09-06,0.3280456353216134
2016-09-07,0.13783483650250253
2016-09-08,0.27860444119541633
2016-09-09,0.21401122867901448
2016-09-12,0.20709471742493343
2016-09-13,0.19416581198960378
2016-09-14,0.16702384480871682
2016-09-15,0.15969226472475465
2016-09-16,0.16951970813728118
2016-09-19,0.08309963258709491
2016-09-20,0.11332827755369335
2016-09-21,0.3116719349620795
2016-09-22,0.1453403967123607
2016-09-23,0.12986339286659454
2016-09-26,0.10997299047705861
2016-09-27,0.11401389216316095
2016-09-28,0.11651516349412207
2016-09-29,0.14496709484738296
2016-09-30,0.2769253656272379
2016-10-03,0.0829262544639476
2016-10-04,0.36375334301356094
2016-10-05,0.15189233030639884
2016-10-06,0.14633563231297858
2016-10-07,0.3451592807131096
2016-10-10,0.08609457426644081
2016-10-11,0.1711019734576574
2016-10-12,0.25601649440250057
2016-10-13,0.2537305820679869
2016-10-14,0.19786849727281586
2016-10-17,0.09942729325360238
2016-10-18,0.14853216105731906
2016-10-19,0.14256737816725604
2016-10-20,0.49761173607974885
2016-10-21,0.12749020739506745
2016-10-24,0.09434863139133892
2016-10-25,0.12705275930103108
2016-10-26,0.1472281507880545
2016-10-27,0.17220536117452612
2016-10-28,0.22639108903829275
2016-10-31,0.13477949296993172
2016-11-01,0.10997509461895132
2016-11-02,0.20327484356202186
2016-11-03,0.2042649122519247
2016-11-04,0.14385106841263884
2016-11-07,0.1471789463968016
2016-11-08,0.11009911079447686
2016-11-09,2.9133129253067334
2016-11-10,0.4228936504983417
2016-11-11,0.35409321146675643
2016-11-14,0.48423218787471406
2016-11-15,0.3369762445105324
2016-11-16,0.3698537625206609
2016-11-17,0.4093731481651987
2016-11-18,0.4589677862059998
2016-11-21,0.33511154557119804
2016-11-22,0.2677188522662311
2016-11-23,0.322758195591507
2016-11-24,0.28298105861919637
2016-11-25,0.31362010749121555
2016-11-28,0.3688178389896043
2016-11-29,0.3331133255395838
2016-11-30,0.5595687095490769
2016-12-01,0.37362192346941253
2016-12-02,0.27280358541488403
2016-12-05,1.1097480932152535
2016-12-06,0.2987838683444723
2016-12-07,0.17373020513446646
2016-12-08,1.027056063027865
2016-12-09,0.2746172020206092
2016-12-12,0.2934875767298121
2016-12-13,0.27826830984205836
2016-12-14,0.6794247723400977
2016-12-15,0.8571296667027495
2016-12-16,0.47665782968761383
2016-12-19,0.3124997216235703
2016-12-20,0.23788713713089776
2016-12-21,0.231978332978863
2016-12-22,0.273637594508359
2016-12-23,0.12425876629168724
2016-12-26,0.12624606627753956
2016-12-27,0.09380770296418062
2016-12-28,0.1683075185537461
2016-12-29,0.25626946602653444
2016-12-30,1.2192053295278333
2017-01-02,0.10901208558694223
2017-01-03,0.5266241218244816
2017-01-04,0.3830392408787297
2017-01-05,0.7027521504381583
2017-01-06,0.41150964326495004
2017-01-09,0.32093805828602473
2017-01-10,0.32411565434299405
2017-01-11,0.8956092531166091
2017-01-12,0.4779406849805461
2017-01-13,0.4344452481486664
2017-01-16,0.2407364179740552
2017-01-17,0.41669647455470904
2017-01-18,0.262318336357408
2017-01-19,0.4912692990230868
2017-01-20,0.311684217902837
2017-01-23,0.30077664731431064
2017-01-24,0.1831115821177129
2017-01-25,0.2406010587306456
2017-01-26,0.25303075383277746
2017-01-27,0.24017900071346496
2017-01-30,0.2633073745018937
2017-01-31,0.3884664473961514
2017-02-01,0.36269587340669956
2017-02-02,0.2253200007868301
2017-02-03,0.35157624794118775
2017-02-06,0.1709397305726467
2017-02-07,0.19928181994022862
2017-02-08,0.21030207711793
2017-02-09,0.20753418157752562
2017-02-10,0.16658737891044964
2017-02-13,0.12282847117641654
2017-02-14,0.23852614299878627
2017-02-15,0.2658777533227719
2017-02-16,0.226212725834595
2017-02-17,0.14082584372486193
2017-02-20,0.10602402417685802
2017-02-21,0.18783256650545146
2017-02-22,0.45448970310248776
2017-02-23,0.20634286894628195
2017-02-24,0.2337488674672937
2017-02-27,0.1619581854023079
2017-02-28,0.23087057093808822
2017-03-01,0.28711762139461633
2017-03-02,0.13530573372306848
2017-03-03,0.2524915332588744
2017-03-06,0.18294699130760678
2017-03-07,0.0950489797033323
2017-03-08,0.12229909399280726
2017-03-09,0.3209331750353401
2017-03-10,0.3078848521042424
2017-03-13,0.13056847134488683
2017-03-14,0.10456092031273907
2017-03-15,0.42785434352157975
2017-03-16,0.2086357459849706
2017-03-17,0.18227225912395525
2017-03-20,0.10905801759626473
2017-03-21,0.20457122035615594
2017-03-22,0.15379375806666654
2017-03-23,0.1259182860045609
2017-03-24,0.130117867744734
2017-03-27,0.13233608616913198
2017-03-28,0.1460929137371573
2017-03-29,0.24426563838980836
2017-03-30,0.18334078118188446
2017-03-31,0.15262126274484872
2017-04-03,0.11341126040074659
2017-04-04,0.09565428829112542
2017-04-05,0.16654540581404653
2017-04-06,0.2071781031870043
2017-04-07,0.2031577791255123
2017-04-10,0.0863593249964844
2017-04-11,0.09858023762343955
2017-04-12,0.19853578855989065
2017-04-13,0.12265629239123323
2017-04-14,0.06026388268090095
2017-04-17,0.1112449170204941
2017-04-18,0.18315421221734518
2017-04-19,0.10109162972573164
2017-04-20,0.1771986983190036
2017-04-21,0.17528480072976682
2017-04-24,0.44665834967641393
2017-04-25,0.17539372160170805
2017-04-26,0.24343252440910362
2017-04-27,0.36533497550376404
2017-04-28,0.2514513408869801
2017-05-01,0.07811552657372488
2017-05-02,0.11064399911541592
2017-05-03,0.10208159494486628
2017-05-04,0.19992346504307537
2017-05-05,0.15239198728148473
2017-05-08,0.23529774501082015
2017-05-09,0.17741362834306978
2017-05-10,0.1454537849417756
2017-05-11,0.11639166255474126
2017-05-12,0.1464413709320381
2017-05-15,0.10222809475017768
2017-05-16,0.17482767432122062
2017-05-17,0.1925736558715103
2017-05-18,0.2728111409394452
2017-05-19,0.1451192203555251
2017-05-22,0.2759796108848011
2017-05-23,0.3020150100130379
2017-05-24,0.2802136073382275
2017-05-25,0.1454543674771559
2017-05-26,0.16805471638566755
2017-05-29,0.07263924419347567
2017-05-30,0.32429509448828286
2017-05-31,0.2030592885624371
2017-06-01,0.1329803960625882
2017-06-02,0.2981781143461944
2017-06-05,0.10311938837567378
2017-06-06,0.11515473729040072
2017-06-07,0.347342268624614
2017-06-08,0.21464358090598096
2017-06-09,0.22152924566438723
2017-06-12,0.09435481179927603
2017-06-13,0.09558775462349019
2017-06-14,0.46603018115042866
2017-06-15,0.17738375948653315
2017-06-16,0.10115085506077341
2017-06-19,0.08601834325933459
2017-06-20,0.10399287767023141
2017-06-21,0.075934729673546
2017-06-22,0.07589590931523778
2017-06-23,0.08097650026434547
2017-06-26,0.1626602738887304
2017-06-27,0.30363032594285017
2017-06-28,0.8563839414461124
2017-06-29,0.21907221029416327
2017-06-30,0.16593966206035243
2017-07-03,0.10910038577287622
2017-07-04,0.09291293549743093
2017-07-05,0.1300179579138656
2017-07-06,0.13592989672568795
2017-07-07,0.21156195546610157
2017-07-10,0.0725955397038394
2017-07-11,0.1300767425196055
2017-07-12,0.2396067740710486
2017-07-13,0.1923451800415354
2017-07-14,0.20021860855959855
2017-07-17,0.08573490907774328
2017-07-18,0.23770249824751508
2017-07-19,0.10013098151860322
2017-07-20,0.3194266152964024
2017-07-21,0.1701470618893056
2017-07-24,0.10951000160080436
2017-07-25,0.21446886214689354
2017-07-26,0.39005855435121317
2017-07-27,0.28377915393062453
2017-07-28,0.21778977161428528
2017-07-31,0.23872391452534744
2017-08-01,0.2025792503445266
2017-08-02,0.2550366930185568
2017-08-03,0.21043568966386045
2017-08-04,0.4137032166414295
2017-08-07,0.13158181493447138
2017-08-08,0.180524482934375
2017-08-09,0.32044817489726685
2017-08-10,0.2517283159017578
2017-08-11,0.32522588634360106
2017-08-14,0.15374657908235018
2017-08-15,0.27228152999621086
2017-08-16,0.3744673138154162
2017-08-17,0.323165966350337
2017-08-18,0.2616357102692898
2017-08-21,0.12188456271855391
2017-08-22,0.14532116990975452
2017-08-23,0.14417992708584854
2017-08-24,0.08165371112976329
2017-08-25,0.46187346828604925
2017-08-28,0.10275134386441377
2017-08-29,0.37261047254461727
2017-08-30,0.24051398071285454
2017-08-31,0.2854243117459391
2017-09-01,0.6113774846498263
2017-09-04,0.1518388915910189
2017-09-05,0.25970534335816925
2017-09-06,0.15810199553653448
2017-09-07,0.4473126683088689
2017-09-08,0.37099034461973046
2017-09-11,0.14428821569498948
2017-09-12,0.14285150735008129
2017-09-13,0.18329444925849894
2017-09-14,0.3601072418003075
2017-09-15,0.24381834662736426
2017-09-18,0.16792809797552052
2017-09-19,0.20804971293561436
2017-09-20,0.6487641132517378
2017-09-21,0.2028396791593934
2017-09-22,0.17472365154721492
2017-09-25,0.1681002450124734
2017-09-26,0.28470551017956064
2017-09-27,0.18725687969931049
2017-09-28,0.17059107128559192
2017-09-29,0.17645623789942838
2017-10-02,0.14810110946614902
2017-10-03,0.12529892642190843
2017-10-04,0.15474320694400212
2017-10-05,0.09850423455216266
2017-10-06,0.22389002484988293
2017-10-09,0.07845976851491702
2017-10-10,0.13815608337947566
2017-10-11,0.15374352897845733
2017-10-12,0.09984934151540019
2017-10-13,0.3413030161294857
2017-10-16,0.11495941154342969
2017-10-17,0.09487160257186628
2017-10-18,0.10994902191930893
2017-10-19,0.20150155876499412
2017-10-20,0.15793842481562065
2017-10-23,0.11747163948497938
2017-10-24,0.11177760023722995
2017-10-25,0.14296705484891892
2017-10-26,0.4382517484635745
2017-10-27,0.2576544560296315
2017-10-30,0.1319998175847508
2017-10-31,0.14016527175010698
2017-11-01,0.150481096067781
2017-11-02,0.20673904402984372
2017-11-03,0.18326642874370247
2017-11-06,0.1196452960025301
2017-11-07,0.13453856470582048
2017-11-08,0.1059198900874067
2017-11-09,0.1364552653021498
2017-11-10,0.1068418240037089
2017-11-13,0.07291954684870877
2017-11-14,0.15204816692925935
2017-11-15,0.21162258762712122
2017-11-16,0.1641243451932512
2017-11-17,0.1578579283669457
2017-11-20,0.2687307907234219
2017-11-21,0.15271667022821286
2017-11-22,0.1592052136850792
2017-11-23,0.10929242939941816
2017-11-24,0.1330564809356497
2017-11-27,0.14137740854285522
2017-11-28,0.20246246245820035
2017-11-29,0.17398601387010756
2017-11-30,0.24336618038255656
2017-12-01,0.3132564240304642
2017-12-04,0.13936680601424645
2017-12-05,0.14435926373462687
2017-12-06,0.13484882209483026
2017-12-07,0.1191060705976758
2017-12-08,0.14132139479611502
2017-12-11,0.095580210276221
2017-12-12,0.11597057659735378
2017-12-13,0.2060596818571047
2017-12-14,0.2880572955564216
2017-12-15,0.12501739832963213
2017-12-18,0.12904641954413726
2017-12-19,0.13593327332691593
2017-12-20,0.1186919932100567
2017-12-21,0.11204187544815246
2017-12-22,0.14710485346232266
2017-12-26,0.053073796596317294
2017-12-27,0.08408664565890175
2017-12-28,0.06899608507033594
2017-12-29,0.08710803451611139
2018-01-02,0.11929497360378931
2018-01-03,0.12701421570072063
2018-01-04,0.14991571562679115
2018-01-05,0.1566523620266006
2018-01-08,0.12149531632722818
2018-01-09,0.13005973275096902
2018-01-10,0.27500446381005217
2018-01-11,0.39800463530331176
2018-01-12,0.43912012469215767
2018-01-15,0.29454086510868166
2018-01-16,0.37467670248758317
2018-01-17,0.4332891967564963
2018-01-18,0.33516268797033827
2018-01-19,0.26367696433708177
2018-01-22,0.1391758041185655
2018-01-23,0.19778910851563278
2018-01-24,0.3339325829776577
2018-01-25,1.0845375034315847
2018-01-26,0.42869297733528533
2018-01-29,0.25706059529159864
2018-01-30,0.3491316669768656
2018-01-31,0.2851402652966482
2018-02-01,0.2899982244517112
2018-02-02,0.3705445650928857
2018-02-05,0.3098095830711634
2018-02-06,0.3995439345004204
2018-02-07,0.25434499927242815
2018-02-08,0.40388445629551
2018-02-09,0.2863295843866186
2018-02-12,0.20404647521113856
2018-02-13,0.21974372260700864
2018-02-14,0.6763032637943069
2018-02-15,0.2889654516662427
2018-02-16,0.26292461089439506
2018-02-19,0.18139060285876638
2018-02-20,0.21913004168507688
2018-02-21,0.2670810889171019
2018-02-22,0.24718140516413264
2018-02-23,0.17557492318599707
2018-02-26,0.1707288055755332
2018-02-27,0.29325995947675515
2018-02-28,0.19100381492189672
2018-03-01,0.3010102495652712
2018-03-02,0.2335005707483503
2018-03-05,0.31501443489419173
2018-03-06,0.22560619582888797
2018-03-07,0.20853170762617576
2018-03-08,0.3832329208444017
2018-03-09,0.18532503395762548
2018-03-12,0.11194694728273959
2018-03-13,0.20838911931741724
2018-03-14,0.18483589190738955
2018-03-15,0.13861926880380673
2018-03-16,0.15341789557753369
2018-03-19,0.15451482129079977
2018-03-20,0.1552902828821529
2018-03-21,0.1895287193940292
2018-03-22,0.24316947631078623
2018-03-23,0.1791620436641742
2018-03-26,0.14252207753488333
2018-03-27,0.15295519210693728
2018-03-28,0.18382895054232876
2018-03-29,0.14512900821342614
2018-03-30,0.06175528946856908
2018-04-02,0.0945028843687919
2018-04-03,0.15078381698406548
2018-04-04,0.15904010620182005
2018-04-05,0.13566631916749972
2018-04-06,0.2065542107349859
2018-04-09,0.14127186811038325
2018-04-10,0.2675938816285251
2018-04-11,0.11779571530234352
2018-04-12,0.1328441465427303
2018-04-13,0.09891492890364759
2018-04-16,0.10083532190566759
2018-04-17,0.11138177511016754
2018-04-18,0.13122066548021646
2018-04-19,0.14758304642175984
2018-04-20,0.16060249434851628
2018-04-23,0.16031837544508395
2018-04-24,0.1678224807333438
2018-04-25,0.14931943600573977
2018-04-26,0.3037561500135302
2018-04-27,0.19389612136509088
2018-04-30,0.17616477003167358
2018-05-01,0.17528164722252274
2018-05-02,0.4971795928336244
2018-05-03,0.2855602550835077
2018-05-04,0.3088060631166666
2018-05-07,0.1410106049052862
2018-05-08,0.25282390353750905
2018-05-09,0.19121429279186847
2018-05-10,0.3262159210641753
2018-05-11,0.16093608885225444
2018-05-14,0.14214125292176177
2018-05-15,0.2374738558531029
2018-05-16,0.291858400317323
2018-05-17,0.2751560290885891
2018-05-18,0.16702478020762607
2018-05-21,0.18241590109736044
2018-05-22,0.1945033835546869
2018-05-23,0.43647158757522686
2018-05-24,0.20249194606407425
2018-05-25,0.24241366393699562
2018-05-28,0.1969905781938865
2018-05-29,0.4186558523397958
2018-05-30,0.40494268812231926
2018-05-31,0.4904294551331392
2018-06-01,0.32552416429250364
2018-06-04,0.17818383090476547
2018-06-05,0.2494389678327073
2018-06-06,0.30463459534303095
2018-06-07,0.2053460700446366
2018-06-08,0.1915265580233154
2018-06-11,0.1779538999571511
2018-06-12,0.2343094072420249
2018-06-13,0.3026529627132269
2018-06-14,0.5224068239332024
2018-06-15,0.4215013070792652
2018-06-18,0.15523884765541973
2018-06-19,0.3215259313113534
2018-06-20,0.2241732900096775
2018-06-21,0.3655906037676523
2018-06-22,0.29056512974361143
2018-06-25,0.24312964035071336
2018-06-26,0.18744390458913898
2018-06-27,0.2537251398545903
2018-06-28,0.34020267006904226
2018-06-29,0.4898822984441897
2018-07-02,0.23853774827433144
2018-07-03,0.16697996769580697
2018-07-04,0.13547737297659224
2018-07-05,0.15399033266701376
2018-07-06,0.19046073576596106
2018-07-09,0.1669703728930393
2018-07-10,0.15535226876400657
2018-07-11,0.26079273010150605
2018-07-12,0.16840699115807417
2018-07-13,0.17435457312798158
2018-07-16,0.11608243588486973
2018-07-17,0.16915790206664905
2018-07-18,0.14668255399565674
2018-07-19,0.36187862027601675
2018-07-20,0.23355678136889022
2018-07-23,0.15554237877836416
2018-07-24,0.1741286544577431
2018-07-25,0.203524959667745
2018-07-26,0.1978753605544534
2018-07-27,0.10312835074673948
2018-07-30,0.08560409896903058
2018-07-31,0.16010061339209225
2018-08-01,0.11580862975441046
2018-08-02,0.13585257067863937
2018-08-03,0.1706356880224974
2018-08-06,0.105527493151169
2018-08-07,0.0822034274791793
2018-08-08,0.12239568378236974
2018-08-09,0.11274747476637725
2018-08-10,0.5444008036122454
2018-08-13,0.30703317464950886
2018-08-14,0.22615938013159886
2018-08-15,0.26029484688049054
2018-08-16,0.2662315341011815
2018-08-17,0.19671396335079683
2018-08-20,0.13458643567547685
2018-08-21,0.2952763020907947
2018-08-22,0.21887805229477272
2018-08-23,0.2436555746814255
2018-08-24,0.2749786191974412
2018-08-27,0.14802713649525492
2018-08-28,0.16412500964064833
2018-08-29,0.16016379145149565
2018-08-30,0.2142830842761344
2018-08-31,0.2527456571200731
2018-09-03,0.13466335446040228
2018-09-04,0.17307340887545772
2018-09-05,0.2895114130762792
2018-09-06,0.1902513375048934
2018-09-07,0.24987600925274225
2018-09-10,0.12463266737926312
2018-09-11,0.16050631954642863
2018-09-12,0.20251730781974464
2018-09-13,0.22563751364704024
2018-09-14,0.16302389691040015
2018-09-17,0.10123756001292043
2018-09-18,0.19828501799778764
2018-09-19,0.17493794078096894
2018-09-20,0.21877036543689446
2018-09-21,0.14386590888976822
2018-09-24,0.24055478855848178
2018-09-25,0.15352980872893945
2018-09-26,0.21976500449294925
2018-09-27,0.27779352133230983
2018-09-28,0.15046195891127484
2018-10-01,0.14715601174977863
2018-10-02,0.17335411865123265
2018-10-03,0.28494030292248085
2018-10-04,0.2170588874541134
2018-10-05,0.21831284809725401
2018-10-08,0.13489843599034093
2018-10-09,0.1875815757646755
2018-10-10,0.14655367242179565
2018-10-11,0.2855237819856378
2018-10-12,0.1651553889518099
2018-10-15,0.1263868068363466
2018-10-16,0.14253083031641087
2018-10-17,0.16083706044755264
2018-10-18,0.17084419516091656
2018-10-19,0.23178577840191109
2018-10-22,0.16000700904262227
2018-10-23,0.18301255292927116
2018-10-24,0.18228741977520013
2018-10-25,0.17401782341052197
2018-10-26,0.19994452021119874
2018-10-29,0.24340834015724302
2018-10-30,0.1343834148420523
2018-10-31,0.1797581214861395
2018-11-01,0.16800706251900788
2018-11-02,0.2282442631180134
2018-11-05,0.11398783460366749
2018-11-06,0.12434304095144047
2018-11-07,0.48526448708442965
2018-11-08,0.20024100335593087
2018-11-09,0.15494814072622076
2018-11-12,0.22811711060553388
2018-11-13,0.24346738754541758
2018-11-14,0.4056313466845233
2018-11-15,0.4180699040338212
2018-11-16,0.2297161327619392
2018-11-19,0.16143660739427002
2018-11-20,0.1629768963444162
2018-11-21,0.24531568762689146
2018-11-22,0.12451164625567476
2018-11-23,0.18703863466849655
2018-11-26,0.13492879625240486
2018-11-27,0.2008089919509611
2018-11-28,0.4579290625722198
2018-11-29,0.19411034629594592
2018-11-30,0.12705195070919245
2018-12-03,0.22524585720110835
2018-12-04,0.1826232736022967
2018-12-05,0.14889773354276165
2018-12-06,0.21860082401086997
2018-12-07,0.39940620781856556
2018-12-10,0.24207204079800954
2018-12-11,0.17793741792175743
2018-12-12,0.23645351543202392
2018-12-13,0.2369173219027404
2018-12-14,0.1666727424223513
2018-12-17,0.11624453639911594
2018-12-18,0.1338075306530532
2018-12-19,0.3300024520438528
2018-12-20,0.2916470507546537
2018-12-21,0.2912891232331352
2018-12-24,0.18063570651527786
2018-12-26,0.15141861567026485
2018-12-27,0.3159620393750861
2018-12-28,0.23694284715889521
2018-12-31,0.16043083159231714
2019-01-02,0.2500452792339767
2019-01-03,0.3907456296652204
2019-01-04,0.3071080225431565
2019-01-07,0.14439494658863716
2019-01-08,0.17278875015702672
2019-01-09,0.26098444330330384
2019-01-10,0.2072068402029155
2019-01-11,0.2223137259883311
2019-01-14,0.1435382955743956
2019-01-15,0.246684181620433
2019-01-16,0.13189595221294345
2019-01-17,0.11306692890153398
2019-01-18,0.09006873989916447
2019-01-21,0.051934815782195665
2019-01-22,0.07665179275087047
2019-01-23,0.08609189727608295
2019-01-24,0.237291128644061
2019-01-25,0.15040651486857276
2019-01-28,0.10046230202677389
2019-01-29,0.08914033738872715
2019-01-30,0.34972998202360445
2019-01-31,0.14489587067778087
2019-02-01,0.1639428541414613
2019-02-04,0.07621275962598557
2019-02-05,0.06658593527053881
2019-02-06,0.05374448613975961
2019-02-07,0.08354595814605914
2019-02-08,0.05763037314727199
2019-02-11,0.10765596700217202
2019-02-12,0.10803323335178981
2019-02-13,0.1374994346476348
2019-02-14,0.23455128183268717
2019-02-15,0.11581420244015588
2019-02-18,0.08027142897187482
2019-02-19,0.14104125214967742
2019-02-20,0.12129357187270098
2019-02-21,0.1424358322184884
2019-02-22,0.10183249898090699
2019-02-25,0.08016901758706539
2019-02-26,0.1014093118195257
2019-02-27,0.11344418575293591
2019-02-28,0.132697713040011
2019-03-01,0.08601798226282559
2019-03-04,0.06793708776849064
2019-03-05,0.12227986981715916
2019-03-06,0.06614431549096551
2019-03-07,0.16007558396391883
2019-03-08,0.10980230000903632
2019-03-11,0.08150851779797341
2019-03-12,0.16058528387955615
2019-03-13,0.10945970487656148
2019-03-14,0.08629056750826489
2019-03-15,0.08762403165627658
2019-03-18,0.06192846372917959
2019-03-19,0.0674707767550038
2019-03-20,0.3485634827323286
2019-03-21,0.13545049152951227
2019-03-22,0.38268343432249363
2019-03-25,0.0963954650078076
2019-03-26,0.08164918442272151
2019-03-27,0.14584063699849267
2019-03-28,0.17372867677893677
2019-03-29,0.14547448052447975
2019-04-01,0.09039628242587056
2019-04-02,0.09596380746254057
2019-04-03,0.0876515777838219
2019-04-04,0.06211968342752151
2019-04-05,0.07672146629599907
2019-04-08,0.06594504707161682
2019-04-09,0.07982906573216463
2019-04-10,0.09834073477211505
2019-04-11,0.07213518245521572
2019-04-12,0.09730560827671124
2019-04-15,0.05102794832146099
2019-04-16,0.09680123452985447
2019-04-17,0.07723932275692301
2019-04-18,0.15435881397970494
2019-04-19,0.017072558906577866
2019-04-22,0.02194991976263964
2019-04-23,0.0849515892764027
2019-04-24,0.12909088484435383
2019-04-25,0.11293132298868465
2019-04-26,0.10570788601449999
2019-04-29,0.06505309401248235
2019-04-30,0.08206417533155529
2019-05-01,0.23677015594556983
2019-05-02,0.07200065401805324
2019-05-03,0.11195000839850049
2019-05-06,0.08529869962765131
2019-05-07,0.10250142783633864
2019-05-08,0.10613415389916567
2019-05-09,0.13423347405638303
2019-05-10,0.07546218327214589
2019-05-13,0.07432439173007832
2019-05-14,0.0846852273579655
2019-05-15,0.13654705147237828
2019-05-16,0.06815870356575532
2019-05-17,0.0544402431384011
2019-05-20,0.04429353673983863
2019-05-21,0.10138250413158538
2019-05-22,0.04379307836854878
2019-05-23,0.12388607901457004
2019-05-24,0.09213866462114217
2019-05-27,0.02752600640712587
2019-05-28,0.07373010783105978
2019-05-29,0.06613905476841826
2019-05-30,0.05521974150115877
2019-05-31,0.12889135374484426
2019-06-03,0.10148709289247543
2019-06-04,0.18936269015422508
2019-06-05,0.1824345216031648
2019-06-06,0.27235405140417485
2019-06-07,0.20136415985052575
2019-06-10,0.07801725122861775
2019-06-11,0.09793021359562558
2019-06-12,0.10780901266729226
2019-06-13,0.06459060462131248
2019-06-14,0.13104225525920693
2019-06-17,0.07918575990797905
2019-06-18,0.20105303094849863
2019-06-19,0.14651479860791825
2019-06-20,0.14392436819128082
2019-06-21,0.18228181649769507
2019-06-24,0.08921783220252597
2019-06-25,0.2194203419502418
2019-06-26,0.11570311593774943
2019-06-27,0.08123905502074487
2019-06-28,0.08054891294197114
2019-07-01,0.11419890548576407
2019-07-02,0.11122433470156082
2019-07-03,0.10192844112635306
2019-07-04,0.027474429922996615
2019-07-05,0.11086838574524183
2019-07-08,0.049766364746766295
2019-07-09,0.05017676048081787
2019-07-10,0.16141764614140564
2019-07-11,0.1286099526602183
2019-07-12,0.06366915046745839
2019-07-15,0.059394063360492355
2019-07-16,0.07405297290300661
2019-07-17,0.052940974692274025
2019-07-18,0.117204925232665
2019-07-19,0.1602178483974138
2019-07-22,0.05299508277207678
2019-07-23,0.058718202300256955
2019-07-24,0.08108438142824768
2019-07-25,0.18478983147156114
2019-07-26,0.08023954117205535
2019-07-29,0.05439194922114413
2019-07-30,0.07605022584844875
2019-07-31,0.24311898767759624
2019-08-01,0.1720937565414093
2019-08-02,0.13573554792681225
2019-08-05,0.16801961722472386
2019-08-06,0.18182274653152186
2019-08-07,0.171059914738061
2019-08-08,0.17846585721436029
2019-08-09,0.11096081864261302
2019-08-12,0.09006614869469023
2019-08-13,0.16684021223804554
2019-08-14,0.12370522700529415
2019-08-15,0.15139009459415986
2019-08-16,0.12043360207370493
2019-08-19,0.06066846204813012
2019-08-20,0.06782636163549621
2019-08-21,0.060711387016287914
2019-08-22,0.11741686142810899
2019-08-23,0.1954043097966766
2019-08-26,0.13905432107887591
2019-08-27,0.06399541066621933
2019-08-28,0.06384936725088393
2019-08-29,0.10186116107724325
2019-08-30,0.12600840810470457
2019-09-02,0.07645727572394617
2019-09-03,0.2205946793744177
2019-09-04,0.11641311354235065
2019-09-05,0.10344295740497382
2019-09-06,0.0876395739366649
2019-09-09,0.11934156362745603
2019-09-10,0.07075179085866423
2019-09-11,0.06255021385415423
2019-09-12,0.5137121789922332
2019-09-13,0.14617653326361055
2019-09-16,0.10410687193012713
2019-09-17,0.1199964155402729
2019-09-18,0.1612685883941208
2019-09-19,0.09588760617978677
2019-09-20,0.10125023737301937
2019-09-23,0.1276014867376765
2019-09-24,0.08839569669649497
2019-09-25,0.07171591193450608
2019-09-26,0.11788034319640937
2019-09-27,0.1048304323218214
2019-09-30,0.12379035807708186
2019-10-01,0.17456574826849253
2019-10-02,0.08622532016899155
2019-10-03,0.24929881983313631
2019-10-04,0.1280015179045462
2019-10-07,0.07057311325029395
2019-10-08,0.07648599319432463
2019-10-09,0.08002128203379427
2019-10-10,0.09526012281640905
2019-10-11,0.15414890520034433
2019-10-14,0.05704176500867194
2019-10-15,0.21010084441260535
2019-10-16,0.16766681317915977
2019-10-17,0.18558158613699763
2019-10-18,0.08642771416026161
2019-10-21,0.07521968513466813
2019-10-22,0.12014898914119254
2019-10-23,0.059993112590039234
2019-10-24,0.16707098724666644
2019-10-25,0.04819639397856634
2019-10-28,0.03927039427987069
2019-10-29,0.060644318120439335
2019-10-30,0.165895385194997
2019-10-31,0.10771928618740857
2019-11-01,0.10286550216185635
2019-11-04,0.07317717688612996
2019-11-05,0.10860243028542627
2019-11-06,0.04293610565178064
2019-11-07,0.07857185642931425
2019-11-08,0.04784738160025567
2019-11-11,0.03332939226165975
2019-11-12,0.049659483734817114
2019-11-13,0.05302658886992806
2019-11-14,0.05160132503753342
2019-11-15,0.04032366792625695
2019-11-18,0.043822697873667146
2019-11-19,0.03700948913506496
2019-11-20,0.05670448505363021
2019-11-21,0.04888045630514729
2019-11-22,0.08698929243642688
2019-11-25,0.04342281718984712
2019-11-26,0.03716073525465958
2019-11-27,0.04491833405389303
2019-11-28,0.02440155250263363
2019-11-29,0.07542688412977644
2019-12-02,0.08751834904676024
2019-12-03,0.05980072238538949
2019-12-04,0.077929279725623
2019-12-05,0.05371620020609051
2019-12-06,0.10748054383941498
2019-12-09,0.029799532849376212
2019-12-10,0.04456642807892818
2019-12-11,0.09806104191690894
2019-12-12,0.11094469802554219
2019-12-13,0.2920335035206513
2019-12-16,0.0715854368802117
2019-12-17,0.0725705416071623
2019-12-18,0.06325707615882149
2019-12-19,0.07836833856038694
2019-12-20,0.05557950498278145
2019-12-23,0.03939262352284317
2019-12-24,0.03448144424578489
2019-12-26,0.02716613411122858
2019-12-27,0.08591449553044983
2019-12-30,0.0840961302593916
2019-12-31,0.05592828919520685
2020-01-02,0.10173758490538018
2020-01-03,0.07493845660845118
2020-01-06,0.06624332598389675
2020-01-07,0.09239129429082658
2020-01-08,0.11988761758008581
2020-01-09,0.07157774713588014
2020-01-10,0.09960832244071327
2020-01-13,0.052508943911308864
2020-01-14,0.051101424680093904
2020-01-15,0.06385604536071116
2020-01-16,0.07196115110792627
2020-01-17,0.04381880118206335
2020-01-20,0.032623876065438664
2020-01-21,0.05157160995395873
2020-01-22,0.05464293376744537
2020-01-23,0.1436970989252774
2020-01-24,0.047098064586734774
2020-01-27,0.05782127215475572
2020-01-28,0.04199093428042601
2020-01-29,0.05948872171286509
2020-01-30,0.05155976834852308
2020-01-31,0.07296734588250017
2020-02-03,0.06153634924238116
2020-02-04,0.05081536669823298
2020-02-05,0.05437566887852169
2020-02-06,0.08072016493546239
2020-02-07,0.10100322607594756
2020-02-10,0.04979159448245624
2020-02-11,0.06206671723772494
2020-02-12,0.08033615094421756
2020-02-13,0.07993770430163803
2020-02-14,0.07598484071845328
2020-02-17,0.028364036622253584
2020-02-18,0.10696568724810505
2020-02-19,0.06777526781665229
2020-02-20,0.11155190080918616
2020-02-21,0.1752875338709404
2020-02-24,0.1617646594674463
2020-02-25,0.1327241285827186
2020-02-26,0.1980919068065498
2020-02-27,0.223575634248555
2020-02-28,0.48057118789100767
2020-03-02,0.529387873268896
2020-03-03,0.7218050877647118
2020-03-04,0.31247364190328836
2020-03-05,0.26872716601216284
2020-03-06,0.5248381491210486
2020-03-09,2.0870053604677774
2020-03-10,0.8006124711609457
2020-03-11,0.511849810084409
2020-03-12,2.384521914420898
2020-03-13,1.3092505186871828
2020-03-16,1.56972897190998
2020-03-17,0.7957788342296529
2020-03-18,1.072227928219757
2020-03-19,2.8068762732642916
2020-03-20,1.7034759201739489
2020-03-23,1.7819912008308776
2020-03-24,1.3968025673396383
2020-03-25,0.6617499485006894
2020-03-26,0.8973323161982633
2020-03-27,0.726275077736161
2020-03-30,0.6117850314165767
2020-03-31,0.8629008279387443
2020-04-01,0.4381731672789237
2020-04-02,0.6441357315598358
2020-04-03,0.41353354453728985
2020-04-06,0.32857824657050033
2020-04-07,0.31521714910149223
2020-04-08,0.4059672273752101
2020-04-09,0.3805455018952173
2020-04-10,0.07761459129521557
2020-04-13,0.19599735676430477
2020-04-14,0.22749989211850843
2020-04-15,0.26507001132436325
2020-04-16,0.3555752766605954
2020-04-17,0.3062620923927612
2020-04-20,0.21025360126009016
2020-04-21,0.33032701076058146
2020-04-22,0.174136866542529
2020-04-23,0.4603797329691841
2020-04-24,0.34035605032389965
2020-04-27,0.20912942062130754
2020-04-28,0.23804656024271023
2020-04-29,0.23115533759425405
2020-04-30,0.5197983165682879
2020-05-01,0.22644466480909492
2020-05-04,0.19266828441232337
2020-05-05,0.33626534611347036
2020-05-06,0.21149991156356318
2020-05-07,0.21620993820004553
2020-05-08,0.17769352465951088
2020-05-11,0.17576891286286936
2020-05-12,0.20134513225375855
2020-05-13,0.22145725431519542
2020-05-14,0.19325652918313577
2020-05-15,0.18159710283694358
2020-05-18,0.3311445278976394
2020-05-19,0.18953961377537162
2020-05-20,0.1456928612931339
2020-05-21,0.2035000995315335
2020-05-22,0.11728578540113922
2020-05-25,0.06824430816539458
2020-05-26,0.17070454767679774
2020-05-27,0.4670305968633492
2020-05-28,0.2161671950493002
2020-05-29,0.3594223131743322
2020-06-01,0.20239815078700155
2020-06-02,0.253457455883977
2020-06-03,0.28077035442543374
2020-06-04,0.507129458173439
2020-06-05,0.45230241760206186
2020-06-08,0.23519787992860022
2020-06-09,0.2616617859643274
2020-06-10,0.44062587377378365
2020-06-11,0.4551312979863743
2020-06-12,0.4266298253822529
2020-06-15,0.3161301482902897
2020-06-16,0.343274787231252
2020-06-17,0.3175795370099879
2020-06-18,0.2640251840976
2020-06-19,0.3081281908359806
2020-06-22,0.15961144946645345
2020-06-23,0.23140993455080125
2020-06-24,0.22530596042526904
2020-06-25,0.175195610473685
2020-06-26,0.13547119596622062
2020-06-29,0.15542944550651885
2020-06-30,0.22076301414659955
2020-07-01,0.14368015352090627
2020-07-02,0.2285433098119261
2020-07-03,0.09941779168765709
2020-07-06,0.16793104648151527
2020-07-07,0.1813421471021983
2020-07-08,0.1601229542970009
2020-07-09,0.2766290163074718
2020-07-10,0.1302086042038289
2020-07-13,0.1659812294087021
2020-07-14,0.14141678305350613
2020-07-15,0.17402386334690215
2020-07-16,0.20244383068043134
2020-07-17,0.13542473413183867
2020-07-20,0.28666728153544596
2020-07-21,0.3259391667967498
2020-07-22,0.3024162909396676
2020-07-23,0.21361087808517878
2020-07-24,0.20700729488447156
2020-07-27,0.32297691022594105
2020-07-28,0.2501933316047536
2020-07-29,0.27760110991948006
2020-07-30,0.2876054161227279
2020-07-31,0.42866844100701407
2020-08-03,0.27265587195016333
2020-08-04,0.2441813956876405
2020-08-05,0.275541123227161
2020-08-06,0.3516191909700899
2020-08-07,0.327715800438351
2020-08-10,0.15615171473825748
2020-08-11,0.29155049891104506
2020-08-12,0.2582009554838787
2020-08-13,0.2162944131558179
2020-08-14,0.17949357556913034
2020-08-17,0.16355379783065324
2020-08-18,0.23865164806381306
2020-08-19,0.327621530085801
2020-08-20,0.2921422308033695
2020-08-21,0.271817593663935
2020-08-24,0.14625519325289363
2020-08-25,0.1742478729671908
2020-08-26,0.1541590118411468
2020-08-27,0.5346395409737105
2020-08-28,0.31017868010970706
2020-08-31,0.18876519105651113
2020-09-01,0.4208274874928411
2020-09-02,0.27856770437709105
2020-09-03,0.2611257412414287
2020-09-04,0.2854883772414649
2020-09-07,0.07792741640759324
2020-09-08,0.2516165544489038
2020-09-09,0.19980095362173522
2020-09-10,0.37174280835458534
2020-09-11,0.14986292225054437
2020-09-14,0.10497012456052819
2020-09-15,0.14782537056561634
2020-09-16,0.3343339023361864
2020-09-17,0.2371695780608647
2020-09-18,0.12811786382460139
2020-09-21,0.2400774477931957
2020-09-22,0.2549718423690222
2020-09-23,0.22981487512276155
2020-09-24,0.24598963158190398
2020-09-25,0.15657004586833473
2020-09-28,0.15754851931160688
2020-09-29,0.18930497016510872
2020-09-30,0.23780831805892724
2020-10-01,0.2091732411304559
2020-10-02,0.1749829741898731
2020-10-05,0.09849171244477134
2020-10-06,0.21551733934259976
2020-10-07,0.12461889060456957
2020-10-08,0.09802924073193314
2020-10-09,0.11352090509826078
2020-10-12,0.0914028517571228
2020-10-13,0.12826376938431927
2020-10-14,0.10736457496525724
2020-10-15,0.1236954201715995
2020-10-16,0.1059191362020012
2020-10-19,0.11354948811928713
2020-10-20,0.1137598905347008
2020-10-21,0.12873576080528454
2020-10-22,0.11758499205003131
2020-10-23,0.12575984966590528
2020-10-26,0.10837015412874777
2020-10-27,0.12562325961302695
2020-10-28,0.15093803856642635
2020-10-29,0.20373920062845519
2020-10-30,0.15608729431222712
2020-11-02,0.09480644991402878
2020-11-03,0.13080408925380888
2020-11-04,0.8926109735363297
2020-11-05,0.3524415725895633
2020-11-06,0.35445306340844684
2020-11-09,0.4324631445418047
2020-11-10,0.3007513262141191
2020-11-11,0.1616764516491376
2020-11-12,0.14657484116889188
2020-11-13,0.09745544797802663
2020-11-16,0.1399989139417976
2020-11-17,0.09805924227191617
2020-11-18,0.08968659344732925
2020-11-19,0.10514449752227038
2020-11-20,0.07663136446880071
2020-11-23,0.18192316267323053
2020-11-24,0.1838849414594502
2020-11-25,0.18252257970610367
2020-11-26,0.08700162618021252
2020-11-27,0.0703144123236946
2020-11-30,0.1519631832326898
2020-12-01,0.18325765588673867
2020-12-02,0.21697787578200245
2020-12-03,0.1673938321399545
2020-12-04,0.1701786133920184
2020-12-07,0.16857709511614746
2020-12-08,0.12504535312466888
2020-12-09,0.13492240655920387
2020-12-10,0.2372391538141674
2020-12-11,0.15007546406130265
2020-12-14,0.15241073985047063
2020-12-15,0.17336320630369867
2020-12-16,0.34684671433235215
2020-12-17,0.1439155060422799
2020-12-18,0.10981432801740708
2020-12-21,0.33455506553107606
2020-12-22,0.17854400570869775
2020-12-23,0.20171407013987133
2020-12-24,0.08707863198920568
2020-12-28,0.17769787129580814
2020-12-29,0.152230948577634
2020-12-30,0.19005598829610965
2020-12-31,0.20047723812475246
2021-01-04,0.19322053232740433
2021-01-05,0.12314809552346577
2021-01-06,0.33512335067179694
2021-01-07,0.19573171209291845
2021-01-08,0.39516574339782895
2021-01-11,0.2195869569894879
2021-01-12,0.18901258727196532
2021-01-13,0.20357558970128015
2021-01-14,0.20981572651488725
2021-01-15,0.14410702344814647
2021-01-18,0.07460810169802674
2021-01-19,0.11284645413621867
2021-01-20,0.1663514237256741
2021-01-21,0.15481565940961614
2021-01-22,0.12465603603875108
2021-01-25,0.11621526309322394
2021-01-26,0.11632928966073991
2021-01-27,0.21232604022826576
2021-01-28,0.1903812095247049
2021-01-29,0.18477901461453483
2021-02-01,0.15353072226928527
2021-02-02,0.17506711965776495
2021-02-03,0.11789918503588194
2021-02-04,0.11572571665414245
2021-02-05,0.12842474258549175
2021-02-08,0.11245413019247302
2021-02-09,0.10215474435657622
2021-02-10,0.09138663724560271
2021-02-11,0.06877500248771537
2021-02-12,0.08411232825853228
2021-02-15,0.04957203828213682
2021-02-16,0.12176530534204709
2021-02-17,0.12698580679764937
2021-02-18,0.08408228887786126
2021-02-19,0.09604714238338413
2021-02-22,0.1331658051521791
2021-02-23,0.09187199180607597
2021-02-24,0.17516478936564245
2021-02-25,0.2541744425012174
2021-02-26,0.3317548600248112
2021-03-01,0.14896785571944687
2021-03-02,0.1684891819595117
2021-03-03,0.16832123756589215
2021-03-04,0.18809504986701622
2021-03-05,0.2675142010468936
2021-03-08,0.12364593162461891
2021-03-09,0.14058838593870646
2021-03-10,0.1740239615852257
2021-03-11,0.21840669153816572
2021-03-12,0.13282056767968445
2021-03-15,0.13093027388721146
2021-03-16,0.11449800195100453
2021-03-17,0.19086791911446085
2021-03-18,0.1668200450113991
2021-03-19,0.0878647696093047
2021-03-22,0.11885317543576694
2021-03-23,0.12488743331123422
2021-03-24,0.1261922155131165
2021-03-25,0.1352503976082881
2021-03-26,0.08917041027291608
2021-03-29,0.11145049056337332
2021-03-30,0.09105785334022523
2021-03-31,0.1192875380445625
2021-04-01,0.11792103887492653
2021-04-02,0.06673745054534003
2021-04-05,0.0816607599024922
2021-04-06,0.10109827495896197
2021-04-07,0.1375968611361401
2021-04-08,0.10372935293181597
2021-04-09,0.09448061801759602
2021-04-12,0.09492857640788496
2021-04-13,0.12082501141952033
2021-04-14,0.0861473857801078
2021-04-15,0.11527502626761668
2021-04-16,0.09066171268521428
2021-04-19,0.14773373397376183
2021-04-20,0.1090506160692692
2021-04-21,0.10571303231602078
2021-04-22,0.12980842464800918
2021-04-23,0.08128962056499849
2021-04-26,0.11729875820172067
2021-04-27,0.08465057083987165
2021-04-28,0.16060595997729718
2021-04-29,0.093639215804419
2021-04-30,0.14572331910879371
2021-05-03,0.10221353905836482
2021-05-04,0.1395431820145883
2021-05-05,0.06325347412363096
2021-05-06,0.09111214164213353
2021-05-07,0.4187613710917307
2021-05-10,0.15056585496140537
2021-05-11,0.12603973655872702
2021-05-12,0.36459118862231493
2021-05-13,0.1493049513598684
2021-05-14,0.0775880946452199
2021-05-17,0.08159210326759844
2021-05-18,0.08269425987141243
2021-05-19,0.16249459334949612
2021-05-20,0.09372168600917222
2021-05-21,0.1519839333090467
2021-05-24,0.11244133370511243
2021-05-25,0.1172842414852633
2021-05-26,0.10986976869528038
2021-05-27,0.12690995315558443
2021-05-28,0.12095158953518494
2021-05-31,0.07651910645246877
2021-06-01,0.08975783936085625
2021-06-02,0.09021753664684087
2021-06-03,0.1136495028836412
2021-06-04,0.20402643982964908
2021-06-07,0.07747021471541324
2021-06-08,0.0658290870233913
2021-06-09,0.05480523143074867
2021-06-10,0.14052333974639075
2021-06-11,0.07782108633883306
2021-06-14,0.06918572487250586
2021-06-15,0.0692157284695122
2021-06-16,0.4201164747499427
2021-06-17,0.22815499397286826
2021-06-18,0.20237310979699732
2021-06-21,0.15451711356394637
2021-06-22,0.1281675021818544
2021-06-23,0.10044044553341487
2021-06-24,0.0972650994111629
2021-06-25,0.08213316041675348
2021-06-28,0.1153142365244338
2021-06-29,0.08818095981525871
2021-06-30,0.12855601676301345
2021-07-01,0.11098133800454435
2021-07-02,0.17818001172841333
2021-07-05,0.05926851534043275
2021-07-06,0.12247981467180165
2021-07-07,0.14090304598728584
2021-07-08,0.13823673194179215
2021-07-09,0.08184037100922006
2021-07-12,0.09356476707065502
2021-07-13,0.19276154501657047
2021-07-14,0.09112579081000431
2021-07-15,0.08629463246590591
2021-07-16,0.0798013036324549
2021-07-19,0.10476028049224674
2021-07-20,0.1234583363580658
2021-07-21,0.08033982927811337
2021-07-22,0.1871830078047661
2021-07-23,0.08015547810281112
2021-07-26,0.09277531420599036
2021-07-27,0.10468041380080226
2021-07-28,0.16154867972202605
2021-07-29,0.07755966844819208
2021-07-30,0.08422771746801877
2021-08-02,0.10457780415875201
2021-08-03,0.06865750624570967
2021-08-04,0.12774418154775136
2021-08-05,0.09101243911500077
2021-08-06,0.08586280153332536
2021-08-09,0.07335846971263804
2021-08-10,0.059719876994584475
2021-08-11,0.09399280540135203
2021-08-12,0.05799947558618987
2021-08-13,0.05307942040790189
2021-08-16,0.05430192153895776
2021-08-17,0.09288900317173508
2021-08-18,0.159461945759929
2021-08-19,0.09500513442862614
2021-08-20,0.07215900498392318
2021-08-23,0.08994750423899961
2021-08-24,0.07896933032038775
2021-08-25,0.09480282350156542
2021-08-26,0.08454762306983676
2021-08-27,0.15899547342115106
2021-08-30,0.047897073323265434
2021-08-31,0.08741700675188084
2021-09-01,0.08013623761513285
2021-09-02,0.05198576673394409
2021-09-03,0.18048318599402524
2021-09-06,0.031999233127755086
2021-09-07,0.08773930996041132
2021-09-08,0.070537402213314
2021-09-09,0.12549941261525693
2021-09-10,0.06275328518343964
2021-09-13,0.06296516951709245
2021-09-14,0.11826071410055936
2021-09-15,0.08872801833510945
2021-09-16,0.08576930651559837
2021-09-17,0.07442806560464928
2021-09-20,0.06495796815875539
2021-09-21,0.08760347322967375
2021-09-22,0.25817111784621305
2021-09-23,0.0950340267863978
2021-09-24,0.07577898386184087
2021-09-27,0.08007247318363203
2021-09-28,0.11573932548958694
2021-09-29,0.12158453016037733
2021-09-30,0.13633327079359134
2021-10-01,0.11685304859689288
2021-10-04,0.08161707270382024
2021-10-05,0.08580625381591078
2021-10-06,0.1076794415770213
2021-10-07,0.06583507376102561
2021-10-08,0.08291020753587994
2021-10-11,0.0565832445713504
2021-10-12,0.0702765553253177
2021-10-13,0.09854553594193058
2021-10-14,0.06348878551444835
2021-10-15,0.06554308648021145
2021-10-18,0.08255562497621204
2021-10-19,0.08542932089036917
2021-10-20,0.06403383920471806
2021-10-21,0.06864149251811107
2021-10-22,0.07679771963407006
2021-10-25,0.07903506760497984
2021-10-26,0.06891646576268427
2021-10-27,0.09589458301190938
2021-10-28,0.20899449045683505
2021-10-29,0.1677351389647879
2021-11-01,0.09706017174944902
2021-11-02,0.08393965999269068
2021-11-03,0.16192759560523715
2021-11-04,0.09076312106434667
2021-11-05,0.13710601396635494
2021-11-08,0.10227088122149976
2021-11-09,0.12182182983330603
2021-11-10,0.2162180275678268
2021-11-11,0.11756648801425616
2021-11-12,0.09529295004301526
2021-11-15,0.15937476154252675
2021-11-16,0.18443869572012497
2021-11-17,0.23576580442797052
2021-11-18,0.1281774687531288
2021-11-19,0.28362060221412555
2021-11-22,0.2574043427269168
2021-11-23,0.12322287573546084
2021-11-24,0.21231507844173925
2021-11-25,0.060888897606444774
2021-11-26,0.28229497434165224
2021-11-29,0.13579198340827967
2021-11-30,0.4093470119296455
2021-12-01,0.24802571693955566
2021-12-02,0.11518270769404043
2021-12-03,0.23193293713843177
2021-12-06,0.10761414690276305
2021-12-07,0.1418187887323723
2021-12-08,0.1357310972467003
2021-12-09,0.10870159224067483
2021-12-10,0.27066564981028024
2021-12-13,0.1230689842954645
2021-12-14,0.09604749015991525
2021-12-15,0.21752951935792614
2021-12-16,0.21742199680326718
2021-12-17,0.13522601814720936
2021-12-20,0.12861832429827594
2021-12-21,0.10215719919625348
2021-12-22,0.14298364545840078
2021-12-23,0.11197771655618605
2021-12-24,0.08292270688412139
2021-12-27,0.09933361987731226
2021-12-28,0.09518848732515461
2021-12-29,0.12258164930867647
2021-12-30,0.176570922206021
2021-12-31,0.20817521169160386
2022-01-03,0.1771506361456519
2022-01-04,0.1357722561952654
2022-01-05,0.157974951370269
2022-01-06,0.18659183763143897
2022-01-07,0.13189347827743544
2022-01-10,0.13299189202530243
2022-01-11,0.11021185756023898
2022-01-12,0.14296110251338465
2022-01-13,0.15453885598228576
2022-01-14,0.13708627652277283
2022-01-17,0.09662014963995245
2022-01-18,0.15770987414352852
2022-01-19,0.10231587406734792
2022-01-20,0.12015226429347255
2022-01-21,0.10121331702885886
2022-01-24,0.13489992278096757
2022-01-25,0.09824641195613197
2022-01-26,0.14660101969070752
2022-01-27,0.20164920970468592
2022-01-28,0.20040539942141733
2022-01-31,0.1667368574002894
2022-02-01,0.18642604589678913
2022-02-02,0.11688873284495803
2022-02-03,0.490969548316811
2022-02-04,0.33739626288353913
2022-02-07,0.17529961370949124
2022-02-08,0.1492400248018497
2022-02-09,0.11532568359593595
2022-02-10,0.5170379689086155
2022-02-11,0.35303041230687504
2022-02-14,0.28324818776914285
2022-02-15,0.21244893535428794
2022-02-16,0.12859495675433147
2022-02-17,0.38036895765287765
2022-02-18,0.1353826018953394
2022-02-21,0.17209825373231238
2022-02-22,0.2549726302497294
2022-02-23,0.13295659761593973
2022-02-24,0.768381507933566
2022-02-25,0.3973465344875332
2022-02-28,0.5852571705279673
2022-03-01,0.3720682171756374
2022-03-02,0.6021235047535456
2022-03-03,0.28051066957628523
2022-03-04,0.47256995419316
2022-03-07,0.9263854791225774
2022-03-08,0.7990139491917075
2022-03-09,0.5632100942938721
2022-03-10,0.8710956209211485
2022-03-11,0.4093460146764488
2022-03-14,0.2966167956663247
2022-03-15,0.42273160541708693
2022-03-16,0.6838686450192993
2022-03-17,0.3048805808341557
2022-03-18,0.21751489993885217
2022-03-21,0.2046201117826386
2022-03-22,0.22481297803312417
2022-03-23,0.19952230074785837
2022-03-24,0.22270095470321472
2022-03-25,0.20936551977463494
2022-03-28,0.28112418157723884
2022-03-29,0.733921685311646
2022-03-30,0.28643081101688317
2022-03-31,0.3796538876543052
2022-04-01,0.24500909123612816
2022-04-04,0.14158247921477385
2022-04-05,0.14962554725068306
2022-04-06,0.22625125455606088
2022-04-07,0.24180398894963728
2022-04-08,0.19079310463658425
2022-04-11,0.21042321874134653
2022-04-12,0.25561824515718046
2022-04-13,0.180172374484807
2022-04-14,0.6183245199710659
2022-04-15,0.060599709950903566
2022-04-18,0.13464388363047128
2022-04-19,0.2122984453041836
2022-04-20,0.25645751713505144
2022-04-21,0.304107368027132
2022-04-22,0.256306728023302
2022-04-25,0.39559499711369545
2022-04-26,0.2480444777780134
2022-04-27,0.4164533664671074
2022-04-28,0.6984655056229379
2022-04-29,0.4344391044892093
2022-05-02,0.3405071110332866
2022-05-03,0.33211630419404914
2022-05-04,0.7506785384624355
2022-05-05,0.4957478380837677
2022-05-06,0.7798082013374807
2022-05-09,0.4071776561913061
2022-05-10,0.30311729260325954
2022-05-11,0.3616288188142773
2022-05-12,0.5948484610478775
2022-05-13,0.30653417717774806
2022-05-16,0.2816996383379899
2022-05-17,0.43711711077879556
2022-05-18,0.29004312860603226
2022-05-19,0.4056085651200647
2022-05-20,0.2636545801730434
2022-05-23,0.41021598360473044
2022-05-24,0.4882591986191334
2022-05-25,0.2971333408334456
2022-05-26,0.254485053845218
2022-05-27,0.3041197112652458
2022-05-30,0.19416472158689027
2022-05-31,0.42379593269250826
2022-06-01,0.3127371611662328
2022-06-02,0.21054490103989112
2022-06-03,0.19224636313632823
2022-06-06,0.19303315784943603
2022-06-07,0.2159879409225171
2022-06-08,0.21293568618202885
2022-06-09,0.7616810986659083
2022-06-10,0.4861961821819734
2022-06-13,0.4575769477277699
2022-06-14,0.38338533604774194
2022-06-15,1.0968125325611056
2022-06-16,0.8032757786931076
2022-06-17,0.5109207060836305
2022-06-20,0.23021131713989135
2022-06-21,0.27569303570088577
2022-06-22,0.337671976123046
2022-06-23,0.5567729219959486
2022-06-24,0.34667684981443203
2022-06-27,0.23110571160978446
2022-06-28,0.2741607062379318
2022-06-29,0.3068292151838103
2022-06-30,0.3966194336699656
2022-07-01,0.35533926585072184
2022-07-04,0.18553021394776992
2022-07-05,0.4890629318068147
2022-07-06,0.5013594159835769
2022-07-07,0.41087234071971424
2022-07-08,0.6539313055196386
2022-07-11,0.3667841835504533
2022-07-12,0.4259184862683247
2022-07-13,1.100035441913403
2022-07-14,0.714472712804641
2022-07-15,0.4670050288602054
2022-07-18,0.3580702669967366
2022-07-19,0.6208143380692117
2022-07-20,0.5443552949878845
2022-07-21,0.974663320018657
2022-07-22,0.6612646628755732
2022-07-25,0.40159249053764945
2022-07-26,0.42387121577083775
2022-07-27,0.7431367041360337
2022-07-28,0.6646733746670008
2022-07-29,0.6097257292190958
2022-08-01,0.3707898367544966
2022-08-02,0.49550998021002074
2022-08-03,0.4173598907772349
2022-08-04,0.3304181745813802
2022-08-05,0.5022309933262629
2022-08-08,0.2442507124309065
2022-08-09,0.18276299826156564
2022-08-10,0.7414274457488278
2022-08-11,0.2901352923959387
2022-08-12,0.26353059034571913
2022-08-15,0.22459209727113047
2022-08-16,0.2801226529705991
2022-08-17,0.31729980888598225
2022-08-18,0.27952228196860884
2022-08-19,0.21827859814048484
2022-08-22,0.2791911442612137
2022-08-23,0.5325387876879608
2022-08-24,0.41966945615658474
2022-08-25,0.4352388614058568
2022-08-26,0.8295400191360791
2022-08-29,0.4461425177591922
2022-08-30,0.5278355036121058
2022-08-31,0.504622211866072
2022-09-01,0.485035633411847
2022-09-02,0.49725146588440317
2022-09-05,0.37393358690228473
2022-09-06,0.44545313587071855
2022-09-07,0.46036392195203885
2022-09-08,0.715184243509096
2022-09-09,0.5348741138984608
2022-09-12,0.6044873814194202
2022-09-13,1.226703650101223
2022-09-14,0.39773116268590325
2022-09-15,0.2582864140007808
2022-09-16,0.4556499613862348
2022-09-19,0.2608805075671053
2022-09-20,0.3379592162947165
2022-09-21,0.9930602313759015
2022-09-22,0.6142397512950898
2022-09-23,0.71448362501716
2022-09-26,2.3407172594353387
2022-09-27,0.7399727856792679
2022-09-28,1.206887624919759
2022-09-29,1.064076678397303
2022-09-30,0.8500621716021527
2022-10-03,0.7848726839029807
2022-10-04,0.5671313414207055
2022-10-05,0.5588839652003076
2022-10-06,0.5078309062313363
2022-10-07,0.6065551752097056
2022-10-10,0.5404102192034689
2022-10-11,0.5379508585804457
2022-10-12,0.6397489899404627
2022-10-13,1.7064249357179502
2022-10-14,0.7413293357442129
2022-10-17,0.5591155316702227
2022-10-18,0.5293645942372505
2022-10-19,0.4305497486182615
2022-10-20,0.5573535305546377
2022-10-21,1.1264270410607695
2022-10-24,0.914940982163408
2022-10-25,0.46163606216132236
2022-10-26,0.49130536329722685
2022-10-27,0.6431687700193988
2022-10-28,0.46337539686595225
2022-10-31,0.3546418142816835
2022-11-01,0.4029675569412252
2022-11-02,1.0980085292741648
2022-11-03,0.4217534605348434
2022-11-04,0.7455745735794772
2022-11-07,0.5799066869715954
2022-11-08,0.4050770118503947
2022-11-09,0.5516480288518777
2022-11-10,2.439179335953223
2022-11-11,0.5870069463210866
2022-11-14,0.5969394888740165
2022-11-15,1.6553145301638656
2022-11-16,0.6711233018598476
2022-11-17,0.5040582467187509
2022-11-18,0.371804549403165
2022-11-21,0.34430384516619633
2022-11-22,0.2788382777413274
2022-11-23,0.4753999287040996
2022-11-24,0.2831700585796579
2022-11-25,0.2778350079530705
2022-11-28,0.4985407948330406
2022-11-29,0.5538402886901815
2022-11-30,0.7245477379883416
2022-12-01,0.7395012101353434
2022-12-02,1.0490589557128047
2022-12-05,0.5377729944647868
2022-12-06,0.35573109490421123
2022-12-07,0.41616255733499574
2022-12-08,0.2652858316971295
2022-12-09,0.3173433861251445
2022-12-12,0.26185764871403694
2022-12-13,0.77567415306421
2022-12-14,0.6109065047291629
2022-12-15,0.7218099349742647
2022-12-16,0.3457771003612445
2022-12-19,0.3024727326185036
2022-12-20,0.5132274986738352
2022-12-21,0.25369891534062133
2022-12-22,0.305535955987107
2022-12-23,0.2281967565223907
2022-12-26,0.07863689097802117
2022-12-27,0.20130900167629
2022-12-28,0.17400676005583504
2022-12-29,0.20140284370106573
2022-12-30,0.3563995579947894
2023-01-02,0.23225526017134593
2023-01-03,0.5081179019879454
2023-01-04,0.41620500833107843
2023-01-05,0.38473365742502663
2023-01-06,0.6475430212331635
2023-01-09,0.2824106097547374
2023-01-10,0.2390963495565565
2023-01-11,0.24116942211735493
2023-01-12,0.7083841282272088
2023-01-13,0.2995693768986555
2023-01-16,0.1680078216179342
2023-01-17,0.41504173821375034
2023-01-18,0.48018922415135495
2023-01-19,0.2630064087920047
2023-01-20,0.21281078904420547
2023-01-23,0.26799727025850184
2023-01-24,0.2345816595902125
2023-01-25,0.28097698446664443
2023-01-26,0.22910364226254518
2023-01-27,0.2205591151957404
2023-01-30,0.1922109818128262
2023-01-31,0.23825171285773533
2023-02-01,0.38040073000575847
2023-02-02,0.6009544246829676
2023-02-03,0.8106147025944882
2023-02-06,0.22451616415844833
2023-02-07,0.4574118232913205
2023-02-08,0.24493818626732874
2023-02-09,0.21963294181007173
2023-02-10,0.23610431098955934
2023-02-13,0.186063041046708
2023-02-14,0.5855219850204686
2023-02-15,0.2696340090746311
2023-02-16,0.21892089246941002
2023-02-17,0.2660857620661935
2023-02-20,0.08272461166149482
2023-02-21,0.299684667771584
2023-02-22,0.19213123254288414
2023-02-23,0.16673814807205012
2023-02-24,0.24315072519639774
2023-02-27,0.17215325342831098
2023-02-28,0.24278288996152572
2023-03-01,0.295648474637751
2023-03-02,0.20383325527868956
2023-03-03,0.15689784138260812
2023-03-06,0.1694703588766207
2023-03-07,0.4609639283671552
2023-03-08,0.25413359608112285
2023-03-09,0.18424797272391383
2023-03-10,0.47811801112390917
2023-03-13,0.6940102554990427
2023-03-14,0.3233405257078889
2023-03-15,0.6585926165880911
2023-03-16,0.673371068995423
2023-03-17,0.23799480243297447
2023-03-20,0.3280921516883513
2023-03-21,0.15733148544613645
2023-03-22,0.6930975044822494
2023-03-23,0.3181439409801226
2023-03-24,0.4321972740404546
2023-03-27,0.2154583020858227
2023-03-28,0.1668093467931839
2023-03-29,0.16490230653995433
2023-03-30,0.19334343519642994
2023-03-31,0.22743902104600006
2023-04-03,0.28144282504334756
2023-04-04,0.23577969063900597
2023-04-05,0.18538352274311862
2023-04-06,0.11422424670358368
2023-04-07,0.13085045488281363
2023-04-10,0.13982558233453085
2023-04-11,0.13103293796701462
2023-04-12,0.4798447656675627
2023-04-13,0.22879731708393394
2023-04-14,0.2539964897188084
2023-04-17,0.1896439891299468
2023-04-18,0.12556867458890222
2023-04-19,0.16754280036955055
2023-04-20,0.19502648973793507
2023-04-21,0.26052593480600367
2023-04-24,0.13738370388059468
2023-04-25,0.17332263133458853
2023-04-26,0.342524499289021
2023-04-27,0.2672961886168996
2023-04-28,0.3507631911305116
2023-05-01,0.12939053055902786
2023-05-02,0.2534965808852355
2023-05-03,0.2775778423512428
2023-05-04,0.41814263984648425
2023-05-05,0.23025581804876286
2023-05-08,0.10878982443800646
2023-05-09,0.1046686217747841
2023-05-10,0.2676390604029891
2023-05-11,0.19685774639472006
2023-05-12,0.11378441539633005
2023-05-15,0.08451183310764065
2023-05-16,0.14461101054229603
2023-05-17,0.12876585140878452
2023-05-18,0.14025333941237061
2023-05-19,0.2003726529146236
2023-05-22,0.15204677421038823
2023-05-23,0.13935709640002783
2023-05-24,0.16665021192100743
2023-05-25,0.1464722666999739
2023-05-26,0.1842694049400622
2023-05-29,0.06836343295869476
2023-05-30,0.18734738775853482
2023-05-31,0.23111172317271272
2023-06-01,0.14898120837597484
2023-06-02,0.1651989374296976
2023-06-05,0.1812580139777794
2023-06-06,0.128038870290626
2023-06-07,0.12381667165130075
2023-06-08,0.10630328782577453
2023-06-09,0.08472276427827848
2023-06-12,0.13365524171714158
2023-06-13,0.1933733954273
2023-06-14,0.289531283164535
2023-06-15,0.2726035072718049
2023-06-16,0.16134631679093883
2023-06-19,0.09577395245093179
2023-06-20,0.14482350575328842
2023-06-21,0.10679108837764228
2023-06-22,0.1333221035508799
2023-06-23,0.24516431640826816
2023-06-26,0.09747962660157482
2023-06-27,0.15396293837657582
2023-06-28,0.1517426769111547
2023-06-29,0.22596943398844405
2023-06-30,0.15881256484950368
2023-07-03,0.13522423543691114
2023-07-04,0.06565888819333472
2023-07-05,0.13632373675471174
2023-07-06,0.36417383419569693
2023-07-07,0.2637498302230894
2023-07-10,0.10882626017377221
2023-07-11,0.09446744825234117
2023-07-12,0.2724681315240565
2023-07-13,0.17337334280691663
2023-07-14,0.16095450754046398
2023-07-17,0.1255193269330455
2023-07-18,0.23710037982712318
2023-07-19,0.19619512735113007
2023-07-20,0.16375130608133662
2023-07-21,0.1185670987858885
2023-07-24,0.3283901620335545
2023-07-25,0.1389872223685536
2023-07-26,0.22601372704909886
2023-07-27,0.39669637261049484
2023-07-28,0.32615880164798383
2023-07-31,0.14898554312286144
2023-08-01,0.164381767093914
2023-08-02,0.21953508957057966
2023-08-03,0.24587590683373278
2023-08-04,0.24459398621075634
2023-08-07,0.1093964617238977
2023-08-08,0.1220015929938711
2023-08-09,0.1295038182818582
2023-08-10,0.21400923161309052
2023-08-11,0.18469096679068656
2023-08-14,0.15421445758636165
2023-08-15,0.21203717438158098
2023-08-16,0.13484930273206003
2023-08-17,0.1282299267084661
2023-08-18,0.1210380887325496
2023-08-21,0.09666559141554486
2023-08-22,0.1281145395473893
2023-08-23,0.3426708007807133
2023-08-24,0.11783771018064741
2023-08-25,0.3265111535213964
2023-08-28,0.0853961962370773
2023-08-29,0.3271407180396293
2023-08-30,0.18825153465701322
2023-08-31,0.1919538218855427
2023-09-01,0.3550436032605401
2023-09-04,0.06411772507628377
2023-09-05,0.14622361635345324
2023-09-06,0.1852289501793316
2023-09-07,0.1188658606610907
2023-09-08,0.10049906275107669
2023-09-11,0.1192372463390499
2023-09-12,0.1320406637068899
2023-09-13,0.17886315113117982
2023-09-14,0.3299535394115719
2023-09-15,0.15182134498890554
2023-09-18,0.08153378925181913
2023-09-19,0.09134398138199074
2023-09-20,0.299090134214766
2023-09-21,0.19121182733112976
2023-09-22,0.30363885430419674
2023-09-25,0.10772517139040237
2023-09-26,0.1191341934813461
2023-09-27,0.17975754064718222
2023-09-28,0.27355660083042027
2023-09-29,0.18933048354186582
2023-10-02,0.18335603135222184
2023-10-03,0.2830597461630379
2023-10-04,0.21667894955592823
2023-10-05,0.17368936928453135
2023-10-06,0.5394248784659473
2023-10-09,0.16133883200227206
2023-10-10,0.17342732565885244
2023-10-11,0.19712752539920889
2023-10-12,0.2491940355682662
2023-10-13,0.15829236892445897
2023-10-16,0.14531098167363282
2023-10-17,0.23055888221678536
2023-10-18,0.16384422128908993
2023-10-19,0.3393965206275377
2023-10-20,0.18250203868309647
2023-10-23,0.1619290694415413
2023-10-24,0.2051816051447528
2023-10-25,0.11341410499736858
2023-10-26,0.16755888925169699
2023-10-27,0.22906586316272937
2023-10-30,0.15043661606301784
2023-10-31,0.2778985502128606
2023-11-01,0.2070088190214034
2023-11-02,0.16379105233864055
2023-11-03,0.2932110552275985
2023-11-06,0.10908504635014668
2023-11-07,0.12275328793718725
2023-11-08,0.11898446029681657
2023-11-09,0.21716914861250328
2023-11-10,0.14772002215098992
2023-11-13,0.10419309218416091
2023-11-14,0.5418724310664851
2023-11-15,0.16701685097912625
2023-11-16,0.1791741193273312
2023-11-17,0.16710568632927905
2023-11-20,0.14670849852547227
2023-11-21,0.13036282984231362
2023-11-22,0.20169483502716223
2023-11-23,0.08533698005209651
2023-11-24,0.10423797347837387
2023-11-27,0.10562346561005073
2023-11-28,0.18061218570366686
2023-11-29,0.2048994109213634
2023-11-30,0.24953305303389686
2023-12-01,0.21814611490531982
2023-12-04,0.1807534391948841
2023-12-05,0.21070608227728096
2023-12-06,0.14095388616190574
2023-12-07,0.1729575760031515
2023-12-08,0.3070433475686148
2023-12-11,0.12201398709290955
2023-12-12,0.17616195370813895
2023-12-13,0.41107356240370385
2023-12-14,0.3423129100835165
2023-12-15,0.27093531918767594
2023-12-18,0.10486542724792787
2023-12-19,0.13490809522879316
2023-12-20,0.12395389086934921
2023-12-21,0.14210829912611395
2023-12-22,0.15712893744726247
2023-12-26,0.07774960925071943
2023-12-27,0.13151875772400726
2023-12-28,0.22002393012676322
2023-12-29,0.158045027821125
2024-01-02,0.1630233042823817
2024-01-03,0.1900196256512045
2024-01-04,0.12044228900017774
2024-01-05,0.37632361221300725
2024-01-08,0.1089834991502851
2024-01-09,0.14015080973271726
2024-01-10,0.10859472978232024
2024-01-11,0.26536518940199455
2024-01-12,0.15957050034931083
2024-01-15,0.07231396827196448
2024-01-16,0.19558153283050297
2024-01-17,0.14616386124032238
2024-01-18,0.14722675403598817
2024-01-19,0.10349516428859788
2024-01-22,0.1086113907702558
2024-01-23,0.12206170839208587
2024-01-24,0.19715233534961926
2024-01-25,0.19982807010710366
2024-01-26,0.1480509167697209
2024-01-29,0.10563822675545752
2024-01-30,0.10989631419826561
2024-01-31,0.35600299641220334
2024-02-01,0.16627587131342697
2024-02-02,0.4880472533634013
2024-02-05,0.12718129635927983
2024-02-06,0.10234708506038223
2024-02-07,0.09134800746614223
2024-02-08,0.08109691590597305
2024-02-09,0.10133881934291467
2024-02-12,0.0768896008372054
2024-02-13,0.45387734195010043
2024-02-14,0.08567517154967577
2024-02-15,0.09632464237592964
2024-02-16,0.128159803568284
2024-02-19,0.039969565400760576
2024-02-20,0.09095393971255844
2024-02-21,0.07390402663381075
2024-02-22,0.1672612702879807
2024-02-23,0.07668435548534958
2024-02-26,0.06672259684721547
2024-02-27,0.06798482345928378
2024-02-28,0.07054293037540124
2024-02-29,0.1098110265801118
2024-03-01,0.09748504770826469
2024-03-04,0.05938090364320613
2024-03-05,0.0851264304906948
2024-03-06,0.06168457532994463
2024-03-07,0.12962658072852293
2024-03-08,0.1483205806289881
2024-03-11,0.057583933058885296
2024-03-12,0.08784572306440197
2024-03-13,0.0501825535504841
2024-03-14,0.07908801557642009
2024-03-15,0.05359090133399362
2024-03-18,0.039648126737305646
2024-03-19,0.04696411904775253
2024-03-20,0.1843921591786915
2024-03-21,0.10012447971696985
2024-03-22,0.06601483243073424
2024-03-25,0.05956257010599496
2024-03-26,0.05912389462919304
2024-03-27,0.04687367064205073
2024-03-28,0.10048109644298252
2024-03-29,0.04780734413048514
2024-04-01,0.0915092663642618
2024-04-02,0.0928772544671496
2024-04-03,0.09291788281873788
2024-04-04,0.06806407931656133
2024-04-05,0.2210579805356157
2024-04-08,0.06278424519943959
2024-04-09,0.05933958694659143
2024-04-10,0.5983207673392219
2024-04-11,0.19439579849000332
2024-04-12,0.13493739546843533
2024-04-15,0.16898917370116473
2024-04-16,0.19345045302899297
2024-04-17,0.15407150715665846
2024-04-18,0.09581304003932523
2024-04-19,0.16332230872891584
2024-04-22,0.08982941152157366
2024-04-23,0.23268639768325017
2024-04-24,0.09233798653478487
2024-04-25,0.14216349048126636
2024-04-26,0.11478682766727984
2024-04-29,0.11833113485766593
2024-04-30,0.17813636325649662
2024-05-01,0.19339859466837164
2024-05-02,0.15075525741989124
2024-05-03,0.3202785419868158
2024-05-06,0.046269201899619306
2024-05-07,0.06727871240312411
2024-05-08,0.045295537066891205
2024-05-09,0.082791955701799
2024-05-10,0.06447535385700946
2024-05-13,0.04948728702103552
2024-05-14,0.08595520757167206
2024-05-15,0.15316149970695256
2024-05-16,0.06045485006279869
2024-05-17,0.05903992310578496
2024-05-20,0.04237932431590914
2024-05-21,0.05878113568075559
2024-05-22,0.06644779030384264
2024-05-23,0.12198063052290004
2024-05-24,0.0439163273029359
2024-05-27,0.051821938332124104
2024-05-28,0.04950761416121083
2024-05-29,0.0976940576555674
2024-05-30,0.07045778931065459
2024-05-31,0.09628777528184045
2024-06-03,0.09459284180515727
2024-06-04,0.07523064083368143
2024-06-05,0.08856598486191723
2024-06-06,0.09125036974191107
2024-06-07,0.3526148533063301
2024-06-10,0.08831821164048563
2024-06-11,0.10153945963866179
2024-06-12,0.36453394325379784
2024-06-13,0.14403942979872586
2024-06-14,0.14296558622862535
2024-06-17,0.08439571422128965
2024-06-18,0.10644361290141775
2024-06-19,0.05262136714733419
2024-06-20,0.08479700014607094
2024-06-21,0.1515370195167213
2024-06-24,0.06496672610937528
2024-06-25,0.05779714425752873
2024-06-26,0.09451211605066039
2024-06-27,0.08425668251206836
2024-06-28,0.1084381440960499
2024-07-01,0.12058060286285438
2024-07-02,0.07445344344970944
2024-07-03,0.102803780827347
2024-07-04,0.03595270739600491
2024-07-05,0.09530369975161071
2024-07-08,0.08527771330151625
2024-07-09,0.05386295063029998
2024-07-10,0.03415600537554756
2024-07-11,0.23858082155679783
2024-07-12,0.06123871164280609
2024-07-15,0.0687184978261406
2024-07-16,0.0646830028356115
2024-07-17,0.07429340327593759
2024-07-18,0.05432762010959908
2024-07-19,0.05462008973486293
2024-07-22,0.054470895849353565
2024-07-23,0.057254614021236085
2024-07-24,0.06898884900339587
2024-07-25,0.09809538626291003
2024-07-26,0.05453323831426342
2024-07-29,0.05824037280332847
2024-07-30,0.06519386563135415
2024-07-31,0.1301444639678187
2024-08-01,0.13481562139591233
2024-08-02,0.22350780621925576
2024-08-05,0.4066243256471089
2024-08-06,0.11416649154445234
2024-08-07,0.08371852068381981
2024-08-08,0.12138954009949708
2024-08-09,0.04679207594531142
2024-08-12,0.056521978010553794
2024-08-13,0.08400912515619657
2024-08-14,0.11373625313272652
2024-08-15,0.18468909667869352
2024-08-16,0.0464362909525782
2024-08-19,0.08191576472274611
2024-08-20,0.07963256536882607
2024-08-21,0.14114056988012358
2024-08-22,0.13256106856438224
2024-08-23,0.2580125330851202
2024-08-26,0.08070565794096624
2024-08-27,0.08409788440573616
2024-08-28,0.1351959829859341
2024-08-29,0.2526004309109631
2024-08-30,0.12742751318797418
2024-09-02,0.06578702727732443
2024-09-03,0.10776554647559182
2024-09-04,0.1269158917266436
2024-09-05,0.12975176114329498
2024-09-06,0.2929238355895058
2024-09-09,0.08603459511776756
2024-09-10,0.06178088898629891
2024-09-11,0.13661033657890664
2024-09-12,0.12370756565917365
2024-09-13,0.05950580095073279
2024-09-16,0.07377707319346437
2024-09-17,0.08988397926607183
2024-09-18,0.3581482246809798
2024-09-19,0.18889436015369412
2024-09-20,0.10257780779620708
2024-09-23,0.16975633406132543
2024-09-24,0.09450220383871881
2024-09-25,0.12989118685782963
2024-09-26,0.2457619924929035
2024-09-27,0.19868184350139714
2024-09-30,0.22387193666680114
2024-10-01,0.16456929780725177
2024-10-02,0.10975498684403352
2024-10-03,0.09499239835689084
2024-10-04,0.3363991700140855
2024-10-07,0.10842818449714632
2024-10-08,0.08048386771806866
2024-10-09,0.08221480065389469
2024-10-10,0.16327826411369967
2024-10-11,0.10517853330430786
2024-10-14,0.07392570742865413
2024-10-15,0.07107623324333658
2024-10-16,0.06585425704581185
2024-10-17,0.1768974056932491
2024-10-18,0.05942969007088623
2024-10-21,0.049204083566165714
2024-10-22,0.0695478770109584
2024-10-23,0.07385736494045303
2024-10-24,0.11943100496022593
2024-10-25,0.06420910344764465
2024-10-28,0.06585018132427829
2024-10-29,0.1336133497143852
2024-10-30,0.18080419517039417
2024-10-31,0.12460002066752658
2024-11-01,0.1917286426703476
2024-11-04,0.11680499655457784
2024-11-05,0.060689003692013715
2024-11-06,1.0003828528504377
2024-11-07,0.3693699061537442
2024-11-08,0.20249833245683455
2024-11-11,0.1912380309443624
2024-11-12,0.1458122711756424
2024-11-13,0.3207041066173379
2024-11-14,0.3072336900285415
2024-11-15,0.2804857908560425
2024-11-18,0.14981480610223524
2024-11-19,0.30029854686838275
2024-11-20,0.17517051844795925
2024-11-21,0.25019938802194475
2024-11-22,1.180078356109676
2024-11-25,0.3827329337568376
2024-11-26,0.48592543364619467
2024-11-27,0.36532344577123876
2024-11-28,0.1540636403829927
2024-11-29,0.24957600839630292
2024-12-02,0.38015907342150235
2024-12-03,0.21624188817555487
2024-12-04,0.25226633550471744
2024-12-05,0.22070981629070702
2024-12-06,0.3449666735132049
2024-12-09,0.1646827434065676
2024-12-10,0.1422250042968741
2024-12-11,0.22654232743095132
2024-12-12,0.24218900730866808
2024-12-13,0.1720792462525503
2024-12-16,0.19774353972613945
2024-12-17,0.13117288087686493
2024-12-18,0.6171251271980843
2024-12-19,0.3131560500597247
2024-12-20,0.2676655786751272
2024-12-23,0.17511425996935348
2024-12-24,0.11443077436939204
2024-12-26,0.07034946177680665
2024-12-27,0.11281187821236363
2024-12-30,0.2447281191005782
2024-12-31,0.14324901102001855
2025-01-02,0.43674180425080933
2025-01-03,0.1441131793110744
2025-01-06,0.7167770640531819
2025-01-07,0.30041804782253884
2025-01-08,0.24340325418227912
2025-01-09,0.11694685340238008
2025-01-10,0.9122699594915288
2025-01-13,0.29086794727501103
2025-01-14,0.2851617674372257
2025-01-15,0.3696395699972042
2025-01-16,0.2777938178386467
2025-01-17,0.23160576576205805
2025-01-20,1.1816300877490071
2025-01-21,0.46364161918762914
2025-01-22,0.22173062895897275
2025-01-23,0.15936713734562752
2025-01-24,0.2572053844923182
2025-01-27,0.2127681552344993
2025-01-28,0.24359134041526212
2025-01-29,0.22871734495366292
2025-01-30,0.47978035674240593
2025-01-31,0.41543492820122574
2025-02-03,1.1421015867286846
2025-02-04,0.26484304140092607
2025-02-05,0.19335051541655843
2025-02-06,0.15393365890807018
2025-02-07,0.4721235214908637
2025-02-10,0.16254822739149927
2025-02-11,0.10146336839354293
2025-02-12,0.43577847589245583
2025-02-13,0.3946638531532854
2025-02-14,0.15329334694416272
2025-02-17,0.07895529592510327
2025-02-18,0.11954849662511756
2025-02-19,0.11567576466100994
2025-02-20,0.1392516449061256
2025-02-21,0.17209385930826465
2025-02-24,0.21378415961142153
2025-02-25,0.15636031979523815
2025-02-26,0.2212782097353407
2025-02-27,0.20967574965535335
2025-02-28,0.21359203943752006
2025-03-03,0.24940104951022612
2025-03-04,0.40697195256867275
2025-03-05,0.6359247420083888
2025-03-06,0.5761977370081912
2025-03-07,0.5064743596866337
2025-03-10,0.4551196727827759
2025-03-11,0.3542625983193481
2025-03-12,0.22638936304306154
2025-03-13,0.24998581968319708
2025-03-14,0.27582695015138
2025-03-17,0.13739131173674593
2025-03-18,0.18594864393322655
2025-03-19,0.2918345540514895
2025-03-20,0.2261070823978325
2025-03-21,0.184755233091197
2025-03-24,0.24366255860978742
2025-03-25,0.14066880147334687
2025-03-26,0.15988252075574397
2025-03-27,0.22682373577161535
2025-03-28,0.1952865167149632
2025-03-31,0.26729538187782526
2025-04-01,0.21452667875434403
2025-04-02,0.489548255594451
2025-04-03,1.3274529280218748
2025-04-04,1.1173523991876848
2025-04-07,1.1829815863947517
2025-04-08,0.5931748915175199
2025-04-09,1.739386009444464
2025-04-10,1.078006507357587
2025-04-11,2.8320993019097895
2025-04-14,0.8313788597272203
2025-04-15,0.5342145786284989
2025-04-16,0.5090120951473536
2025-04-17,0.3685387341713366
2025-04-18,0.10010910379808136
2025-04-21,0.605972887483743
2025-04-22,0.48348103093574674
2025-04-23,0.9887991188330898
2025-04-24,0.31173935714231077
2025-04-25,0.27485289138778674
2025-04-28,0.33166591399181483
2025-04-29,0.35049777247198827
2025-04-30,0.3285799030369076
2025-05-01,0.3253104398706724
2025-05-02,0.40905403647140653
2025-05-05,0.24376381133563294
2025-05-06,0.3018224560481203
2025-05-07,0.44024184377789477
2025-05-08,0.38318080644951585
2025-05-09,0.1821892203664632
2025-05-12,0.677747386990127
2025-05-13,0.22900450959117338
2025-05-14,0.4091971427790617
2025-05-15,0.2718141549831897
2025-05-16,0.18256204835331843
2025-05-19,0.26926985172358303
2025-05-20,0.19677486342344636
2025-05-21,0.2903930478944617
2025-05-22,0.2998980973409613
2025-05-23,0.47012638691713576
2025-05-26,0.15198030192934786
2025-05-27,0.1880082512702215
2025-05-28,0.21436015631394018
2025-05-29,0.5116421677467302
2025-05-30,0.2664676300749249
2025-06-02,0.19397229908384095
2025-06-03,0.17275546280369952
2025-06-04,0.21463774652733544
2025-06-05,0.2852194776149161
2025-06-06,0.2125787819264116
2025-06-09,0.1237378979352919
2025-06-10,0.1988724851624082
2025-06-11,0.27730024675219117
2025-06-12,0.34365479305084234
2025-06-13,0.560873079315302
2025-06-16,0.20087412654804263
2025-06-17,0.23124083762227735
2025-06-18,0.3199111823601465
2025-06-19,0.16692364026560078
2025-06-20,0.15366876069363836
2025-06-23,0.3448748697781868
2025-06-24,0.2523889050004565
2025-06-25,0.12594619494137285
2025-06-26,0.2543500804986201
2025-06-27,0.23415976918872067
2025-06-30,0.18648441045776276
2025-07-01,0.22303093829231252
2025-07-02,0.21255568182878196
2025-07-03,0.472851005176703
2025-07-04,0.08642339855465982
2025-07-07,0.20395969036062087
2025-07-08,0.18668501425201858
2025-07-09,0.10947103189614345
2025-07-10,0.11206358008040584
2025-07-11,0.14868794869748822
2025-07-14,0.12496289889239658
2025-07-15,0.2236538843843014
2025-07-16,0.5897141717674615
2025-07-17,0.16321571350408387
2025-07-18,0.12848219955718157
2025-07-21,0.12274510024274064
2025-07-22,0.13232790979922648
2025-07-23,0.17695647835969106
2025-07-24,0.19462217979744278
2025-07-25,0.12711495203624754
2025-07-28,0.22334925916269635
2025-07-29,0.2651314506303326
2025-07-30,0.29755991694653805
2025-07-31,0.2363216238500987
2025-08-01,1.4262144640155814
2025-08-04,0.254875241388659
2025-08-05,0.19346587117502595
2025-08-06,0.1601157624163911
2025-08-07,0.23439210833353588
2025-08-08,0.1300103192309254
2025-08-11,0.10610615672527966
2025-08-12,0.3440928441486015
2025-08-13,0.11300451558994756
2025-08-14,0.16208420587008215
2025-08-15,0.10750291693513371
2025-08-18,0.10984153706559317
2025-08-19,0.10808226636950242
2025-08-20,0.1369499762054436
2025-08-21,0.13336633687756397
2025-08-22,0.45969421698150587
2025-08-25,0.11539769211917307
2025-08-26,0.23537569783697423
2025-08-27,0.1550386282691616
2025-08-28,0.1090297290614552
2025-08-29,0.1367916894598374
2025-09-01,0.07260014219971661
2025-09-02,0.2450416600152529
2025-09-03,0.18315962368544958
2025-09-04,0.1228088609316869
2025-09-05,0.2437608520653177
2025-09-08,0.10726081941542168
2025-09-09,0.13201242969570198
2025-09-10,0.1904554025222507
2025-09-11,0.2429966186427874
2025-09-12,0.09945933204985348
2025-09-15,0.08489357928316812
2025-09-16,0.14460336989027348
2025-09-17,0.43052756766706185
2025-09-18,0.23269256782690015
2025-09-19,0.16116012305700736
2025-09-22,0.10191700836787325
2025-09-23,0.12229061825091375
2025-09-24,0.10055065031841037
2025-09-25,0.17167155889839772
2025-09-26,0.11869659245961955
2025-09-29,0.13015212452738906
2025-09-30,0.13834435900394523
2025-10-01,0.32739769554853293
2025-10-02,0.1233348832793907
2025-10-03,0.07584729782649617
2025-10-06,0.2774230006355474
2025-10-07,0.09947486213632953
2025-10-08,0.13133834353305074
2025-10-09,0.1681658546958996
2025-10-10,0.23008848657174985
2025-10-13,0.1554274279809093
2025-10-14,0.1645145677614495
2025-10-15,0.11330072652539722
2025-10-16,0.10619242415368055
2025-10-17,0.13184299335118627
2025-10-20,0.07022898037071967
2025-10-21,0.1157577616403128
2025-10-22,0.07079040651589369
2025-10-23,0.05210712128743311
2025-10-24,0.20135845844448041
2025-10-27,0.06599284139739706
2025-10-28,0.09507792337197626
2025-10-29,0.3708588152637808
2025-10-30,0.14085158175735008
2025-10-31,0.10193789560523614
2025-11-03,0.08954604609542031
2025-11-04,0.08421714168747713
2025-11-05,0.08522119051909413
2025-11-06,0.08836968933398703
2025-11-07,0.09762769045818703
2025-11-10,0.0907813883162094
2025-11-11,0.07769181835356147
2025-11-12,0.06390765163039785
2025-11-13,0.11118583504044786
2025-11-14,0.11329645423826717
2025-11-17,0.06418670560922426
2025-11-18,0.09185183373035959
2025-11-19,0.10325284728710386
2025-11-20,0.12624763178437096
2025-11-21,0.13366433791829696
2025-11-24,0.0842961375507727
2025-11-25,0.15481668049781333
2025-11-26,0.1338243195874049
2025-11-27,0.05584942917174822
2025-11-28,0.10386087491874543
2025-12-01,0.10078651857999359
2025-12-02,0.0784610969418224
2025-12-03,0.06484564678564907
2025-12-04,0.06481413290679355
2025-12-05,0.0776706121173639
2025-12-08,0.09176871675691954
2025-12-09,0.07863535243670484
2025-12-10,0.15581215852090177
2025-12-11,0.10281524976214386
2025-12-12,0.07573929446848156
2025-12-15,0.07298438142340649
2025-12-16,0.15267115665734354
2025-12-17,0.09958638374030775
2025-12-18,0.13723830064300205
2025-12-19,0.08080499176524217
2025-12-22,0.06932108997882976
2025-12-23,0.07373302290585033
2025-12-24,0.05390947559527573
2025-12-26,0.08355535420459406
2025-12-29,0.1097648704119398
2025-12-30,0.0676072225473926
2025-12-31,0.0905688012126404
2026-01-02,0.08817524077252237
2026-01-05,0.12431939353368346
2026-01-06,0.10801375369763315
2026-01-07,0.08116741642533024
2026-01-08,0.060195258952748854
2026-01-09,0.0784422340700212
2026-01-12,0.13647765131523526
2026-01-13,0.08899698966220154
2026-01-14,0.05834218449389498
2026-01-15,0.07272535457942601
2026-01-16,0.08194936694449609
2026-01-19,0.12461178447088883
2026-01-20,0.19927939882961213
2026-01-21,0.17647514561230468
2026-01-22,0.09223391167692113
2026-01-23,0.1374175516675529
2026-01-26,0.2674808896268322
2026-01-27,0.6797684205755329
2026-01-28,0.5186639943245619
2026-01-29,0.3613508850374307
2026-01-30,0.4023308160219778
2026-02-02,0.24665512901381245
2026-02-03,0.14890208122362134
2026-02-04,0.13844599705854688
2026-02-05,0.14493064142108772
2026-02-06,0.08144382257004358
2026-02-09,0.1641910133048503
2026-02-10,0.11671826236517636
2026-02-11,0.38532205985467494
2026-02-12,0.14368685986978066
2026-02-13,0.1135293483689409
2026-02-16,0.047061839052260704
2026-02-17,0.0735405099023031
2026-02-18,0.08775019084903081
2026-02-19,0.13383678094798288
2026-02-20,0.18453672113113945
2026-02-23,0.12115766075909305
2026-02-24,0.0794468473277248
2026-02-25,0.06425287190143207
2026-02-26,0.09437246643557347
2026-02-27,0.09381484242723503
2026-03-02,0.3243380120984008
2026-03-03,0.3722224455867123
2026-03-04,0.30741317144477787
2026-03-05,0.40578461820949524
2026-03-06,0.3941721093575284
2026-03-09,0.5102422423716424
2026-03-10,0.295568870653459
2026-03-11,0.19190716270985742
2026-03-12,0.15688089917213996
2026-03-13,0.20061454146507243
2026-03-16,0.2020542673540259
2026-03-17,0.16012029700230296
2026-03-18,0.22720781283303548
2026-03-19,0.4071516388679491
2026-03-20,0.2219852064819334
2026-03-23,1.0795021478490632
2026-03-24,0.37289430624968267
2026-03-25,0.19478337366794293
2026-03-26,0.19245459553498273
2026-03-27,0.12024435674722532
2026-03-30,0.13404714304387552
2026-03-31,0.24805011872099011
2026-04-01,0.21162270613817888
2026-04-02,0.24705685769315414
2026-04-03,0.054171267081250404
2026-04-06,0.11087222514212627
2026-04-07,0.13566901261982922
2026-04-08,0.3698592952478
2026-04-09,0.12805275170176006
2026-04-10,0.13231262853243236
2026-04-13,0.10787043741033765
2026-04-14,0.09656730517817047
2026-04-15,0.08331226318506982
2026-04-16,0.08060438145434695
2026-04-17,0.1704927652000412
2026-04-20,0.09800098523370478
2026-04-21,0.18267858584845048
2026-04-22,0.08727950191841644
2026-04-23,0.14420837512516654
2026-04-24,0.08300038563401135
2026-04-27,0.08346597979257682
2026-04-28,0.09564382746636929
2026-04-29,0.1263097651694291
2026-04-30,0.1880971083135605
2026-05-01,0.13598350289783273
2026-05-04,0.13039034898601476
2026-05-05,0.07262059471053707
2026-05-06,0.16981992767506326
2026-05-07,0.11593881004925427
2026-05-08,0.0927280986658238
2026-05-11,0.06950688380655765
2026-05-12,0.07392576680428403
2026-05-13,0.05849788836487655
2026-05-14,0.06593091545140155
2026-05-15,0.10925334026478484
2026-05-18,0.13074270638743166
2026-05-19,0.08214638510575331
2026-05-20,0.16618673687791502
2026-05-21,0.19201805511345751
2026-05-22,0.09203079223194795
2026-05-25,0.05585334340941768
2026-05-26,0.05237577080257011
2026-05-27,0.09032702691718048
2026-05-28,0.10097560783670818
2026-05-29,0.08898621404270575
2026-06-01,0.07967129438991198
2026-06-02,0.043056335700984764
2026-06-03,0.07634722144883369
2026-06-04,0.05122699744754268
2026-06-05,0.11892977015912451
2026-06-08,0.12006903797948638
2026-06-09,0.09310662411539854
2026-06-10,0.10857031313002624
2026-06-11,0.254085336962537
2026-06-12,0.11256743525200222
2026-06-15,0.10710989554575873
2026-06-16,0.06927247722386476
2026-06-17,0.2947002100685374
2026-06-18,0.14943184283616318
2026-06-19,0.09179103631748513
2026-06-22,0.11137537462824305
2026-06-23,0.0950463407107659
2026-06-24,0.12776871992877323
2026-06-25,0.14208537693893702
2026-06-26,0.15424049713662907
2026-06-29,0.07263499455083766
2026-06-30,0.12026247966011284
