date,RV
2012-01-12,0.4039675136878081
2012-01-13,0.6796960141766418
2012-01-16,0.2801683898613777
2012-01-17,0.5146573983902186
2012-01-18,0.6422524531054935
2012-01-19,0.37913006688977235
2012-01-20,0.3653550029490456
2012-01-23,0.37652910645881155
2012-01-24,0.4138689130598387
2012-01-25,0.5633036122062021
2012-01-26,0.37036892311881964
2012-01-27,0.5644233894485177
2012-01-30,0.2872468480851499
2012-01-31,0.37163918978099425
2012-02-01,0.534697720852971
2012-02-02,0.5480818457785717
2012-02-03,0.5926885193898864
2012-02-06,0.412885096120769
2012-02-07,0.4951686861956508
2012-02-08,0.33828658831707004
2012-02-09,0.526549303437673
2012-02-10,0.2874941373227663
2012-02-13,0.2948871206764262
2012-02-14,0.37609279896556025
2012-02-15,0.45552764599135703
2012-02-16,0.49878521438306556
2012-02-17,0.2565073101574891
2012-02-20,0.28057562758727905
2012-02-21,0.6925734668890899
2012-02-22,0.2708783479625449
2012-02-23,0.3617008048931721
2012-02-24,0.2364480095150145
2012-02-27,0.296086520520389
2012-02-28,0.32127839880509573
2012-02-29,0.39096471494174967
2012-03-01,0.33373140300893933
2012-03-02,0.2803714716149279
2012-03-05,0.33803218366627236
2012-03-06,0.2180185395108456
2012-03-07,0.22007449527232834
2012-03-08,0.33280807316862404
2012-03-09,0.309695841253028
2012-03-12,0.23973382215430325
2012-03-13,0.31304439363387604
2012-03-14,0.5031499680687782
2012-03-15,0.42642760131028246
2012-03-16,0.3969472114503972
2012-03-19,0.2161951811657106
2012-03-20,0.24978586742853714
2012-03-21,0.25630715452175357
2012-03-22,0.29632358525920877
2012-03-23,0.30801980119318234
2012-03-26,0.34961008655702647
2012-03-27,0.21102567355931431
2012-03-28,0.2367350609843605
2012-03-29,0.2558178994584646
2012-03-30,0.3289388028816813
2012-04-02,0.2025339519810885
2012-04-03,0.40195365155626916
2012-04-04,0.3230260920371912
2012-04-05,0.21499918390012115
2012-04-06,0.18909130450376532
2012-04-10,0.3251125017479198
2012-04-11,0.2859208672043101
2012-04-12,0.24675404326289715
2012-04-13,0.21176110212706906
2012-04-16,0.36853306785780415
2012-04-17,0.2244330419697534
2012-04-18,0.3179548083026952
2012-04-19,0.2688858233390958
2012-04-20,0.23832926653124636
2012-04-23,0.16186711765505468
2012-04-24,0.1595809891784712
2012-04-25,0.3257905919648743
2012-04-26,0.18730664221096105
2012-04-27,0.2492914258941916
2012-04-30,0.09832362293227508
2012-05-01,0.20805855877277812
2012-05-02,0.276854613325269
2012-05-03,0.15345494559506168
2012-05-04,0.1559299673762262
2012-05-07,0.32601100988067266
2012-05-08,0.22418927560143065
2012-05-09,0.258345371976885
2012-05-10,0.18694494151257615
2012-05-11,0.18594249357420328
2012-05-14,0.1978115557134091
2012-05-15,0.2722364470184489
2012-05-16,0.3711260548156109
2012-05-17,0.3434993765997488
2012-05-18,0.3911180627261867
2012-05-21,0.2743023360735999
2012-05-22,0.30728661474980273
2012-05-23,0.41698691075285166
2012-05-24,0.4597193731901662
2012-05-25,0.3270787521046717
2012-05-28,0.20795235024660239
2012-05-29,0.29307229583883004
2012-05-30,0.3520691814536055
2012-05-31,0.353804237770384
2012-06-01,0.6724212358083228
2012-06-05,0.3814650357654867
2012-06-06,0.37974790771702915
2012-06-07,0.4481008925463435
2012-06-08,0.3196615274683838
2012-06-11,0.39875714543065593
2012-06-12,0.4404947641726427
2012-06-13,0.3513643551996428
2012-06-14,0.31625627041850113
2012-06-15,0.24391694399284491
2012-06-18,0.4679286761068404
2012-06-19,0.3101544669171902
2012-06-20,0.5426213006645795
2012-06-21,0.4235019474359449
2012-06-22,0.2680203535412204
2012-06-25,0.1829646648073168
2012-06-26,0.3158859395524599
2012-06-27,0.1706244142494538
2012-06-28,0.2905513090488128
2012-06-29,1.053023313922299
2012-07-02,0.21198825834918084
2012-07-03,0.16960548175137913
2012-07-04,0.1545347377547747
2012-07-05,0.40980033655264536
2012-07-06,0.22472130714829258
2012-07-09,0.22760119575862897
2012-07-10,0.19188586196353447
2012-07-11,0.2476603668013312
2012-07-12,0.21607206992605962
2012-07-13,0.3061645128255872
2012-07-16,0.2368004414088235
2012-07-17,0.3799009378870286
2012-07-18,0.29121841235815665
2012-07-19,0.3120388727640226
2012-07-20,0.31641490585993914
2012-07-23,0.29824271863668966
2012-07-24,0.25001611046185646
2012-07-25,0.41078529505012656
2012-07-26,0.6411299644021146
2012-07-27,0.8136179316264869
2012-07-30,0.23039046706010902
2012-07-31,0.3397855891320528
2012-08-01,0.37756003071380667
2012-08-02,1.1895653382170275
2012-08-03,0.4868103924674951
2012-08-06,0.3412586529559391
2012-08-07,0.18272664270264927
2012-08-08,0.17028486648077687
2012-08-09,0.2368647155310908
2012-08-10,0.20398408026033193
2012-08-13,0.18541679525879612
2012-08-14,0.19713037748507253
2012-08-15,0.12484741698867009
2012-08-16,0.14375201108879745
2012-08-17,0.18862599200771835
2012-08-20,0.1937797863227653
2012-08-21,0.2626447774194553
2012-08-22,0.2812785740901436
2012-08-23,0.21439411506784087
2012-08-24,0.27383122825426914
2012-08-27,0.1204118535490547
2012-08-28,0.17334323517362918
2012-08-29,0.15421364654496908
2012-08-30,0.15847815176427285
2012-08-31,0.46551897957092914
2012-09-03,0.12750559176938192
2012-09-04,0.19061927872950818
2012-09-05,0.31438366308462934
2012-09-06,0.3180747746281904
2012-09-07,0.47555557583272434
2012-09-10,0.2648905642322837
2012-09-11,0.2167860784025629
2012-09-12,0.2912044610695979
2012-09-13,0.3126197122058504
2012-09-14,0.3498674332136608
2012-09-17,0.3405223541634548
2012-09-18,0.2729197405673537
2012-09-19,0.2055191301832394
2012-09-20,0.24012644785769116
2012-09-21,0.3884347715591271
2012-09-24,0.2872807614813232
2012-09-25,0.21762844236462395
2012-09-26,0.19318497363631365
2012-09-27,0.25184866348485024
2012-09-28,0.21366795858381105
2012-10-01,0.23561889718639822
2012-10-02,0.18859440411123773
2012-10-03,0.21300968398211148
2012-10-04,0.25105001562706974
2012-10-05,0.15637723949709517
2012-10-08,0.15301667740877514
2012-10-09,0.25021840780263455
2012-10-10,0.1834394121120648
2012-10-11,0.2330295992827171
2012-10-12,0.19295064584476584
2012-10-15,0.13884911403420072
2012-10-16,0.1610268614518943
2012-10-17,0.2262541104097502
2012-10-18,0.14226011123191534
2012-10-19,0.14664851947319768
2012-10-22,0.15184163684280277
2012-10-23,0.15182884770961927
2012-10-24,0.21378300576867001
2012-10-25,0.163930656476492
2012-10-26,0.20446154578532072
2012-10-29,0.1255481199811868
2012-10-30,0.14653940066987348
2012-10-31,0.14645070628087975
2012-11-01,0.1385776652068332
2012-11-02,0.2573377553124924
2012-11-05,0.1785956712632516
2012-11-06,0.1616218619535163
2012-11-07,0.29509641495890326
2012-11-08,0.2117584633372337
2012-11-09,0.16595340478698248
2012-11-12,0.11377564370893654
2012-11-13,0.1838784400069325
2012-11-14,0.17515691148159485
2012-11-15,0.15763388949571516
2012-11-16,0.18319634092446338
2012-11-19,0.15930044188084538
2012-11-20,0.27807366460331
2012-11-21,0.20592662918337712
2012-11-22,0.16085314363546205
2012-11-23,0.20061946464290645
2012-11-26,0.13126884312914225
2012-11-27,0.19959654183379055
2012-11-28,0.15225269922905316
2012-11-29,0.1441215450298403
2012-11-30,0.1961509395298644
2012-12-03,0.13118250542392174
2012-12-04,0.17173040291230401
2012-12-05,0.1493372155424248
2012-12-06,0.2350167965560177
2012-12-07,0.22725955269224554
2012-12-10,0.1310672993888314
2012-12-11,0.20386810285187418
2012-12-12,0.1442601150006734
2012-12-13,0.16889286644385262
2012-12-14,0.2618670702468607
2012-12-17,0.16170121868137413
2012-12-18,0.10615905067989662
2012-12-19,0.15748573710274402
2012-12-20,0.26118818972827335
2012-12-21,0.25107024491832425
2012-12-24,0.1008770574646781
2012-12-25,0.07009330280985186
2012-12-26,0.174841832158423
2012-12-27,0.2658610029434068
2012-12-28,0.2170174348871306
2012-12-31,0.27079695640017976
2013-01-01,0.0
2013-01-02,0.520543732581753
2013-01-03,0.3019776016212073
2013-01-04,0.2937198364857387
2013-01-07,0.21689232858163682
2013-01-08,0.20929285255724006
2013-01-09,0.14092514812472537
2013-01-10,0.310547892551064
2013-01-11,0.3253451677883568
2013-01-14,0.31977974869208675
2013-01-15,0.5964427271285833
2013-01-16,0.3981718345280631
2013-01-17,0.45429328470163677
2013-01-18,0.5520081617201449
2013-01-21,0.2346080191309847
2013-01-22,0.3185473011973515
2013-01-23,0.24109649523517698
2013-01-24,0.23794361849348794
2013-01-25,0.39857118670139413
2013-01-28,0.1750370406067264
2013-01-29,0.21942905927384665
2013-01-30,0.2754154974359619
2013-01-31,0.22003406353015706
2013-02-01,0.4354805473615673
2013-02-04,0.2126448122191584
2013-02-05,0.261934293900411
2013-02-06,0.3243862556335555
2013-02-07,0.3072291879961149
2013-02-08,0.23829253094627031
2013-02-11,0.22704363217993961
2013-02-12,0.38230611111356483
2013-02-13,0.25603179063674664
2013-02-14,0.24443002164355088
2013-02-15,0.26945236907613335
2013-02-18,0.1700929325932418
2013-02-19,0.10377579896295527
2013-02-20,0.3879460758705992
2013-02-21,0.29995640035223486
2013-02-22,0.20685406301412365
2013-02-25,0.529339001453467
2013-02-26,0.39026362805152165
2013-02-28,0.3944391315440241
2013-03-01,0.2624227616757392
2013-03-04,0.15853457062702214
2013-03-05,0.15372880410801393
2013-03-06,0.15211192108390503
2013-03-07,0.20046745687104575
2013-03-08,0.6223149297581257
2013-03-11,0.1575953263510207
2013-03-12,0.1799646534751502
2013-03-13,0.33423810780900054
2013-03-14,0.3440401498492124
2013-03-15,0.4098601576076355
2013-03-18,0.3909660262108569
2013-03-19,0.33427796821395095
2013-03-20,0.26470159725517317
2013-03-21,0.19786723573939888
2013-03-22,0.2291580389679758
2013-03-25,0.4344557164107368
2013-03-26,0.2189748670792363
2013-03-27,0.20116459975930356
2013-03-28,0.24033020680645897
2013-03-29,0.12665388482878495
2013-04-01,0.1418261230888629
2013-04-02,0.13484322879375252
2013-04-03,0.13771072436367443
2013-04-04,0.6275323050873894
2013-04-05,0.676253157577002
2013-04-08,0.1827219159125391
2013-04-09,0.3233046612084258
2013-04-10,0.17893943063874587
2013-04-11,0.1527649058167638
2013-04-12,0.2037883989696771
2013-04-15,0.2192546182424398
2013-04-16,0.35378040630842905
2013-04-17,0.3418825099764445
2013-04-18,0.2700238655363436
2013-04-19,0.2588193720597539
2013-04-22,0.14534298315876548
2013-04-23,0.3263812331015367
2013-04-24,0.29450195372807936
2013-04-25,0.262939298044339
2013-04-26,0.26441965542333384
2013-04-29,0.18661538687578555
2013-04-30,0.2695911974858819
2013-05-01,0.25028662528346374
2013-05-02,0.3645633465048813
2013-05-03,0.923345723532616
2013-05-06,0.1319547609287006
2013-05-07,0.2127118617398002
2013-05-08,0.22630619048558195
2013-05-09,0.37746729846879207
2013-05-10,1.0166390059061636
2013-05-13,0.4690952442169799
2013-05-14,0.5395459434455225
2013-05-15,0.9517183778078369
2013-05-16,0.8489259781803759
2013-05-17,0.44702259957498647
2013-05-20,0.38182944571823046
2013-05-21,0.6051425404601661
2013-05-22,1.0989384095976815
2013-05-23,1.1478907948513752
2013-05-24,0.7540157680343532
2013-05-27,0.2035224638455847
2013-05-28,0.6226107984140073
2013-05-29,1.0830687153461558
2013-05-30,0.8489947814355806
2013-05-31,0.6665394513120587
2013-06-03,1.7759377274018564
2013-06-04,0.5153611656414131
2013-06-05,0.7509460589282189
2013-06-06,1.3116378746336295
2013-06-07,1.019716705852137
2013-06-10,0.5283663103829328
2013-06-11,0.7510830296021462
2013-06-12,0.5473608866102311
2013-06-13,0.8251373914243187
2013-06-14,0.4315636487813461
2013-06-17,0.2760471801916373
2013-06-18,0.5150439471037739
2013-06-19,0.6325842237882361
2013-06-20,0.9120336161621618
2013-06-21,0.4291429032537089
2013-06-24,0.4603201771557385
2013-06-25,0.39503335171829346
2013-06-26,0.3642353346919383
2013-06-27,0.33437252940989565
2013-06-28,0.32048317318904035
2013-07-01,0.25659470118889055
2013-07-02,0.27414036343990783
2013-07-03,0.505951553123354
2013-07-04,0.56698273853798
2013-07-05,0.7350653919378567
2013-07-08,0.19145022042139187
2013-07-09,0.33338225057591586
2013-07-10,1.029758393846808
2013-07-11,1.749103438031599
2013-07-12,0.4476055332055551
2013-07-15,0.40062452329052956
2013-07-16,0.4237848460343084
2013-07-17,0.5610071231144821
2013-07-18,0.23668219279290403
2013-07-19,0.2225363658422837
2013-07-22,0.2221185260741
2013-07-23,0.18905856990702705
2013-07-24,0.361917767072624
2013-07-25,0.3035651585236925
2013-07-26,0.21772776980284994
2013-07-29,0.16889497052418082
2013-07-30,0.17940362481199673
2013-07-31,0.48119932515928926
2013-08-01,0.40071941107187015
2013-08-02,0.5247571691823493
2013-08-05,0.26210478759647077
2013-08-06,0.2530099889630255
2013-08-07,0.22541920393807632
2013-08-08,0.22324856592741044
2013-08-09,0.14118542557678146
2013-08-12,0.1526142507813092
2013-08-13,0.2509550685866529
2013-08-14,0.1761673633121331
2013-08-15,0.7699869603716935
2013-08-16,0.28648958766841814
2013-08-19,0.16344146864569853
2013-08-20,0.30855752099190137
2013-08-21,0.3441938912624762
2013-08-22,0.27730430133152373
2013-08-23,0.2923552685966902
2013-08-26,0.12800575681446175
2013-08-27,0.28011409798428927
2013-08-28,0.18875995785580876
2013-08-29,0.28770842988431766
2013-08-30,0.16845879034783545
2013-09-02,0.10059922945659343
2013-09-03,0.2513112767256047
2013-09-04,0.12216293090920126
2013-09-05,0.3474542208586794
2013-09-06,0.5228100065013362
2013-09-09,0.19609392879988236
2013-09-10,0.1359125951826842
2013-09-11,0.23675713466027645
2013-09-12,0.1831553630703441
2013-09-13,0.22062556519265966
2013-09-16,0.13545428209402294
2013-09-17,0.09855832079161553
2013-09-18,0.5702637495638537
2013-09-19,0.27269807184202044
2013-09-20,0.21972366335572088
2013-09-23,0.24779406955454633
2013-09-24,0.11997283805822913
2013-09-25,0.12184280497248254
2013-09-26,0.1667620260857952
2013-09-27,0.14727040462807708
2013-09-30,0.14308071496701782
2013-10-01,0.29389489183507267
2013-10-02,0.24433412851595368
2013-10-03,0.31947001111406814
2013-10-04,0.22598229724109475
2013-10-07,0.15362904804706565
2013-10-08,0.15916236681801765
2013-10-09,0.28677054372191974
2013-10-10,0.158497712327904
2013-10-11,0.14649751886428586
2013-10-14,0.13614435007612405
2013-10-15,0.3478061382659211
2013-10-16,0.32036330843163846
2013-10-17,0.3659172944366599
2013-10-18,0.14151915715485355
2013-10-21,0.1079055587521995
2013-10-22,0.4466126533283797
2013-10-23,0.13134175015644398
2013-10-24,0.18569707873624763
2013-10-25,0.20078181033287945
2013-10-28,0.10204865711348618
2013-10-29,0.2395066676131929
2013-10-30,0.23882861136044223
2013-10-31,0.2956357915124064
2013-11-01,0.27135124358868123
2013-11-04,0.19219983321725997
2013-11-05,0.21668619624418384
2013-11-06,0.16844926145083267
2013-11-07,1.280683173198671
2013-11-08,0.3701865020009842
2013-11-11,0.09844422725327794
2013-11-12,0.2422290686567689
2013-11-13,0.23120531554064824
2013-11-14,0.2156613134166705
2013-11-15,0.16412355538927392
2013-11-18,0.16732232831755012
2013-11-19,0.201041861891259
2013-11-20,0.5523981728739831
2013-11-21,0.2760641032006409
2013-11-22,0.1520865009799504
2013-11-25,0.16425226283172545
2013-11-26,0.20341513460051217
2013-11-27,0.1678219307910463
2013-11-28,0.10299120864450274
2013-11-29,0.17773199898274566
2013-12-02,0.21335693118905968
2013-12-03,0.17225597464196152
2013-12-04,0.20617843447637219
2013-12-05,0.35324741793977993
2013-12-06,0.3726670384155752
2013-12-09,0.09814009591731403
2013-12-10,0.16851882118204783
2013-12-11,0.22072965579341347
2013-12-12,0.2886577165336426
2013-12-13,0.16377611816535934
2013-12-16,0.16198319381457643
2013-12-17,0.16250958715839037
2013-12-18,0.7742027139344713
2013-12-19,0.3065658789190615
2013-12-20,0.21855225727357133
2013-12-23,0.10028840408964161
2013-12-24,0.09664683883434247
2013-12-25,0.0346130900752606
2013-12-26,0.06680148496496816
2013-12-27,0.4229789556919519
2013-12-30,0.2008427472725007
2013-12-31,0.3622371573393249
2014-01-01,0.0
2014-01-02,0.4428750205927003
2014-01-03,0.2054128520589741
2014-01-06,0.2236559899032962
2014-01-07,0.197341975070058
2014-01-08,0.29943519206149904
2014-01-09,0.3001676645203203
2014-01-10,0.6362173011426434
2014-01-13,0.15895852034064956
2014-01-14,0.1564547495177403
2014-01-15,0.23261090790734498
2014-01-16,0.2763713334900018
2014-01-17,0.18582176405840675
2014-01-20,0.10549276968850603
2014-01-21,0.21024043443952814
2014-01-22,0.16307156898605182
2014-01-23,0.4481036695867499
2014-01-24,0.5397319132675573
2014-01-27,0.2546552282610804
2014-01-28,0.20715907176579856
2014-01-29,0.4514133993794094
2014-01-30,0.2401613221165147
2014-01-31,0.30650435554772354
2014-02-03,0.2983416224100447
2014-02-04,0.21610755311880034
2014-02-05,0.26838924960041916
2014-02-06,0.42472478213997444
2014-02-07,0.20924566388669374
2014-02-10,0.10155175766700165
2014-02-11,0.2226307747333929
2014-02-12,0.20879609904541163
2014-02-13,0.26064449172372695
2014-02-14,0.13149532173882866
2014-02-17,0.10846728040979865
2014-02-18,0.15101668825953657
2014-02-19,0.09835370328899744
2014-02-20,0.15050842246985252
2014-02-21,0.1200357977887896
2014-02-24,0.10459836374191195
2014-02-25,0.11494281584108558
2014-02-26,0.1281738405531608
2014-02-27,0.12662610257748255
2014-02-28,0.3579641133869262
2014-03-03,0.1732889542127096
2014-03-04,0.15619373396753136
2014-03-05,0.19019886369963487
2014-03-06,0.19406584490910722
2014-03-07,0.265927318371123
2014-03-10,0.0866680646635332
2014-03-11,0.12478092570853169
2014-03-12,0.12203415066691797
2014-03-13,0.27371224953776385
2014-03-14,0.15700013499963802
2014-03-17,0.11065350011621759
2014-03-18,0.1607363657366395
2014-03-19,0.374838704340586
2014-03-20,0.19606668798592083
2014-03-21,0.13154793812027235
2014-03-24,0.24948851862740415
2014-03-25,0.2111656352259993
2014-03-26,0.17494706465292323
2014-03-27,0.1769959418395689
2014-03-28,0.20275677601771339
2014-03-31,0.16250187164236435
2014-04-01,0.09538750304907877
2014-04-02,0.1040844090931013
2014-04-03,0.3075893208520256
2014-04-04,0.2704707211761433
2014-04-07,0.08148398481204125
2014-04-08,0.12819862301739476
2014-04-09,0.1662110419285848
2014-04-10,0.11067143652434157
2014-04-11,0.08762584914672807
2014-04-14,0.12944169179937448
2014-04-15,0.10137556584112364
2014-04-16,0.10179089450180145
2014-04-17,0.08640201563184421
2014-04-18,0.019273316670470796
2014-04-21,0.035366679279645125
2014-04-22,0.0717430429288855
2014-04-23,0.13943746520086364
2014-04-24,0.148247626889169
2014-04-25,0.06275302293333392
2014-04-28,0.11820695978186466
2014-04-29,0.11383785806801854
2014-04-30,0.15370513755329093
2014-05-01,0.036566702159717704
2014-05-02,0.2716997723728543
2014-05-05,0.044948941480757704
2014-05-06,0.1232197289281969
2014-05-07,0.08832645474967141
2014-05-08,0.38016796267559166
2014-05-09,0.10078319425363735
2014-05-12,0.05599456296669222
2014-05-13,0.14966362791595986
2014-05-14,0.08326605950148558
2014-05-15,0.20248171432415224
2014-05-16,0.08305982690761493
2014-05-19,0.05959808401458462
2014-05-20,0.06972805128214442
2014-05-21,0.12927941396106066
2014-05-22,0.0815953437663928
2014-05-23,0.05350065365678822
2014-05-26,0.04300942474036876
2014-05-27,0.07082427060898669
2014-05-28,0.09020381786167118
2014-05-29,0.07725714005210267
2014-05-30,0.1051042106270005
2014-06-02,0.10110474862607198
2014-06-03,0.0915936658725439
2014-06-04,0.08146627847583757
2014-06-05,0.6333796953037525
2014-06-06,0.1503992871746206
2014-06-09,0.06868870337520498
2014-06-10,0.07958593769457527
2014-06-11,0.07406014326775515
2014-06-12,0.10681400669472793
2014-06-13,0.08626957227655321
2014-06-16,0.11257133789510207
2014-06-17,0.08560479685341173
2014-06-18,0.13047818602810024
2014-06-19,0.09904192359699902
2014-06-20,0.0656673884020975
2014-06-23,0.06875580203461829
2014-06-24,0.07463786561939259
2014-06-25,0.08230279038181403
2014-06-26,0.10696171596360003
2014-06-27,0.0551118772854182
2014-06-30,0.09284992826997335
2014-07-01,0.05951781693567841
2014-07-02,0.048043939540348635
2014-07-03,0.1303653143222155
2014-07-04,0.026278240218716047
2014-07-07,0.04450298252240232
2014-07-08,0.03257965990631243
2014-07-09,0.06570313086066971
2014-07-10,0.05927935900170377
2014-07-11,0.03876965439197872
2014-07-14,0.055326886610578795
2014-07-15,0.11132536163517272
2014-07-16,0.05045508323844297
2014-07-17,0.050779027500027475
2014-07-18,0.08639301230682114
2014-07-21,0.03854333346081023
2014-07-22,0.08354240914620545
2014-07-23,0.04012368392228507
2014-07-24,0.06539754562017147
2014-07-25,0.05461299034351634
2014-07-28,0.02351647166336076
2014-07-29,0.042051212711695256
2014-07-30,0.13501027359906428
2014-07-31,0.0706270992610605
2014-08-01,0.13866079290193498
2014-08-04,0.027907015222379455
2014-08-05,0.061012699923175005
2014-08-06,0.08097793460372724
2014-08-07,0.09577225673353053
2014-08-08,0.12410274748849573
2014-08-11,0.0380350838669288
2014-08-12,0.05772586307885991
2014-08-13,0.14907699528407412
2014-08-14,0.10032007804907013
2014-08-15,0.14212546832580583
2014-08-18,0.05251742268780748
2014-08-19,0.10390984488287927
2014-08-20,0.11058656927742448
2014-08-21,0.07727859311523512
2014-08-22,0.11175407954144082
2014-08-25,0.07229958865813857
2014-08-26,0.09916989115212983
2014-08-27,0.10012499034064198
2014-08-28,0.11534530654784436
2014-08-29,0.09451744532330504
2014-09-01,0.0316323293476549
2014-09-02,0.058521338583366306
2014-09-03,0.0876354245653888
2014-09-04,0.7477812154042708
2014-09-05,0.14588059349286697
2014-09-08,0.11514092120567831
2014-09-09,0.20614948174043815
2014-09-10,0.3090293286912617
2014-09-11,0.17432076222043305
2014-09-12,0.1334516567285611
2014-09-15,0.116434687990209
2014-09-16,0.16045298112541342
2014-09-17,0.4416448085318078
2014-09-18,0.311091782396245
2014-09-19,0.19209979586502038
2014-09-22,0.14499702155612043
2014-09-23,0.1398756367282079
2014-09-24,0.14623846581224492
2014-09-25,0.23344100757062758
2014-09-26,0.11417095026967143
2014-09-29,0.147881105715869
2014-09-30,0.26772304512685585
2014-10-01,0.2695255663917952
2014-10-02,0.43166690009560993
2014-10-03,0.37558465811879477
2014-10-06,0.23941265568843859
2014-10-07,0.3234741599179023
2014-10-08,0.5694002659919142
2014-10-09,0.43845998219177257
2014-10-10,0.2449946238723206
2014-10-13,0.3141765822923618
2014-10-14,0.2306571408586927
2014-10-15,0.896167064300752
2014-10-16,0.7444237678597774
2014-10-17,0.3545267273668615
2014-10-20,0.18716312071353278
2014-10-21,0.2997576038427284
2014-10-22,0.277991581008473
2014-10-23,0.2219883661200806
2014-10-24,0.1409143765698843
2014-10-27,0.13740840032119986
2014-10-28,0.2081257697794123
2014-10-29,0.3580793738875483
2014-10-30,0.21149414839908298
2014-10-31,0.503785506542819
2014-11-03,0.26640935605597016
2014-11-04,0.16619649127222022
2014-11-05,0.22037525420199974
2014-11-06,0.6003196815295688
2014-11-07,0.3705254104902333
2014-11-10,0.18983973281441807
2014-11-11,0.1865717399457784
2014-11-12,0.30080405986371356
2014-11-13,0.1733787456256435
2014-11-14,0.42610769134316584
2014-11-17,0.24808596922399961
2014-11-18,0.16422419608562486
2014-11-19,0.23078420397112231
2014-11-20,0.3745531423922211
2014-11-21,0.3315092928135012
2014-11-24,0.19498419852532392
2014-11-25,0.19770488118117724
2014-11-26,0.23554990634031908
2014-11-27,0.13942741442522139
2014-11-28,0.221768324130298
2014-12-01,0.26275006199858075
2014-12-02,0.14979057897568784
2014-12-03,0.21964585168283007
2014-12-04,0.7626659267147747
2014-12-05,0.5785884734972379
2014-12-08,0.18830795329960046
2014-12-09,0.3600944535823556
2014-12-10,0.2528880637647801
2014-12-11,0.5035571620215519
2014-12-12,0.2946193208477924
2014-12-15,0.28017273540074017
2014-12-16,0.4506807637491673
2014-12-17,0.6271714445874027
2014-12-18,0.8177565277910919
2014-12-19,0.2195996035365977
2014-12-22,0.15008372126355146
2014-12-23,0.14369827506162536
2014-12-24,0.09042606469295839
2014-12-26,0.06530826594238895
2014-12-29,0.17208398292111957
2014-12-30,0.17572992552273245
2014-12-31,0.1061839971393162
2015-01-02,0.21585062053296236
2015-01-05,0.4202754853534223
2015-01-06,0.33807078126220996
2015-01-07,0.36734388198822876
2015-01-08,0.252371516547739
2015-01-09,0.323645672138784
2015-01-12,0.24552067307574618
2015-01-13,0.28912459817417024
2015-01-14,0.47167633113751417
2015-01-15,484.5810732789731
2015-01-16,15.783265846910757
2015-01-19,4.362429182859218
2015-01-20,2.1099906472387975
2015-01-21,2.517062360650429
2015-01-22,3.1853212357164455
2015-01-23,2.169374926074872
2015-01-26,1.7221861394069218
2015-01-27,2.6036019712483336
2015-01-28,1.9150471238267208
2015-01-29,1.3532472068950783
2015-01-30,2.2471756282508797
2015-02-02,1.397439425109833
2015-02-03,1.2540512892633897
2015-02-04,0.8237363351526382
2015-02-05,1.0504997828502023
2015-02-06,1.8130539151684224
2015-02-09,0.6987894821506777
2015-02-10,0.6009386253337011
2015-02-11,0.5101732414317882
2015-02-12,0.7721801127561724
2015-02-13,0.4108006926067276
2015-02-16,0.4563599426902271
2015-02-17,0.5563095813979072
2015-02-18,0.46826362199525023
2015-02-19,0.4692155295288375
2015-02-20,0.6411674177389727
2015-02-23,0.513662416170042
2015-02-24,0.4990843618065907
2015-02-25,0.4087931348895679
2015-02-26,0.3377601664071397
2015-02-27,0.6543058493229279
2015-03-02,0.36639114586761523
2015-03-03,0.2895578907974025
2015-03-04,0.8219435913714732
2015-03-05,0.5242675394483051
2015-03-06,1.2165549919848968
2015-03-09,0.30919707861634343
2015-03-10,0.7039283322112726
2015-03-11,0.6635023552961129
2015-03-12,1.2163287526671258
2015-03-13,0.5909092409928619
2015-03-16,0.4757314360885064
2015-03-17,0.37178769657741073
2015-03-18,4.916596885227221
2015-03-19,1.4543134234481025
2015-03-20,0.6911451275000183
2015-03-23,0.8416490613232833
2015-03-24,0.966128082163168
2015-03-25,0.42689035658968566
2015-03-26,0.6556444154846487
2015-03-27,0.6832232086075612
2015-03-30,0.4924559605495433
2015-03-31,0.7284704533744581
2015-04-01,0.46094571491314323
2015-04-02,0.4937044811368629
2015-04-03,0.9433893628013272
2015-04-06,0.3350923250786804
2015-04-07,0.5463661838354402
2015-04-08,0.5092056966546423
2015-04-09,0.4110734736354042
2015-04-10,0.4013878724938329
2015-04-13,0.4108098645487394
2015-04-14,0.6145475336013617
2015-04-15,0.6278666037517352
2015-04-16,0.7812028994915569
2015-04-17,0.5345436139038946
2015-04-20,0.4752866344214918
2015-04-21,0.43331268603081696
2015-04-22,0.8043585411849707
2015-04-23,0.7570324858461769
2015-04-24,0.5761501567233692
2015-04-27,0.5030311724321049
2015-04-28,0.7644866870156143
2015-04-29,1.1681821258567762
2015-04-30,1.2655587974802431
2015-05-01,0.5333760213139466
2015-05-04,0.41729803479282485
2015-05-05,0.9838622350942196
2015-05-06,0.7415733818113426
2015-05-07,0.682435067623097
2015-05-08,1.1427977218867864
2015-05-11,0.5332476914333593
2015-05-12,0.4904546626976159
2015-05-13,0.7298767913177195
2015-05-14,0.5377566876779378
2015-05-15,0.6776460586795148
2015-05-18,0.46825361129264265
2015-05-19,0.9636571998933998
2015-05-20,0.6590367763880858
2015-05-21,0.5239000005004606
2015-05-22,1.0301836435178968
2015-05-25,0.21647591238355954
2015-05-26,0.5995469656665146
2015-05-27,0.5667645610589076
2015-05-28,0.6069694727736225
2015-05-29,1.10704113280052
2015-06-01,0.5519176882468212
2015-06-02,0.7093311637856141
2015-06-03,0.9065931485433814
2015-06-04,0.4734715796265806
2015-06-05,1.804624568713848
2015-06-08,0.9723568249780211
2015-06-09,0.6152820465560053
2015-06-10,0.6508973435184678
2015-06-11,0.6798485763108117
2015-06-12,0.6413366417619334
2015-06-15,0.624703510398596
2015-06-16,0.33927489202147754
2015-06-17,0.5911988678417872
2015-06-18,0.6806647727287587
2015-06-19,0.5210909673021252
2015-06-22,0.6198548065331514
2015-06-23,0.6313181779638125
2015-06-24,0.4239568210471794
2015-06-25,0.5315959605927876
2015-06-26,0.4389432511953457
2015-06-29,1.1836543176280363
2015-06-30,0.8807372767646271
2015-07-01,0.6181580737697141
2015-07-02,0.829335819606748
2015-07-03,0.2508494186823297
2015-07-06,0.4769415658776768
2015-07-07,0.4819731644449545
2015-07-08,0.6325078133967134
2015-07-09,0.430750102187819
2015-07-10,0.8363884468668086
2015-07-13,0.8137427640041782
2015-07-14,0.438093617608602
2015-07-15,0.402697909544884
2015-07-16,0.4061977415311298
2015-07-17,0.27651402297498395
2015-07-20,0.2207777282689466
2015-07-21,0.26800335495033384
2015-07-22,0.32588590107524396
2015-07-23,0.47699927730758274
2015-07-24,0.4088347976944786
2015-07-27,0.49051106989901944
2015-07-28,0.3140720508908191
2015-07-29,0.4362040056947074
2015-07-30,0.3128203487112529
2015-07-31,0.8464824232436813
2015-08-03,0.29670966342763144
2015-08-04,0.2811544746842644
2015-08-05,0.29193556301834434
2015-08-06,0.23832918806243564
2015-08-07,0.836817317690933
2015-08-10,0.2988337212674501
2015-08-11,0.5589257640737294
2015-08-12,0.8475423703168413
2015-08-13,0.4698015113992464
2015-08-14,0.3208821221729272
2015-08-17,0.3034060914834353
2015-08-18,0.20013630734489063
2015-08-19,0.37669888459667117
2015-08-20,0.5117728121520938
2015-08-21,0.5049842209966136
2015-08-24,2.1469224056019898
2015-08-25,1.294059823730903
2015-08-26,0.9440568676323273
2015-08-27,0.6911867661295863
2015-08-28,0.6875992426123293
2015-08-31,0.43924006907758656
2015-09-01,0.7672287911187646
2015-09-02,0.5128447455442172
2015-09-03,0.392798061367745
2015-09-04,0.6003925139073912
2015-09-07,0.21229638431049713
2015-09-08,0.32947042831875484
2015-09-09,0.4288380026500077
2015-09-10,0.622311017445847
2015-09-11,0.4126762314835293
2015-09-14,0.2788701850359294
2015-09-15,0.3006363272354714
2015-09-16,0.40016603428668374
2015-09-17,0.7228774370113914
2015-09-18,0.5298895348100878
2015-09-21,0.41438695052213725
2015-09-22,0.43256147045276255
2015-09-23,0.5527837655101039
2015-09-24,0.5470367095490133
2015-09-25,0.5473240068559816
2015-09-28,0.49591937420705634
2015-09-29,0.6565591158470772
2015-09-30,0.35200493441022085
2015-10-01,0.3371573763846599
2015-10-02,1.0652977430890718
2015-10-05,0.37789677823653745
2015-10-06,0.3647818382347939
2015-10-07,0.38631471589507005
2015-10-08,0.4276786470981571
2015-10-09,0.39071439277682657
2015-10-12,0.16008172613593968
2015-10-13,0.33137522793925334
2015-10-14,0.306035824789447
2015-10-15,0.5255783571273492
2015-10-16,0.4935618800045498
2015-10-19,0.2844126552466203
2015-10-20,0.22298227277405872
2015-10-21,0.3162670281200707
2015-10-22,0.4382199252366676
2015-10-23,0.4335431600872034
2015-10-26,0.27110092177754014
2015-10-27,0.31777955205532715
2015-10-28,0.7766432949702664
2015-10-29,0.2872608781996316
2015-10-30,0.39933191542102636
2015-11-02,0.2505456987054586
2015-11-03,0.2314443780274503
2015-11-04,0.32991476793573005
2015-11-05,0.24055719702923503
2015-11-06,0.7019301138993709
2015-11-09,0.22714861486155105
2015-11-10,0.24384299349963628
2015-11-11,0.2154823549020821
2015-11-12,0.35306011314191055
2015-11-13,0.33472729012785557
2015-11-16,0.24371826231458235
2015-11-17,0.20757270327916133
2015-11-18,0.2289487996705869
2015-11-19,0.2883503035304793
2015-11-20,0.25364691873608425
2015-11-23,0.23271911478348575
2015-11-24,0.19499878891480127
2015-11-25,0.2819053431446111
2015-11-26,0.13051802709822558
2015-11-27,0.30921236286888665
2015-11-30,0.18390277554793938
2015-12-01,0.1968363382695215
2015-12-02,0.3645295343295454
2015-12-03,2.4067672205633923
2015-12-04,1.2239544368760917
2015-12-07,0.2818464198190806
2015-12-08,0.23893066304092675
2015-12-09,0.38879918663360796
2015-12-10,0.4211412089903877
2015-12-11,0.38110741967216555
2015-12-14,0.3556713021741003
2015-12-15,0.3238485485338521
2015-12-16,1.0244495636344075
2015-12-17,0.5566422729375365
2015-12-18,0.3400520666971949
2015-12-21,0.26635232679189863
2015-12-22,0.2551003689884102
2015-12-23,0.24864988120973705
2015-12-24,0.1465056375329912
2015-12-28,0.1727031720430269
2015-12-29,0.25957007581708974
2015-12-30,0.2037432362301048
2015-12-31,0.4082296860026057
2016-01-04,0.5877602039538673
2016-01-05,0.302175477904227
2016-01-06,0.35875404748758677
2016-01-07,0.5942122826697139
2016-01-08,0.9589824898048732
2016-01-11,0.7024076804303852
2016-01-12,0.35040266201719616
2016-01-13,0.4356454040320135
2016-01-14,0.5360714428230947
2016-01-15,0.5309349672852246
2016-01-18,0.25623929072493196
2016-01-19,0.30605761417664445
2016-01-20,0.37349414165734673
2016-01-21,0.8553583798313743
2016-01-22,0.3808981816627421
2016-01-25,0.1925335383408392
2016-01-26,0.20974197209578763
2016-01-27,0.37819226738425804
2016-01-28,0.2678607082664511
2016-01-29,1.1130366460629426
2016-02-01,0.2784036050660767
2016-02-02,0.25702880575088677
2016-02-03,0.7732153133548021
2016-02-04,0.642101654714737
2016-02-05,0.6356805258364802
2016-02-08,0.560715832188292
2016-02-09,0.7738003724334188
2016-02-10,0.5728210102264439
2016-02-11,0.843422731094471
2016-02-12,0.4398944980361999
2016-02-15,0.2124436633615335
2016-02-16,0.24143194835198334
2016-02-17,0.3031911863438296
2016-02-18,0.28151423459836916
2016-02-19,0.3740601273035051
2016-02-22,0.2715262654059679
2016-02-23,0.33874802216883493
2016-02-24,0.3636712181308012
2016-02-25,0.29231599534584746
2016-02-26,0.33979410874377747
2016-02-29,0.46159853314927113
2016-03-01,0.2791961569788797
2016-03-02,0.23113863524077133
2016-03-03,0.32202832722085173
2016-03-04,0.8513671998320272
2016-03-07,0.3047420479236929
2016-03-08,0.3260307491082713
2016-03-09,0.4270834919105468
2016-03-10,2.4136509647984656
2016-03-11,0.5153630695280542
2016-03-14,0.21328585460354235
2016-03-15,0.21972962229702112
2016-03-16,0.5837535528976279
2016-03-17,0.4286849757227077
2016-03-18,0.24353752770713424
2016-03-21,0.2520239027183046
2016-03-22,0.2244133051449297
2016-03-23,0.2404721734847986
2016-03-24,0.207688555920811
2016-03-25,0.1510260264587177
2016-03-28,0.13520440649921106
2016-03-29,0.4453020442433517
2016-03-30,0.29481168480432185
2016-03-31,0.3048897282528618
2016-04-01,0.5828013799542585
2016-04-04,0.20568527174063284
2016-04-05,0.22302963456293656
2016-04-06,0.29466260243984
2016-04-07,0.3503339008006541
2016-04-08,0.2233152573347803
2016-04-11,0.18531783860736603
2016-04-12,0.35504674093729927
2016-04-13,0.24929596509464916
2016-04-14,0.20863711034986726
2016-04-15,0.2493074434256699
2016-04-18,0.18417960654960805
2016-04-19,0.1843973448453104
2016-04-20,0.23914133829007725
2016-04-21,0.47745292338151357
2016-04-22,0.2461730554626478
2016-04-25,0.15935209580456794
2016-04-26,0.2026112690302746
2016-04-27,0.23199789638437293
2016-04-28,0.3086699858989906
2016-04-29,0.35790979496227715
2016-05-02,0.2561881450109948
2016-05-03,0.34059295159850916
2016-05-04,0.42465416347980334
2016-05-05,0.23482199609453167
2016-05-06,0.3178698464703883
2016-05-09,0.20594321116467795
2016-05-10,0.22068998331063558
2016-05-11,0.16223185577817964
2016-05-12,0.23223593804136974
2016-05-13,0.30560559392536596
2016-05-16,0.13198983010926835
2016-05-17,0.14984639974087355
2016-05-18,0.32344796299356005
2016-05-19,0.2302927274850513
2016-05-20,0.13495795887291387
2016-05-23,0.1428892895582943
2016-05-24,0.20315493828179412
2016-05-25,0.18245016479621826
2016-05-26,0.17894229496037617
2016-05-27,0.14664622485406648
2016-05-30,0.07254857578746438
2016-05-31,0.28453436671312904
2016-06-01,0.2421100158649938
2016-06-02,0.21959043788815857
2016-06-03,1.0474643381868898
2016-06-06,0.22866968824936112
2016-06-07,0.1991743720218452
2016-06-08,0.20263120667564907
2016-06-09,0.21821753540887745
2016-06-10,0.24788866269602725
2016-06-13,0.20582290772454825
2016-06-14,0.21362450398101873
2016-06-15,0.3163789005814162
2016-06-16,0.43650484356907915
2016-06-17,0.2214831192649233
2016-06-20,0.23670130377844162
2016-06-21,0.2603563107530836
2016-06-22,0.33063611003955706
2016-06-23,0.5217531500697787
2016-06-24,5.005780714522006
2016-06-27,0.7565305508884719
2016-06-28,0.4511942118432287
2016-06-29,0.35151294336204736
2016-06-30,0.4376168053892773
2016-07-01,0.26696133057446997
2016-07-04,0.12396460290127567
2016-07-05,0.19335560324582374
2016-07-06,0.21811895108395674
2016-07-07,0.15621509178368967
2016-07-08,0.856319947941477
2016-07-11,0.1467801683722467
2016-07-12,0.2676272574493737
2016-07-13,0.17884002891459935
2016-07-14,0.32644225685369144
2016-07-15,0.3015665820258498
2016-07-18,0.1237772430077034
2016-07-19,0.14600065219911834
2016-07-20,0.1935718895204385
2016-07-21,0.2831716970313407
2016-07-22,0.15136598455704403
2016-07-25,0.0894654773369176
2016-07-26,0.16804505729833077
2016-07-27,0.28831574826417006
2016-07-28,0.19051775617714012
2016-07-29,0.5458381805423523
2016-08-01,0.14706864312056286
2016-08-02,0.17767292206053067
2016-08-03,0.1426145078942944
2016-08-04,0.11780370458712781
2016-08-05,0.3981632388255162
2016-08-08,0.11475851506088351
2016-08-09,0.0892374900813804
2016-08-10,0.11773327636417064
2016-08-11,0.13139771044213677
2016-08-12,0.21424738957348058
2016-08-15,0.10081459043865222
2016-08-16,0.359005287404022
2016-08-17,0.22369913564595736
2016-08-18,0.22946549287180534
2016-08-19,0.16713138522279666
2016-08-22,0.16455191615024695
2016-08-23,0.13622921030617566
2016-08-24,0.20884543215960058
2016-08-25,0.10934846887431628
2016-08-26,0.5689252125280525
2016-08-29,0.1418230055544112
2016-08-30,0.17830012433362888
2016-08-31,0.2387102332199332
2016-09-01,0.3157984695392303
2016-09-02,0.4170136626853342
2016-09-05,0.07947009114530161
2016-09-06,0.3195007036234992
2016-09-07,0.19964702235789714
2016-09-08,0.24987556471776826
2016-09-09,0.21790549132542048
2016-09-12,0.2639465721318948
2016-09-13,0.25614177273539307
2016-09-14,0.2815656613907596
2016-09-15,0.22369427305100037
2016-09-16,0.20593470079552112
2016-09-19,0.10833235629720302
2016-09-20,0.1454738749726405
2016-09-21,0.6146325641054103
2016-09-22,0.2563604186022773
2016-09-23,0.18884356093226184
2016-09-26,0.1558569625345969
2016-09-27,0.13338275336045663
2016-09-28,0.13039887263139108
2016-09-29,0.2416884481715691
2016-09-30,0.3902888233508316
2016-10-03,0.17873530062468004
2016-10-04,0.43087681393613336
2016-10-05,0.19002913485223302
2016-10-06,0.189272552096028
2016-10-07,0.4073175372756921
2016-10-10,0.1243210816602113
2016-10-11,0.19206190381576693
2016-10-12,0.21979031841940477
2016-10-13,0.2554149454111219
2016-10-14,0.24816554810977712
2016-10-17,0.15044074108970418
2016-10-18,0.1989140768168271
2016-10-19,0.15811605336247792
2016-10-20,0.36232371248572753
2016-10-21,0.13429143025161816
2016-10-24,0.10894154552198275
2016-10-25,0.18191437991765969
2016-10-26,0.1435630762997252
2016-10-27,0.1706641436915984
2016-10-28,0.24099468614197267
2016-10-31,0.1258858134658084
2016-11-01,0.18458698326044087
2016-11-02,0.25739391986645893
2016-11-03,0.19511348967415265
2016-11-04,0.2026024518221862
2016-11-07,0.2184624621247886
2016-11-08,0.12476619512951227
2016-11-09,3.3637237247971687
2016-11-10,0.42711872134966283
2016-11-11,0.3587793926263546
2016-11-14,0.4394711739660282
2016-11-15,0.30898371355614673
2016-11-16,0.3126834747761733
2016-11-17,0.3810494980497641
2016-11-18,0.43055607949577857
2016-11-21,0.2969415044585873
2016-11-22,0.235574832920264
2016-11-23,0.28873479339717983
2016-11-24,0.2360655249002036
2016-11-25,0.2518501933645226
2016-11-28,0.26007482544094396
2016-11-29,0.27339016553998063
2016-11-30,0.3531312131703242
2016-12-01,0.3398961932027428
2016-12-02,0.2014608615701772
2016-12-05,0.6140123736996146
2016-12-06,0.2045814176092083
2016-12-07,0.1344362071167063
2016-12-08,0.4866858094344572
2016-12-09,0.18148236358260297
2016-12-12,0.2114741327953169
2016-12-13,0.13153214146236136
2016-12-14,0.5098566973247091
2016-12-15,0.5140293024554207
2016-12-16,0.3436865831603998
2016-12-19,0.24278708918133335
2016-12-20,0.17271490250202237
2016-12-21,0.20004367045865323
2016-12-22,0.1958211361833732
2016-12-23,0.1264735396625396
2016-12-26,0.09781041623675825
2016-12-27,0.0680149397437832
2016-12-28,0.117048051201569
2016-12-29,0.21627321885612935
2016-12-30,0.9236145579798859
2017-01-02,0.17642793493546263
2017-01-03,0.4182784119391945
2017-01-04,0.3756274074127462
2017-01-05,0.5412050197136162
2017-01-06,0.3449780804839453
2017-01-09,0.3022462649850801
2017-01-10,0.30222863245393217
2017-01-11,0.7748294076268069
2017-01-12,0.40712790858838244
2017-01-13,0.40990611286061074
2017-01-16,0.21193987566050293
2017-01-17,0.3580163722072026
2017-01-18,0.263628052630243
2017-01-19,0.33596187325608445
2017-01-20,0.29328114423211027
2017-01-23,0.2555204446414491
2017-01-24,0.20398437660658533
2017-01-25,0.2338896076085698
2017-01-26,0.2595503848437254
2017-01-27,0.2536454283928778
2017-01-30,0.2731768921403313
2017-01-31,0.35213240705192095
2017-02-01,0.3248181847783637
2017-02-02,0.23434174420310938
2017-02-03,0.3331447109877788
2017-02-06,0.16441669609771722
2017-02-07,0.2139346946423803
2017-02-08,0.18597537470280268
2017-02-09,0.2369978812913558
2017-02-10,0.16790027720274367
2017-02-13,0.12388083144232855
2017-02-14,0.18786324849672026
2017-02-15,0.22780713835151534
2017-02-16,0.178161517648768
2017-02-17,0.14618791649662413
2017-02-20,0.09238376329218739
2017-02-21,0.1623212300635784
2017-02-22,0.2376327921243484
2017-02-23,0.15702970015120774
2017-02-24,0.2089969755082075
2017-02-27,0.1488931530983875
2017-02-28,0.2703667935963298
2017-03-01,0.2625803127198723
2017-03-02,0.12644436142542156
2017-03-03,0.22849842527082437
2017-03-06,0.148359310127225
2017-03-07,0.12662410588514672
2017-03-08,0.12420219550898018
2017-03-09,0.19841190950404128
2017-03-10,0.2482796497679735
2017-03-13,0.19552400973903464
2017-03-14,0.11566659246238786
2017-03-15,0.4043375839702824
2017-03-16,0.20671850396288113
2017-03-17,0.14455283401940275
2017-03-20,0.10454354716551749
2017-03-21,0.13382598749729036
2017-03-22,0.19493522335363697
2017-03-23,0.11194079466629414
2017-03-24,0.11975333816563877
2017-03-27,0.2014846569730045
2017-03-28,0.22108197359913204
2017-03-29,0.24963401281375763
2017-03-30,0.19086900554186925
2017-03-31,0.16451045453109733
2017-04-03,0.11375511128658107
2017-04-04,0.09006371302762786
2017-04-05,0.20411903917305751
2017-04-06,0.16515118387916064
2017-04-07,0.19143236522809154
2017-04-10,0.06427542706755471
2017-04-11,0.09832624499997639
2017-04-12,0.18522384733029557
2017-04-13,0.12354364172839595
2017-04-14,0.0711774304227357
2017-04-17,0.11247043139117816
2017-04-18,0.15304609597736765
2017-04-19,0.10746402518161466
2017-04-20,0.14516710758393586
2017-04-21,0.15821435913942494
2017-04-24,0.3698089196020181
2017-04-25,0.1353167771431901
2017-04-26,0.21416071460756475
2017-04-27,0.1836045819189512
2017-04-28,0.230248153218569
2017-05-01,0.0733786608461341
2017-05-02,0.10673639938823953
2017-05-03,0.14199268520190794
2017-05-04,0.1556526762033502
2017-05-05,0.14045964072044534
2017-05-08,0.20996963096112825
2017-05-09,0.15608768778294096
2017-05-10,0.11811006250943967
2017-05-11,0.1469287095737393
2017-05-12,0.1906441243660651
2017-05-15,0.14588831880600675
2017-05-16,0.16543194836215533
2017-05-17,0.20715325079388203
2017-05-18,0.41159763374042196
2017-05-19,0.2003419893643612
2017-05-22,0.24909612268080075
2017-05-23,0.271053556214139
2017-05-24,0.3060343686793316
2017-05-25,0.13858240387620555
2017-05-26,0.19475945951225015
2017-05-29,0.08544386403793021
2017-05-30,0.3097121956247192
2017-05-31,0.2526099847446544
2017-06-01,0.17111638653670486
2017-06-02,0.26886784786740436
2017-06-05,0.10287514212654353
2017-06-06,0.1418007654962575
2017-06-07,0.31500999385423406
2017-06-08,0.2651504941941236
2017-06-09,0.20739087528037153
2017-06-12,0.10320184205858642
2017-06-13,0.10992128836828088
2017-06-14,0.393696270423439
2017-06-15,0.20940838907291295
2017-06-16,0.10557349139839939
2017-06-19,0.124660650490175
2017-06-20,0.14468587650067918
2017-06-21,0.09076911723537788
2017-06-22,0.1011296784816442
2017-06-23,0.10636698591699474
2017-06-26,0.1651578401889431
2017-06-27,0.2556516842971095
2017-06-28,0.5387569166751542
2017-06-29,0.1902434682137572
2017-06-30,0.15524863431643146
2017-07-03,0.11570676520340711
2017-07-04,0.09102454274236246
2017-07-05,0.14767093684973923
2017-07-06,0.14441504182285617
2017-07-07,0.1842648224735127
2017-07-10,0.0846928642884457
2017-07-11,0.13703339425045463
2017-07-12,0.17951658350423322
2017-07-13,0.15759600441871685
2017-07-14,0.2252913494297025
2017-07-17,0.144221232867912
2017-07-18,0.257176483259656
2017-07-19,0.10532983510676841
2017-07-20,0.3278251795965719
2017-07-21,0.19459046938719676
2017-07-24,0.14975622275519704
2017-07-25,0.19450286376274575
2017-07-26,0.4068337610924231
2017-07-27,0.3897918665366918
2017-07-28,1.0443680533801722
2017-07-31,0.5325862168006656
2017-08-01,0.3144948506748658
2017-08-02,0.27427051364821675
2017-08-03,0.29127521970311826
2017-08-04,0.4072881535900854
2017-08-07,0.1551004310775681
2017-08-08,0.19538574903333997
2017-08-09,0.54847356356498
2017-08-10,0.2604468209870277
2017-08-11,0.29762248315654044
2017-08-14,0.2814660202107917
2017-08-15,0.23928207078482383
2017-08-16,0.32093969432670916
2017-08-17,0.44245138594195255
2017-08-18,0.34395730640645467
2017-08-21,0.18325983437605725
2017-08-22,0.13375007572541311
2017-08-23,0.2365377960158578
2017-08-24,0.146384534331751
2017-08-25,0.36497689630092833
2017-08-28,0.15296198997109545
2017-08-29,0.4610511789572496
2017-08-30,0.2663929399369364
2017-08-31,0.3199303434633071
2017-09-01,0.4991812618945197
2017-09-04,0.24944535825730013
2017-09-05,0.36233988062588907
2017-09-06,0.39375254201568516
2017-09-07,0.49368292846438494
2017-09-08,0.4992559951886691
2017-09-11,0.23676283406874477
2017-09-12,0.298081854236436
2017-09-13,0.29036194145874783
2017-09-14,0.49110085390956243
2017-09-15,0.3447183849012185
2017-09-18,0.19926832495792698
2017-09-19,0.19185581701291227
2017-09-20,0.779896819591525
2017-09-21,0.3322062999623357
2017-09-22,0.21858899467849097
2017-09-25,0.39635775403818896
2017-09-26,0.2502790496977134
2017-09-27,0.34892770166576403
2017-09-28,0.24124173226151827
2017-09-29,0.3251286901640013
2017-10-02,0.24710980185127446
2017-10-03,0.18668726638885363
2017-10-04,0.16719299719842637
2017-10-05,0.12453813102711644
2017-10-06,0.2351649578060168
2017-10-09,0.09460320269847815
2017-10-10,0.13510065170823904
2017-10-11,0.13828868247871223
2017-10-12,0.1366693241578627
2017-10-13,0.34190907077730964
2017-10-16,0.13968070816037656
2017-10-17,0.11237600002647026
2017-10-18,0.13516850737856798
2017-10-19,0.22722501149774357
2017-10-20,0.3168700044912087
2017-10-23,0.11208398942806859
2017-10-24,0.17038687091227983
2017-10-25,0.2781148318459398
2017-10-26,0.23655973405824307
2017-10-27,0.2768497859594486
2017-10-30,0.1387817255424883
2017-10-31,0.1507474208185842
2017-11-01,0.20226818305626443
2017-11-02,0.2360896107078047
2017-11-03,0.196491885658613
2017-11-06,0.14092119288218866
2017-11-07,0.1365230926735605
2017-11-08,0.11704080812459727
2017-11-09,0.2315844102681648
2017-11-10,0.18927363599080071
2017-11-13,0.1243202363471518
2017-11-14,0.1605610160450146
2017-11-15,0.2733401738010432
2017-11-16,0.22210013667987819
2017-11-17,0.23248183059490446
2017-11-20,0.18458925510462462
2017-11-21,0.12712552576713093
2017-11-22,0.19627726240968432
2017-11-23,0.16574577649365344
2017-11-24,0.11207499881217191
2017-11-27,0.1792041196170272
2017-11-28,0.18107075240497286
2017-11-29,0.19622863940235596
2017-11-30,0.25841424457303447
2017-12-01,0.7620990845671962
2017-12-04,0.17909260234988428
2017-12-05,0.16100977104337877
2017-12-06,0.1543442431626477
2017-12-07,0.1742710713531677
2017-12-08,0.13930902804948322
2017-12-11,0.10084634585411667
2017-12-12,0.12432458970690966
2017-12-13,0.25803703955659907
2017-12-14,0.18991196157731305
2017-12-15,0.20296761243208097
2017-12-18,0.12326188750301802
2017-12-19,0.1459435693817285
2017-12-20,0.13784765588483586
2017-12-21,0.14590260647797898
2017-12-22,0.13043848599524843
2017-12-26,0.0510801004508831
2017-12-27,0.10298833205146589
2017-12-28,0.15830673427035122
2017-12-29,0.18280924405578589
2018-01-02,0.10801564487287528
2018-01-03,0.1757299182498083
2018-01-04,0.128361542783144
2018-01-05,0.15744632429710756
2018-01-08,0.14364604719765903
2018-01-09,0.16542552150729192
2018-01-10,0.3467379551066355
2018-01-11,0.24047598508311713
2018-01-12,0.4039589156465033
2018-01-15,0.23907428574917539
2018-01-16,0.2634024642809653
2018-01-17,0.3103693957597175
2018-01-18,0.30025195791125203
2018-01-19,0.246192725942605
2018-01-22,0.17341164356844013
2018-01-23,0.18272075324629916
2018-01-24,0.38328001852347504
2018-01-25,1.2358581620786298
2018-01-26,0.5867110918428905
2018-01-29,0.33173375495589963
2018-01-30,0.3687104224533452
2018-01-31,0.3941010640234001
2018-02-01,0.3864956154724941
2018-02-02,0.49832641233572506
2018-02-05,0.45388463562851766
2018-02-06,0.4504996425233105
2018-02-07,0.26112534750994293
2018-02-08,0.3891549476154194
2018-02-09,0.354855271725127
2018-02-12,0.1855636564644655
2018-02-13,0.27292160055391673
2018-02-14,0.5349748378553021
2018-02-15,0.42847195067854804
2018-02-16,0.30230925796170494
2018-02-19,0.2639457343661021
2018-02-20,0.24765947742644595
2018-02-21,0.3210868613586629
2018-02-22,0.2308705948346442
2018-02-23,0.16630531935521264
2018-02-26,0.20786101665444207
2018-02-27,0.2628823421282414
2018-02-28,0.18052583150886398
2018-03-01,0.3745938170534655
2018-03-02,0.3201138622929278
2018-03-05,0.23885068916603874
2018-03-06,0.2820227783438722
2018-03-07,0.3523941418091992
2018-03-08,0.2827226390289718
2018-03-09,0.2585132256477267
2018-03-12,0.16056168885728572
2018-03-13,0.2532372373044054
2018-03-14,0.15619942685061325
2018-03-15,0.18559723500281178
2018-03-16,0.15181465008763573
2018-03-19,0.18246653940733695
2018-03-20,0.16503706411040894
2018-03-21,0.21000758104926245
2018-03-22,0.2551609144002298
2018-03-23,0.19627685338206163
2018-03-26,0.1473804228111966
2018-03-27,0.16261034673566727
2018-03-28,0.2605543415696525
2018-03-29,0.19644917421231634
2018-03-30,0.1457618030747037
2018-04-02,0.10846153175952546
2018-04-03,0.16156775310859037
2018-04-04,0.16781302084324667
2018-04-05,0.13026614284948698
2018-04-06,0.2512754845768768
2018-04-09,0.11499587647622594
2018-04-10,0.2167039178327709
2018-04-11,0.2099660157341629
2018-04-12,0.1616344224868405
2018-04-13,0.13164462511428413
2018-04-16,0.16459667079360063
2018-04-17,0.16118761157259515
2018-04-18,0.14479703436853408
2018-04-19,0.17291898333124928
2018-04-20,0.16414814968538613
2018-04-23,0.15811784203836274
2018-04-24,0.16052172739468343
2018-04-25,0.1506542045668196
2018-04-26,0.2001771628949944
2018-04-27,0.16271169812142083
2018-04-30,0.18090602423863716
2018-05-01,0.13815314951465382
2018-05-02,0.3486914448641257
2018-05-03,0.22244349947881825
2018-05-04,0.21541657142196738
2018-05-07,0.1232717979295037
2018-05-08,0.21001799949747543
2018-05-09,0.1400313417611015
2018-05-10,0.1915836271171234
2018-05-11,0.13702840164049143
2018-05-14,0.11726010299243299
2018-05-15,0.2371934172609346
2018-05-16,0.16262407614825286
2018-05-17,0.1614266200381021
2018-05-18,0.13916121626519812
2018-05-21,0.1037237819506786
2018-05-22,0.13433754499668024
2018-05-23,0.21795525608294486
2018-05-24,0.14201368489053998
2018-05-25,0.16368039182957064
2018-05-28,0.10917531496241376
2018-05-29,0.36992557689904376
2018-05-30,0.21751587225431646
2018-05-31,0.20771595588402053
2018-06-01,0.22865000020094844
2018-06-04,0.15435607400774498
2018-06-05,0.1624412160391425
2018-06-06,0.16146293749081891
2018-06-07,0.2202744307441414
2018-06-08,0.23119170262366176
2018-06-11,0.14642406152296206
2018-06-12,0.18254267383193035
2018-06-13,0.2823051336262049
2018-06-14,0.3046809445531849
2018-06-15,0.20246343621107646
2018-06-18,0.10770463004120966
2018-06-19,0.19939313817061668
2018-06-20,0.1678193357551154
2018-06-21,0.25581342029663445
2018-06-22,0.12738922309671036
2018-06-25,0.16287073573365632
2018-06-26,0.14735652116836287
2018-06-27,0.1356487072150564
2018-06-28,0.19353078401591212
2018-06-29,0.25185880403245636
2018-07-02,0.16282514097439774
2018-07-03,0.12970608798128327
2018-07-04,0.0836116132121277
2018-07-05,0.10700266215157629
2018-07-06,0.14910138809182488
2018-07-09,0.14282957702275717
2018-07-10,0.12282292982709134
2018-07-11,0.16419282553936487
2018-07-12,0.1564781924938212
2018-07-13,0.1404347431995582
2018-07-16,0.13412106027793375
2018-07-17,0.2181397179991683
2018-07-18,0.12277845690748153
2018-07-19,0.251510223910378
2018-07-20,0.20983927072179634
2018-07-23,0.17144925148202572
2018-07-24,0.1307896925934541
2018-07-25,0.16208609923930886
2018-07-26,0.1578455652716123
2018-07-27,0.09404340649883348
2018-07-30,0.1220385662748835
2018-07-31,0.16064337595035244
2018-08-01,0.11444020487668409
2018-08-02,0.10662064172948671
2018-08-03,0.10337025772664588
2018-08-06,0.11272845517592495
2018-08-07,0.05467720347449335
2018-08-08,0.10072142269122028
2018-08-09,0.10885009940071767
2018-08-10,0.2065345753024044
2018-08-13,0.14295412890003065
2018-08-14,0.22884811643571967
2018-08-15,0.12834028700600256
2018-08-16,0.14190652854847632
2018-08-17,0.11408335517889277
2018-08-20,0.0846355237167014
2018-08-21,0.16226154718890565
2018-08-22,0.15372472739895499
2018-08-23,0.13629389110509404
2018-08-24,0.13866984813728384
2018-08-27,0.07478845185285857
2018-08-28,0.104662609749414
2018-08-29,0.16523554525494255
2018-08-30,0.1076046671397751
2018-08-31,0.19540099668606842
2018-09-03,0.066535516135207
2018-09-04,0.13694045970017743
2018-09-05,0.1360287706797177
2018-09-06,0.1295467450261598
2018-09-07,0.16608053449186014
2018-09-10,0.1374992494070794
2018-09-11,0.1240408385349774
2018-09-12,0.09700113944925762
2018-09-13,0.14421989541026256
2018-09-14,0.103618079877281
2018-09-17,0.12717946910709482
2018-09-18,0.13099560059278034
2018-09-19,0.14870724507279187
2018-09-20,0.22449769472211661
2018-09-21,0.19128960612575535
2018-09-24,0.1551172925775163
2018-09-25,0.1388310676652272
2018-09-26,0.2073616063479575
2018-09-27,0.18339297602387622
2018-09-28,0.15455191181294273
2018-10-01,0.19649723126157218
2018-10-02,0.11832005395862433
2018-10-03,0.12975099145102237
2018-10-04,0.1823570768822555
2018-10-05,0.14472213847237772
2018-10-08,0.10965842703371163
2018-10-09,0.09919887871018782
2018-10-10,0.1236434026358784
2018-10-11,0.2989790197191209
2018-10-12,0.13959320347678877
2018-10-15,0.16700096724895216
2018-10-16,0.15746000024831786
2018-10-17,0.13914282201741826
2018-10-18,0.16997504974313313
2018-10-19,0.1260232091586942
2018-10-22,0.21603248362086347
2018-10-23,0.12858702512846126
2018-10-24,0.15460737671393643
2018-10-25,0.13172710554731806
2018-10-26,0.1806269144894657
2018-10-29,0.12298017330896248
2018-10-30,0.10018841603698508
2018-10-31,0.21577400830195662
2018-11-01,0.1639529479926991
2018-11-02,0.17166061041128738
2018-11-05,0.10215021832528437
2018-11-06,0.07966483822736685
2018-11-07,0.36120489027247027
2018-11-08,0.1256167060351087
2018-11-09,0.14644693368715628
2018-11-12,0.1636919084372758
2018-11-13,0.16674918430467164
2018-11-14,0.17621056569828517
2018-11-15,0.25032576878079993
2018-11-16,0.2215895118066826
2018-11-19,0.1608699944503982
2018-11-20,0.13658834206382545
2018-11-21,0.1457552359236626
2018-11-22,0.10222023424776802
2018-11-23,0.1389995646549249
2018-11-26,0.1031497837832404
2018-11-27,0.1271487297679594
2018-11-28,0.2572288369072888
2018-11-29,0.17499969649729882
2018-11-30,0.10013478470638493
2018-12-03,0.1405927367974881
2018-12-04,0.12302996718113211
2018-12-05,0.087090347683465
2018-12-06,0.1811588903670061
2018-12-07,0.28706642661192255
2018-12-10,0.17339123204537032
2018-12-11,0.13728001531822837
2018-12-12,0.15829721265884664
2018-12-13,0.14984904027406432
2018-12-14,0.1202543958707365
2018-12-17,0.1572946768863452
2018-12-18,0.11638353401740252
2018-12-19,0.22095831268888466
2018-12-20,0.3005280028997961
2018-12-21,0.19808151374739771
2018-12-24,0.268721338585155
2018-12-26,0.20344088915753542
2018-12-27,0.43788505199078326
2018-12-28,0.3210858929012818
2018-12-31,0.31974013340793805
2019-01-02,0.23362443627884297
2019-01-03,0.5002753195507028
2019-01-04,0.24741075990294922
2019-01-07,0.21228269662985408
2019-01-08,0.13934364161177085
2019-01-09,0.20532398593903128
2019-01-10,0.25815672384012894
2019-01-11,0.16691155421527173
2019-01-14,0.1164907807952106
2019-01-15,0.15524143484054756
2019-01-16,0.10321457450925531
2019-01-17,0.08713321228177486
2019-01-18,0.06668469830185243
2019-01-21,0.0759098159999237
2019-01-22,0.06723827208520734
2019-01-23,0.07218608395664748
2019-01-24,0.16301014199178254
2019-01-25,0.10889212988725783
2019-01-28,0.083804823243309
2019-01-29,0.07673717314535972
2019-01-30,0.19911861537590972
2019-01-31,0.1588324067503033
2019-02-01,0.14320395382870763
2019-02-04,0.06520395719597147
2019-02-05,0.05804322314891783
2019-02-06,0.049132981110999244
2019-02-07,0.06944775204999062
2019-02-08,0.05473501112563993
2019-02-11,0.9323380921222992
2019-02-12,0.09645868639851067
2019-02-13,0.0923129779518339
2019-02-14,0.1360873621419553
2019-02-15,0.06550876218000225
2019-02-18,0.05571309205374331
2019-02-19,0.10439368225247522
2019-02-20,0.0880516754524612
2019-02-21,0.11366163743390416
2019-02-22,0.07688485946576679
2019-02-25,0.055089469450874735
2019-02-26,0.06872646304984777
2019-02-27,0.10737872924692893
2019-02-28,0.2019911732437382
2019-03-01,0.0972895228776289
2019-03-04,0.07647335698273244
2019-03-05,0.167853108140533
2019-03-06,0.06232991718442149
2019-03-07,0.11820751765409915
2019-03-08,0.08417532391393555
2019-03-11,0.06425859263078401
2019-03-12,0.08864128446306989
2019-03-13,0.09024339511232038
2019-03-14,0.07524757816619941
2019-03-15,0.10320916859018789
2019-03-18,0.0589587765970703
2019-03-19,0.06846134084182488
2019-03-20,0.3835281471568529
2019-03-21,0.11744159867887187
2019-03-22,0.1767292738964135
2019-03-25,0.07959738496211467
2019-03-26,0.083110450805441
2019-03-27,0.16667353530731266
2019-03-28,0.13130782887482198
2019-03-29,0.1203473741827799
2019-04-01,0.10864389351083442
2019-04-02,0.07843581683214688
2019-04-03,0.0774731214105566
2019-04-04,0.04989979231380007
2019-04-05,0.05230173948183172
2019-04-08,0.0495078281754608
2019-04-09,0.0704986306031764
2019-04-10,0.07365444222065885
2019-04-11,0.06678143489605282
2019-04-12,0.057670003400586436
2019-04-15,0.05299021188021673
2019-04-16,0.07893115399674068
2019-04-17,0.06508717844642709
2019-04-18,0.08778779712511431
2019-04-19,0.02680902092318628
2019-04-22,0.048912228872670827
2019-04-23,0.07979996783232406
2019-04-24,0.10404185222954523
2019-04-25,0.0867937699266203
2019-04-26,0.07452071523609603
2019-04-29,0.08399228769848492
2019-04-30,0.09732825289210299
2019-05-01,0.235297933604161
2019-05-02,0.07657541925640572
2019-05-03,0.0972743829472845
2019-05-06,0.08025268421399792
2019-05-07,0.10179829786179743
2019-05-08,0.11567125085113698
2019-05-09,0.14470910142099733
2019-05-10,0.18677267249090115
2019-05-13,0.1714845745377495
2019-05-14,0.08129472954752943
2019-05-15,0.08285828084731352
2019-05-16,0.08850740535433654
2019-05-17,0.07793670303442617
2019-05-20,0.053530513640505026
2019-05-21,0.08895973118408597
2019-05-22,0.07713903456644479
2019-05-23,0.13438956419785097
2019-05-24,0.11296210158117974
2019-05-27,0.049568275592677576
2019-05-28,0.12103769521832614
2019-05-29,0.08841725751554029
2019-05-30,0.06607846505025014
2019-05-31,0.1885897741902191
2019-06-03,0.28062854784331254
2019-06-04,0.25562372543980416
2019-06-05,0.35350290679445867
2019-06-06,0.2773660017365483
2019-06-07,0.32813478375732247
2019-06-10,0.108623355497087
2019-06-11,0.1142451245367033
2019-06-12,0.13444433473246342
2019-06-13,0.1422656776251206
2019-06-14,0.1765990980559049
2019-06-17,0.11626638949851469
2019-06-18,0.17035237843871487
2019-06-19,0.2013102385843077
2019-06-20,0.27912621384529057
2019-06-21,0.1674299276074053
2019-06-24,0.1509329968390447
2019-06-25,0.34579022745564625
2019-06-26,0.19223959259322376
2019-06-27,0.24127786827620604
2019-06-28,0.12323508200779057
2019-07-01,0.14412789443531637
2019-07-02,0.16560702648936154
2019-07-03,0.14948846404551575
2019-07-04,0.05151796613616197
2019-07-05,0.22334407043422538
2019-07-08,0.10470491224168701
2019-07-09,0.07726711071967488
2019-07-10,0.16650732471196575
2019-07-11,0.24389397951611846
2019-07-12,0.13682882784242764
2019-07-15,0.08736190002021509
2019-07-16,0.1140373584070324
2019-07-17,0.08760022805973998
2019-07-18,0.21674508189802083
2019-07-19,0.25199040317210347
2019-07-22,0.09943339344131366
2019-07-23,0.12120614301072859
2019-07-24,0.10544404675055691
2019-07-25,0.17035071909116467
2019-07-26,0.09036893343157634
2019-07-29,0.08332808795439889
2019-07-30,0.09586070641544191
2019-07-31,0.29935227164536
2019-08-01,0.21594755622632564
2019-08-02,0.1954600230832698
2019-08-05,0.3100001599087039
2019-08-06,0.24022188636605876
2019-08-07,0.39339146549681575
2019-08-08,0.16990385931168503
2019-08-09,0.18933839229303448
2019-08-12,0.1405325759114736
2019-08-13,0.4561764762948361
2019-08-14,0.2194637918716018
2019-08-15,0.21034387589530812
2019-08-16,0.11289780973558144
2019-08-19,0.11779184588224835
2019-08-20,0.09641452294863544
2019-08-21,0.0948134318591384
2019-08-22,0.11945920120662436
2019-08-23,0.3622958323208402
2019-08-26,0.37187798801232147
2019-08-27,0.16387290929370288
2019-08-28,0.09571603011048731
2019-08-29,0.14605791589630687
2019-08-30,0.14389470506657076
2019-09-02,0.10644542525400905
2019-09-03,0.25102222022970844
2019-09-04,0.14061332830214066
2019-09-05,0.1538862694063618
2019-09-06,0.14448581325664023
2019-09-09,0.11058954217266648
2019-09-10,0.11231547277003821
2019-09-11,0.07795735157313038
2019-09-12,0.38587946657680594
2019-09-13,0.13164765451694238
2019-09-16,0.1368884549469454
2019-09-17,0.1302179024186239
2019-09-18,0.1483559959106938
2019-09-19,0.3212998568021767
2019-09-20,0.12355572766445916
2019-09-23,0.11083178394963346
2019-09-24,0.1777554852931724
2019-09-25,0.11767392944168026
2019-09-26,0.11659494796393834
2019-09-27,0.15904293686158638
2019-09-30,0.1223540592475767
2019-10-01,0.21784937674467908
2019-10-02,0.13463774047915325
2019-10-03,0.4116578127150089
2019-10-04,0.26033616881452537
2019-10-07,0.15035774595069215
2019-10-08,0.11229661934969161
2019-10-09,0.10552857851290248
2019-10-10,0.15908397066739324
2019-10-11,0.11489149474234654
2019-10-14,0.10876882907831686
2019-10-15,0.12650770534279954
2019-10-16,0.09726917051808108
2019-10-17,0.15665397294663824
2019-10-18,0.15517009738112325
2019-10-21,0.10051612657756351
2019-10-22,0.08304689990010726
2019-10-23,0.08087070736186792
2019-10-24,0.09556279245795837
2019-10-25,0.09161924551704248
2019-10-28,0.061107346120779
2019-10-29,0.06967659577147678
2019-10-30,0.15013119563792948
2019-10-31,0.10570553071512842
2019-11-01,0.14673666336169175
2019-11-04,0.07998542769070238
2019-11-05,0.0955989176926172
2019-11-06,0.05913729147544622
2019-11-07,0.13456041291999632
2019-11-08,0.07738378777626548
2019-11-11,0.041034144011946064
2019-11-12,0.059256323166615554
2019-11-13,0.07544534606106139
2019-11-14,0.09691478064025587
2019-11-15,0.06694829104907205
2019-11-18,0.09167316878118607
2019-11-19,0.0818873258133239
2019-11-20,0.11919986277662656
2019-11-21,0.08833923300654963
2019-11-22,0.08856162765583896
2019-11-25,0.06956431838985352
2019-11-26,0.09856669735656166
2019-11-27,0.06293497207082009
2019-11-28,0.034828444763490216
2019-11-29,0.0764542316508192
2019-12-02,0.10713613606197793
2019-12-03,0.11195025158213723
2019-12-04,0.14993573273788308
2019-12-05,0.07445437268495185
2019-12-06,0.17285773434399673
2019-12-09,0.0670125424424783
2019-12-10,0.0730897539629964
2019-12-11,0.09977554533913198
2019-12-12,0.2128617093479735
2019-12-13,0.37995131017630956
2019-12-16,0.07363041767077178
2019-12-17,0.09239782731318054
2019-12-18,0.0958191309764157
2019-12-19,0.09984197423712853
2019-12-20,0.08582838943665977
2019-12-23,0.11498447868794721
2019-12-24,0.08081206569323054
2019-12-26,0.039253789687925096
2019-12-27,0.11307114737020073
2019-12-30,0.12447566602677498
2019-12-31,0.12918139920638244
2020-01-02,0.19678898119331317
2020-01-03,0.12672505607802062
2020-01-06,0.09539513741680496
2020-01-07,0.10098095734667302
2020-01-08,0.20000510769405683
2020-01-09,0.10569145791647262
2020-01-10,0.11485190909566016
2020-01-13,0.077985168149209
2020-01-14,0.11789229286992864
2020-01-15,0.11200022696073401
2020-01-16,0.10203221267486537
2020-01-17,0.0911312067867575
2020-01-20,0.04969469615341647
2020-01-21,0.09109293204907352
2020-01-22,0.15490786724577263
2020-01-23,0.11706811429901068
2020-01-24,0.07848452476008033
2020-01-27,0.09439734347624748
2020-01-28,0.10491535741569841
2020-01-29,0.1078276531282866
2020-01-30,0.16226795096217295
2020-01-31,0.1305358961333048
2020-02-03,0.13321093361814138
2020-02-04,0.10383165816472807
2020-02-05,0.1710865547347542
2020-02-06,0.09732744968182186
2020-02-07,0.1421276147131923
2020-02-10,0.10017842758933573
2020-02-11,0.0765339215548759
2020-02-12,0.07052657391490173
2020-02-13,0.09003012014667947
2020-02-14,0.06639012170789745
2020-02-17,0.032183054652045955
2020-02-18,0.07403880966878479
2020-02-19,0.05624534102073978
2020-02-20,0.1582392872785094
2020-02-21,0.15987900922987613
2020-02-24,0.18289446797432615
2020-02-25,0.17293108020456852
2020-02-26,0.23001676074533606
2020-02-27,0.331069234487748
2020-02-28,0.5581078821909524
2020-03-02,0.5392634956494156
2020-03-03,0.48504051583353625
2020-03-04,0.3261388755238194
2020-03-05,0.26222054311871223
2020-03-06,0.5293748588141162
2020-03-09,3.0986752336632235
2020-03-10,1.3086069909081917
2020-03-11,0.6193356225986797
2020-03-12,2.201965652986065
2020-03-13,1.3082759701381401
2020-03-16,1.413395263017546
2020-03-17,0.6732384246166029
2020-03-18,0.9405866004210548
2020-03-19,2.2853456946683903
2020-03-20,1.3477889307100142
2020-03-23,1.5095412874392804
2020-03-24,1.0227968074300646
2020-03-25,0.6643296629625632
2020-03-26,0.6340846084405268
2020-03-27,0.550828977364693
2020-03-30,0.5114863221548007
2020-03-31,0.576621176208601
2020-04-01,0.3397126014559687
2020-04-02,0.430049361499142
2020-04-03,0.3648281096326648
2020-04-06,0.31002916601261477
2020-04-07,0.25988719923541126
2020-04-08,0.2561132369294776
2020-04-09,0.25658032942959086
2020-04-10,0.07352904467860967
2020-04-13,0.2008777877879408
2020-04-14,0.1719469048941821
2020-04-15,0.24136219733826692
2020-04-16,0.32265870271945624
2020-04-17,0.29442260254058467
2020-04-20,0.1942138119822082
2020-04-21,0.2646314531633755
2020-04-22,0.13985037046480922
2020-04-23,0.3496389303893103
2020-04-24,0.2862282198007166
2020-04-27,0.1959715022221037
2020-04-28,0.27120478473761117
2020-04-29,0.21839244798008786
2020-04-30,0.5646267589505742
2020-05-01,0.18014408512643965
2020-05-04,0.1780918102495395
2020-05-05,0.26830553167763865
2020-05-06,0.16063186404333843
2020-05-07,0.17077067390832587
2020-05-08,0.1835547967383217
2020-05-11,0.15267574712242807
2020-05-12,0.1859318877498336
2020-05-13,0.18553511926719185
2020-05-14,0.18579130528056298
2020-05-15,0.15091004072907382
2020-05-18,0.31430980801760056
2020-05-19,0.1549269660304242
2020-05-20,0.12069418075269694
2020-05-21,0.14675399508015952
2020-05-22,0.09740275955983363
2020-05-25,0.06476892300544543
2020-05-26,0.16372019533834023
2020-05-27,0.32849815439522895
2020-05-28,0.2167758913871829
2020-05-29,0.297595462130689
2020-06-01,0.15058740945015842
2020-06-02,0.18381927674353973
2020-06-03,0.1762161763473764
2020-06-04,0.2066420249799369
2020-06-05,0.41669540576825886
2020-06-08,0.2107779219530178
2020-06-09,0.1671584762484204
2020-06-10,0.20253437542574823
2020-06-11,0.23720264754305775
2020-06-12,0.23718021561679095
2020-06-15,0.3156250071784177
2020-06-16,0.24125684797129654
2020-06-17,0.19226492518645097
2020-06-18,0.18252088407138328
2020-06-19,0.15353094013803706
2020-06-22,0.1662952983013605
2020-06-23,0.1718568884898842
2020-06-24,0.18088540268826064
2020-06-25,0.14440690166189218
2020-06-26,0.09892394544165774
2020-06-29,0.1268713711353278
2020-06-30,0.22024235642033008
2020-07-01,0.14785427147066793
2020-07-02,0.1289015587184479
2020-07-03,0.06260094928352075
2020-07-06,0.10724736937841331
2020-07-07,0.12938262057490094
2020-07-08,0.09131840122904095
2020-07-09,0.186406432845889
2020-07-10,0.09428403979974866
2020-07-13,0.11845006338939075
2020-07-14,0.0842668152547312
2020-07-15,0.1646491451183929
2020-07-16,0.12795570213878205
2020-07-17,0.10473242331359917
2020-07-20,0.17412597236275135
2020-07-21,0.1584460234957329
2020-07-22,0.1756100628599867
2020-07-23,0.14541330468667552
2020-07-24,0.16022354363851002
2020-07-27,0.3552393957962986
2020-07-28,0.22770120443629546
2020-07-29,0.2342845485866319
2020-07-30,0.16725212351327443
2020-07-31,0.3174404431210055
2020-08-03,0.2444483117483
2020-08-04,0.23614659802539112
2020-08-05,0.25837405804764907
2020-08-06,0.24931801758883007
2020-08-07,0.3503530071228034
2020-08-10,0.17601737769721218
2020-08-11,0.19968285560785382
2020-08-12,0.23357456515369457
2020-08-13,0.17059104184769852
2020-08-14,0.16428251434817867
2020-08-17,0.17314086879413867
2020-08-18,0.21303507942565816
2020-08-19,0.29039289363457155
2020-08-20,0.3379699333479009
2020-08-21,0.23975137165746263
2020-08-24,0.17542115879400544
2020-08-25,0.23334346595502564
2020-08-26,0.17180180520978183
2020-08-27,0.4879235274029948
2020-08-28,0.28347431866432693
2020-08-31,0.23021827566984404
2020-09-01,0.40487612525265876
2020-09-02,0.25148578163019314
2020-09-03,0.22761434708935974
2020-09-04,0.1794772522289237
2020-09-07,0.12053050042115222
2020-09-08,0.23321820122237488
2020-09-09,0.14073295453430246
2020-09-10,0.21666135803927142
2020-09-11,0.130992840821389
2020-09-14,0.11489769854488367
2020-09-15,0.17545410256909078
2020-09-16,0.2718760302970346
2020-09-17,0.20510899272939792
2020-09-18,0.10905858382330456
2020-09-21,0.28137259579334345
2020-09-22,0.21767063472034104
2020-09-23,0.19614411592860592
2020-09-24,0.25431955686662167
2020-09-25,0.1751318698633293
2020-09-28,0.14382739957058327
2020-09-29,0.16452427309695786
2020-09-30,0.29111652026330065
2020-10-01,0.22296111324811632
2020-10-02,0.1537094416098512
2020-10-05,0.1753645150753642
2020-10-06,0.1709411297646099
2020-10-07,0.1222822169524835
2020-10-08,0.0955844570159184
2020-10-09,0.13452600015372806
2020-10-12,0.12526484487306896
2020-10-13,0.1300455416168718
2020-10-14,0.13316691996838576
2020-10-15,0.1176321522916288
2020-10-16,0.11691903410422183
2020-10-19,0.09253506140930338
2020-10-20,0.1178459341151396
2020-10-21,0.1129799555602281
2020-10-22,0.10384574909743204
2020-10-23,0.134731219640046
2020-10-26,0.10300556491119366
2020-10-27,0.12317290714811004
2020-10-28,0.1492156801639142
2020-10-29,0.2006035832637897
2020-10-30,0.1371079155216151
2020-11-02,0.11153731420462236
2020-11-03,0.12551501910677124
2020-11-04,0.6026051095788412
2020-11-05,0.27814943806865144
2020-11-06,0.3254053743203244
2020-11-09,0.43456682974225186
2020-11-10,0.3218696281671742
2020-11-11,0.15730254574837582
2020-11-12,0.1529885309812375
2020-11-13,0.11804302276786115
2020-11-16,0.1441505211070551
2020-11-17,0.1388495236771536
2020-11-18,0.11286679375965444
2020-11-19,0.1369754973401865
2020-11-20,0.08243977086655177
2020-11-23,0.18773513529351496
2020-11-24,0.15604471000095793
2020-11-25,0.19218774327749552
2020-11-26,0.10660007654324936
2020-11-27,0.09186451181130334
2020-11-30,0.19673114275843803
2020-12-01,0.20955759555949657
2020-12-02,0.21654608322652144
2020-12-03,0.1621056353765069
2020-12-04,0.15917399893539727
2020-12-07,0.16239861254596655
2020-12-08,0.0971105400566965
2020-12-09,0.16678964905589716
2020-12-10,0.17791215126578072
2020-12-11,0.1286255589425554
2020-12-14,0.14436982402940732
2020-12-15,0.16321624076517113
2020-12-16,0.28433960774743045
2020-12-17,0.18171414964229732
2020-12-18,0.16036368341907964
2020-12-21,0.3204875860382073
2020-12-22,0.1671833793427678
2020-12-23,0.20701893961801435
2020-12-24,0.11354744365193424
2020-12-28,0.21199784586950818
2020-12-29,0.1568098358113729
2020-12-30,0.24091710481843853
2020-12-31,0.17936211578955563
2021-01-04,0.25121658936204655
2021-01-05,0.13865954400200484
2021-01-06,0.25655990334423084
2021-01-07,0.21645687595604607
2021-01-08,0.34771473408948345
2021-01-11,0.24930566831227374
2021-01-12,0.1642439013440748
2021-01-13,0.1870314456094649
2021-01-14,0.21294583257621655
2021-01-15,0.15695795572439952
2021-01-18,0.11115873015237289
2021-01-19,0.13482451585876992
2021-01-20,0.18222650566527665
2021-01-21,0.19306385999827738
2021-01-22,0.1292348828692472
2021-01-25,0.13035424564946116
2021-01-26,0.091712662483422
2021-01-27,0.18256535474144836
2021-01-28,0.17606376022981815
2021-01-29,0.16382535702671125
2021-02-01,0.19791784286889744
2021-02-02,0.2193428158942127
2021-02-03,0.1110093816628813
2021-02-04,0.11081120039796666
2021-02-05,0.1303912611914466
2021-02-08,0.11059276790960734
2021-02-09,0.10246016267456004
2021-02-10,0.11223288565864868
2021-02-11,0.07093048753854798
2021-02-12,0.0949198534817585
2021-02-15,0.06042742818960247
2021-02-16,0.12624007528955108
2021-02-17,0.16508532139180046
2021-02-18,0.12694603866169274
2021-02-19,0.10071106959211647
2021-02-22,0.23292281383913127
2021-02-23,0.2043752981934622
2021-02-24,0.27419075159859513
2021-02-25,0.3153809720210596
2021-02-26,0.3344075096600256
2021-03-01,0.16955542393792106
2021-03-02,0.16419094626854244
2021-03-03,0.19432913315647796
2021-03-04,0.23204585030816507
2021-03-05,0.3915066548805794
2021-03-08,0.19520334579127657
2021-03-09,0.1957785362745839
2021-03-10,0.2539680001524183
2021-03-11,0.2710365581358261
2021-03-12,0.23377119686017098
2021-03-15,0.19409291032329218
2021-03-16,0.19712353850021166
2021-03-17,0.25079812496706994
2021-03-18,0.37468287744697953
2021-03-19,0.15925335305931113
2021-03-22,0.2293495711774173
2021-03-23,0.18912562987988063
2021-03-24,0.12027569532716019
2021-03-25,0.19548129934724837
2021-03-26,0.11841053237964343
2021-03-29,0.13662178380887274
2021-03-30,0.1258065725352079
2021-03-31,0.17723849012782372
2021-04-01,0.21480340944977128
2021-04-02,0.15977428712556735
2021-04-05,0.12093953056016382
2021-04-06,0.1680080295767727
2021-04-07,0.20587987169673497
2021-04-08,0.1326385537215597
2021-04-09,0.18376281412586565
2021-04-12,0.1790865752453579
2021-04-13,0.19415681942239177
2021-04-14,0.17357909710801916
2021-04-15,0.16474100856858587
2021-04-16,0.15981966981791262
2021-04-19,0.1987925713882218
2021-04-20,0.12626602948161467
2021-04-21,0.17731735853084876
2021-04-22,0.1358216495058849
2021-04-23,0.12730232224258595
2021-04-26,0.13778630921608817
2021-04-27,0.1364118410734527
2021-04-28,0.2834334989741683
2021-04-29,0.17336829814893517
2021-04-30,0.16351098038660192
2021-05-03,0.1761542118044184
2021-05-04,0.18544022518689735
2021-05-05,0.10248327059422145
2021-05-06,0.14344226550666409
2021-05-07,0.49945401695319536
2021-05-10,0.1962910477195444
2021-05-11,0.1524045116326252
2021-05-12,0.39486750108550295
2021-05-13,0.16530059130857505
2021-05-14,0.13702729030525174
2021-05-17,0.11975446562516107
2021-05-18,0.1531221792038336
2021-05-19,0.23113542830701087
2021-05-20,0.1563059175738418
2021-05-21,0.16690486150493203
2021-05-24,0.14798065064128088
2021-05-25,0.13825573676195643
2021-05-26,0.14251828171372813
2021-05-27,0.16817123404355436
2021-05-28,0.14622208483501148
2021-05-31,0.10141377473816614
2021-06-01,0.10234669479447471
2021-06-02,0.13673499108447157
2021-06-03,0.15196083538797592
2021-06-04,0.2368157436896943
2021-06-07,0.12056248077017469
2021-06-08,0.09127146611683763
2021-06-09,0.09677217128996884
2021-06-10,0.16869916619337022
2021-06-11,0.10371157346043698
2021-06-14,0.10845211966939658
2021-06-15,0.1065469058165708
2021-06-16,0.4530255997565275
2021-06-17,0.2419423128265295
2021-06-18,0.3071548752694621
2021-06-21,0.1870550047721657
2021-06-22,0.1258855239550982
2021-06-23,0.10290800005122448
2021-06-24,0.12403931115438462
2021-06-25,0.10592709986550042
2021-06-28,0.14482498397012522
2021-06-29,0.1119429986526757
2021-06-30,0.16884212720040187
2021-07-01,0.14031992181111919
2021-07-02,0.21851138108163093
2021-07-05,0.09343426483402416
2021-07-06,0.17522902838198123
2021-07-07,0.17366225488656456
2021-07-08,0.2323202578819726
2021-07-09,0.10651730203637598
2021-07-12,0.12815931533968825
2021-07-13,0.23569154573200973
2021-07-14,0.1501648810816005
2021-07-15,0.13392529725768298
2021-07-16,0.1324816352949751
2021-07-19,0.14490453055718758
2021-07-20,0.14873206925004265
2021-07-21,0.10448127715397679
2021-07-22,0.18529793910096998
2021-07-23,0.10158437849943397
2021-07-26,0.13099549296513793
2021-07-27,0.14710366591732635
2021-07-28,0.17875817727239332
2021-07-29,0.10638557415847913
2021-07-30,0.11976540513616021
2021-08-02,0.14867265100283783
2021-08-03,0.08120420514867989
2021-08-04,0.14106425415424328
2021-08-05,0.11253907747349125
2021-08-06,0.1493705578155022
2021-08-09,0.15966217637475313
2021-08-10,0.12901555928468977
2021-08-11,0.16075050643913008
2021-08-12,0.07381257922713415
2021-08-13,0.08024140805350047
2021-08-16,0.10485353999625155
2021-08-17,0.17653164733665763
2021-08-18,0.20972430725473884
2021-08-19,0.16378348169856724
2021-08-20,0.13549576113386477
2021-08-23,0.16675726757771223
2021-08-24,0.14910546334476849
2021-08-25,0.19259943900884688
2021-08-26,0.1813789558431565
2021-08-27,0.2009909922191786
2021-08-30,0.16122418068907168
2021-08-31,0.2167482261914904
2021-09-01,0.14661449212596453
2021-09-02,0.12418670079824903
2021-09-03,0.30345973163121426
2021-09-06,0.06751146166026621
2021-09-07,0.12150432041336383
2021-09-08,0.15796531055263488
2021-09-09,0.2016358440216031
2021-09-10,0.1218061584637867
2021-09-13,0.10039745337701346
2021-09-14,0.1613687424117442
2021-09-15,0.1388643945859383
2021-09-16,0.1871222298104064
2021-09-17,0.11645818760910073
2021-09-20,0.12816630232026155
2021-09-21,0.15085516459241732
2021-09-22,0.387726599661949
2021-09-23,0.24204179141320648
2021-09-24,0.12259786417683366
2021-09-27,0.19975519049593407
2021-09-28,0.24729161897072258
2021-09-29,0.18876103291182178
2021-09-30,0.177414124933137
2021-10-01,0.21451900352217992
2021-10-04,0.1649466383704295
2021-10-05,0.1158026546794906
2021-10-06,0.13036208183223155
2021-10-07,0.12410954045315771
2021-10-08,0.1446047605217479
2021-10-11,0.09117818269177441
2021-10-12,0.13167981134769643
2021-10-13,0.14841696969908424
2021-10-14,0.13106765320770905
2021-10-15,0.14634852847877272
2021-10-18,0.1631799291811274
2021-10-19,0.10331925243879625
2021-10-20,0.11763710695775023
2021-10-21,0.09078881023430543
2021-10-22,0.11207704927598255
2021-10-25,0.13885150204058874
2021-10-26,0.13006532181415717
2021-10-27,0.13682587073914676
2021-10-28,0.2165960380966928
2021-10-29,0.24010265992213212
2021-11-01,0.13938702240694614
2021-11-02,0.16127863595573452
2021-11-03,0.23709374871746955
2021-11-04,0.128303761471629
2021-11-05,0.19017523157872274
2021-11-08,0.15131128782426317
2021-11-09,0.16971528502957003
2021-11-10,0.235677447554742
2021-11-11,0.14479737559163128
2021-11-12,0.12888792936419394
2021-11-15,0.16334040249996393
2021-11-16,0.1901071184718658
2021-11-17,0.18074624909676862
2021-11-18,0.16809347799146993
2021-11-19,0.2739266403674706
2021-11-22,0.2325874467164977
2021-11-23,0.23675961280707988
2021-11-24,0.19812597304448762
2021-11-25,0.08092818961604209
2021-11-26,0.386971046002936
2021-11-29,0.22431639086969354
2021-11-30,0.4721340432126293
2021-12-01,0.27623841195090443
2021-12-02,0.17493326191853836
2021-12-03,0.2090189466866652
2021-12-06,0.17290645016430556
2021-12-07,0.16714307889465932
2021-12-08,0.1754481552379104
2021-12-09,0.1776185116531054
2021-12-10,0.2589266326059378
2021-12-13,0.14003940392939007
2021-12-14,0.16569940819865533
2021-12-15,0.18518162818982428
2021-12-16,0.23611716091505047
2021-12-17,0.1561060482568533
2021-12-20,0.16265869319350612
2021-12-21,0.1429342752589083
2021-12-22,0.12901412067487297
2021-12-23,0.12840642543094194
2021-12-27,0.14225675382949243
2021-12-28,0.09758749388605448
2021-12-29,0.14071084554256588
2021-12-30,0.19948013234225237
2021-12-31,0.17569370373740917
2022-01-03,0.232336780995246
2022-01-04,0.20441177732274543
2022-01-05,0.18670951891765805
2022-01-06,0.20273111017695195
2022-01-07,0.14688552274024885
2022-01-10,0.1496126872117972
2022-01-11,0.13114139519110754
2022-01-12,0.17138890449871935
2022-01-13,0.2326688379566732
2022-01-14,0.18465345381541773
2022-01-17,0.1206617532890363
2022-01-18,0.2005096849571476
2022-01-19,0.13929360581392927
2022-01-20,0.1488356589184393
2022-01-21,0.15169419976372464
2022-01-24,0.1507365879118001
2022-01-25,0.11637935953648079
2022-01-26,0.16320513085856514
2022-01-27,0.21794403146198443
2022-01-28,0.2188456651190163
2022-01-31,0.20266801060239026
2022-02-01,0.1950028130821038
2022-02-02,0.13290355826746714
2022-02-03,0.2377938561215215
2022-02-04,0.3004105416576099
2022-02-07,0.12778431212061347
2022-02-08,0.12077172096072307
2022-02-09,0.11093416672719057
2022-02-10,0.4409150420352407
2022-02-11,0.26564719170865086
2022-02-14,0.1941290312419845
2022-02-15,0.17793462772645507
2022-02-16,0.1084096111358554
2022-02-17,0.17706369031030897
2022-02-18,0.11634394949281839
2022-02-21,0.129623964562767
2022-02-22,0.17355776326845704
2022-02-23,0.11564651552462651
2022-02-24,0.4442194405947912
2022-02-25,0.20398566947819838
2022-02-28,0.4493314406198932
2022-03-01,0.2864400947050851
2022-03-02,0.2973226912658256
2022-03-03,0.19429701287687368
2022-03-04,0.3090647423457698
2022-03-07,0.35182291700218254
2022-03-08,0.24513946485694996
2022-03-09,0.1866407120275313
2022-03-10,0.32688380414521306
2022-03-11,0.2052933429415661
2022-03-14,0.19301530330378774
2022-03-15,0.2694571305374243
2022-03-16,0.3103049023371362
2022-03-17,0.22549334289016562
2022-03-18,0.18487663504010457
2022-03-21,0.21739615539544602
2022-03-22,0.17226445154481462
2022-03-23,0.19813691691588758
2022-03-24,0.16826139878236454
2022-03-25,0.1725138989921823
2022-03-28,0.2478702860122552
2022-03-29,0.2924157432805368
2022-03-30,0.26379036458070904
2022-03-31,0.26714554232374593
2022-04-01,0.18559820807385635
2022-04-04,0.18103776479023181
2022-04-05,0.15053043925359125
2022-04-06,0.19701600250922574
2022-04-07,0.15499291136076823
2022-04-08,0.11852708481416037
2022-04-11,0.1783364594518536
2022-04-12,0.23286381472182452
2022-04-13,0.22216192099702783
2022-04-14,0.2727336103078967
2022-04-15,0.14583711154287352
2022-04-18,0.16477859460215694
2022-04-19,0.3077348311972062
2022-04-20,0.24013894537181674
2022-04-21,0.3504681176000427
2022-04-22,0.20424880682915478
2022-04-25,0.26325799050612325
2022-04-26,0.18341269530314996
2022-04-27,0.20245855535586754
2022-04-28,0.544380075818191
2022-04-29,0.3781122255789053
2022-05-02,0.2530321116013289
2022-05-03,0.27714005348256954
2022-05-04,0.9168292124136384
2022-05-05,0.5554357760308837
2022-05-06,0.7693748269678891
2022-05-09,0.4679947506422577
2022-05-10,0.29193405687993845
2022-05-11,0.5495911634493402
2022-05-12,0.3955039382009376
2022-05-13,0.26224629822787043
2022-05-16,0.2737160774463465
2022-05-17,0.27291943032660837
2022-05-18,0.4546851910383371
2022-05-19,0.5121454797265143
2022-05-20,0.3409501921872963
2022-05-23,0.399664023093499
2022-05-24,0.39982708663248
2022-05-25,0.30555993614459964
2022-05-26,0.20089830612907336
2022-05-27,0.2716451538089514
2022-05-30,0.18338210856728743
2022-05-31,0.33185996267847434
2022-06-01,0.3265248994983325
2022-06-02,0.537883598152678
2022-06-03,0.24365676529991664
2022-06-06,0.18273906788209357
2022-06-07,0.29662929160365065
2022-06-08,0.2574503832921369
2022-06-09,0.3929218235716219
2022-06-10,0.3739575308319945
2022-06-13,0.5003866914805044
2022-06-14,0.4198139302944905
2022-06-15,0.9658815264652453
2022-06-16,4.123029428478112
2022-06-17,0.7254356759724682
2022-06-20,0.3609578138881658
2022-06-21,0.40789779011891686
2022-06-22,0.3867015098626101
2022-06-23,0.4747478269358297
2022-06-24,0.5279262583496372
2022-06-27,0.34076056321974774
2022-06-28,0.3470805577846671
2022-06-29,0.35991529046161547
2022-06-30,0.4623692078476793
2022-07-01,0.3850923608987515
2022-07-04,0.17582288285665526
2022-07-05,0.3574795655585898
2022-07-06,0.4309296716741484
2022-07-07,0.3686451822782099
2022-07-08,0.43925274216972104
2022-07-11,0.23762758142755067
2022-07-12,0.24631583070557214
2022-07-13,0.6514527519257307
2022-07-14,0.46596034234901695
2022-07-15,0.3561181980898924
2022-07-18,0.2736894856862577
2022-07-19,0.283139795290226
2022-07-20,0.23581888879734564
2022-07-21,0.45879919356820464
2022-07-22,0.3847465646938962
2022-07-25,0.20270924765136605
2022-07-26,0.23475562857847196
2022-07-27,0.39171772126066945
2022-07-28,0.5081437048104249
2022-07-29,0.43716458494818583
2022-08-01,0.2600249382189087
2022-08-02,0.32115885990559634
2022-08-03,0.38593366059668605
2022-08-04,0.22089319795156004
2022-08-05,0.47284748880348765
2022-08-08,0.2298414969403735
2022-08-09,0.14846451725480758
2022-08-10,0.5926491032377224
2022-08-11,0.20564071776393553
2022-08-12,0.2939228061375445
2022-08-15,0.19752968896188397
2022-08-16,0.2451971528514871
2022-08-17,0.30719484896296906
2022-08-18,0.24264832216059157
2022-08-19,0.22507066589291996
2022-08-22,0.3093339570449725
2022-08-23,0.4317074814922755
2022-08-24,0.25320825974698746
2022-08-25,0.26493083029384185
2022-08-26,0.583990921437086
2022-08-29,0.3944663527718838
2022-08-30,0.45713987467568346
2022-08-31,0.3529498881201623
2022-09-01,0.5625033779211527
2022-09-02,0.38280154140246836
2022-09-05,0.2772912421897561
2022-09-06,0.43634174324755215
2022-09-07,0.3991761698385116
2022-09-08,0.4167780534010137
2022-09-09,0.9115076661481833
2022-09-12,0.3552180014412092
2022-09-13,0.6501171365687239
2022-09-14,0.34981067641880653
2022-09-15,0.37344519850964697
2022-09-16,0.31150182863496295
2022-09-19,0.29604788486932465
2022-09-20,0.33118053202560943
2022-09-21,0.768728232944734
2022-09-22,2.5475972759359835
2022-09-23,0.5729691142398838
2022-09-26,0.9357582005365813
2022-09-27,0.577369766025788
2022-09-28,0.8183978630148513
2022-09-29,0.8141700315796625
2022-09-30,0.7613711071570148
2022-10-03,0.7171482635320927
2022-10-04,0.5238985066024994
2022-10-05,0.5702696322814971
2022-10-06,0.3938103422688006
2022-10-07,0.49302956791918634
2022-10-10,0.3028953513496174
2022-10-11,0.38563001748200487
2022-10-12,0.5331324297543246
2022-10-13,0.9835419976147012
2022-10-14,0.6091830454565984
2022-10-17,0.42830215322125953
2022-10-18,0.4557342140553065
2022-10-19,0.3328588401030884
2022-10-20,0.48676022231344085
2022-10-21,1.075869358195346
2022-10-24,0.9442546852395113
2022-10-25,0.4080841098067816
2022-10-26,0.5057796931846384
2022-10-27,0.4364799810294587
2022-10-28,0.403731672437552
2022-10-31,0.4204173647762481
2022-11-01,0.44067630667412766
2022-11-02,0.6607430325695478
2022-11-03,0.42140969398748895
2022-11-04,0.6009425863486115
2022-11-07,0.5104789970426127
2022-11-08,0.31568924345474597
2022-11-09,0.5423623252374367
2022-11-10,1.6452323177620118
2022-11-11,1.7191747547378962
2022-11-14,0.6509727733846371
2022-11-15,1.0796827191638299
2022-11-16,0.5238352742553184
2022-11-17,0.4260123303726021
2022-11-18,0.28826384123813753
2022-11-21,0.28718420930840377
2022-11-22,0.22910934398639649
2022-11-23,0.46965032165771425
2022-11-24,0.3022246954501088
2022-11-25,0.3994718928305697
2022-11-28,0.49291560031153536
2022-11-29,0.46060116475619
2022-11-30,0.6718461275430581
2022-12-01,0.5534257017489433
2022-12-02,1.05737989434705
2022-12-05,0.5029638059303689
2022-12-06,0.3969602531634822
2022-12-07,0.44264866609567266
2022-12-08,0.294341490421772
2022-12-09,0.3360050585414565
2022-12-12,0.25491044981950833
2022-12-13,0.6688759323992003
2022-12-14,0.7496559066848886
2022-12-15,0.8173750106331884
2022-12-16,0.32886549075703364
2022-12-19,0.27889665536350694
2022-12-20,0.6179178689227791
2022-12-21,0.2690836339126269
2022-12-22,0.34354068569125895
2022-12-23,0.256396322575653
2022-12-26,0.21738953447938222
2022-12-27,0.2858459288985529
2022-12-28,0.29847306079687674
2022-12-29,0.33855803385623134
2022-12-30,0.5085698156886042
2023-01-03,0.6743366950188305
2023-01-04,0.45199872696022775
2023-01-05,0.4511156915818
2023-01-06,0.7531520311337987
2023-01-09,0.37361409066313106
2023-01-10,0.2812236572850177
2023-01-11,0.4058414616940314
2023-01-12,0.7269586906504719
2023-01-13,0.4595903978031864
2023-01-16,0.4228280278500174
2023-01-17,0.517053690186747
2023-01-18,0.5478204861213346
2023-01-19,0.3561180190361106
2023-01-20,0.37026767054223947
2023-01-23,0.3472010363751238
2023-01-24,0.3023469058737659
2023-01-25,0.2635624575295844
2023-01-26,0.30375787209398464
2023-01-27,0.33367898484045067
2023-01-30,0.26401376411647626
2023-01-31,0.4216835024254012
2023-02-01,0.466389018666575
2023-02-02,0.39378031618866793
2023-02-03,0.8251023386871353
2023-02-06,0.3170438141818145
2023-02-07,0.4898885994716947
2023-02-08,0.26153105214279465
2023-02-09,0.26899976627224015
2023-02-10,0.29587409686137006
2023-02-13,0.23614650605819512
2023-02-14,0.7039944562176188
2023-02-15,0.3146134171059021
2023-02-16,0.27166377485891313
2023-02-17,0.3390371461994842
2023-02-20,0.1588492994186595
2023-02-21,0.30590886666788436
2023-02-22,0.23959601379702986
2023-02-23,0.21690909426310573
2023-02-24,0.2288391534172263
2023-02-27,0.2270891891703339
2023-02-28,0.308590528414677
2023-03-01,0.3520492734624465
2023-03-02,0.253198049562796
2023-03-03,0.2958981441213221
2023-03-06,0.3200002900905486
2023-03-07,0.48720046963124947
2023-03-08,0.319038991634886
2023-03-09,0.24655105082214931
2023-03-10,0.6562777521258845
2023-03-13,1.0375901979723543
2023-03-14,0.6700612381271023
2023-03-15,1.0122093425412582
2023-03-16,0.66834694988364
2023-03-17,0.35082407651777975
2023-03-20,0.616235097206353
2023-03-21,0.3314058191577812
2023-03-22,0.7047527833729379
2023-03-23,0.604326588654766
2023-03-24,0.2893072693080094
2023-03-27,0.31554392314379676
2023-03-28,0.2982978937518335
2023-03-29,0.2091715134380152
2023-03-30,0.19009134522621424
2023-03-31,0.29205428140592177
2023-04-03,0.33046285199684317
2023-04-04,0.23357633299687341
2023-04-05,0.1901429024444747
2023-04-06,0.17851990331238315
2023-04-07,0.27171365383598184
2023-04-10,0.16930029124874743
2023-04-11,0.17583126876229085
2023-04-12,0.4157718291356607
2023-04-13,0.3664096258738144
2023-04-14,0.4114037654391442
2023-04-17,0.16530721667323656
2023-04-18,0.17358588664809785
2023-04-19,0.22707077263406744
2023-04-20,0.1960432599674603
2023-04-21,0.2794752010110936
2023-04-24,0.1752387012045728
2023-04-25,0.16899859407708304
2023-04-26,0.28019121498498156
2023-04-27,0.2951994939648403
2023-04-28,0.3478584046874707
2023-05-01,0.29519230347848735
2023-05-02,0.2689095277295559
2023-05-03,0.35065062610082853
2023-05-04,0.40950062785804897
2023-05-05,0.38126319221926286
2023-05-08,0.14206766434985715
2023-05-09,0.1770256590945587
2023-05-10,0.30161306521786785
2023-05-11,0.3271282464678288
2023-05-12,0.1831093182052141
2023-05-15,0.13390934207018126
2023-05-16,0.14865511717804308
2023-05-17,0.2154525767166611
2023-05-18,0.1781744827069641
2023-05-19,0.28351215988455325
2023-05-22,0.2429252379845495
2023-05-23,0.20870410975091858
2023-05-24,0.22711904762627255
2023-05-25,0.2188379497945849
2023-05-26,0.2518085184817615
2023-05-29,0.10167402667763598
2023-05-30,0.24301717263719871
2023-05-31,0.2634766051127494
2023-06-01,0.1908364396726038
2023-06-02,0.23392391283790742
2023-06-05,0.3010477617356548
2023-06-06,0.1654705065848329
2023-06-07,0.16742825227761157
2023-06-08,0.21098468547821903
2023-06-09,0.14308252958749434
2023-06-12,0.25650591278255336
2023-06-13,0.3137157123044528
2023-06-14,0.40069735963946834
2023-06-15,0.37253443700866057
2023-06-16,0.2299501625851467
2023-06-19,0.12640334471017284
2023-06-20,0.18369290030366656
2023-06-21,0.1906742745987816
2023-06-22,0.4258404043995877
2023-06-23,0.19586612826907873
2023-06-26,0.15691021750368242
2023-06-27,0.2223568030698837
2023-06-28,0.17859291507738462
2023-06-29,0.24705971574739508
2023-06-30,0.20240998645517475
2023-07-03,0.188719666791562
2023-07-04,0.1119471311047077
2023-07-05,0.15984556099305483
2023-07-06,0.31431214343088026
2023-07-07,0.25365739563361434
2023-07-10,0.1745467243786708
2023-07-11,0.13967474872367183
2023-07-12,0.46465549591528
2023-07-13,0.33699453878774865
2023-07-14,0.24207451087036214
2023-07-17,0.2557359376131513
2023-07-18,0.3721715876727618
2023-07-19,0.298949027531254
2023-07-20,0.3565037465332767
2023-07-21,0.1664246711636083
2023-07-24,0.31100101848150985
2023-07-25,0.21507461137579992
2023-07-26,0.32864418147745433
2023-07-27,0.43122917545971756
2023-07-28,0.4001733755988347
2023-07-31,0.2657424774161011
2023-08-01,0.2549949218070994
2023-08-02,0.4048198778369373
2023-08-03,0.36213857684431466
2023-08-04,0.28164934496103816
2023-08-07,0.22132247630015045
2023-08-08,0.17607878123692716
2023-08-09,0.21404603164241126
2023-08-10,0.25516056375407487
2023-08-11,0.2545012910939944
2023-08-14,0.21594045117384666
2023-08-15,0.3096942437251464
2023-08-16,0.19896788822537473
2023-08-17,0.18114655430077864
2023-08-18,0.16604304920502064
2023-08-21,0.14114151883101805
2023-08-22,0.1587197620700638
2023-08-23,0.321955003101357
2023-08-24,0.17479736343366042
2023-08-25,0.319561894275348
2023-08-28,0.1381041374926243
2023-08-29,0.33945099110418325
2023-08-30,0.18773598643271927
2023-08-31,0.18299656774722523
2023-09-01,0.3492173194839632
2023-09-04,0.0744367389828379
2023-09-05,0.17077044478181175
2023-09-06,0.2462488006391805
2023-09-07,0.09638693254766582
2023-09-08,0.13182405949951403
2023-09-11,0.1505750326612532
2023-09-12,0.12021936502213157
2023-09-13,0.17730794555378096
2023-09-14,0.2632227877748642
2023-09-15,0.11691183610665279
2023-09-18,0.10881164569849226
2023-09-19,0.13469235189220133
2023-09-20,0.3450395648869012
2023-09-21,0.84679853722588
2023-09-22,0.21345128286883158
2023-09-25,0.1551927276714469
2023-09-26,0.1264590503165697
2023-09-27,0.22416922850336832
2023-09-28,0.27920615594805115
2023-09-29,0.29873412889279105
2023-10-02,0.19342443059471495
2023-10-03,0.42196937974813054
2023-10-04,0.3002839735784844
2023-10-05,0.2075085293388655
2023-10-06,0.6915912556864977
2023-10-09,0.2080208430867708
2023-10-10,0.31713279622637447
2023-10-11,0.2336858416807967
2023-10-12,0.2639883821980439
2023-10-13,0.2736763974337265
2023-10-16,0.20738485150626698
2023-10-17,0.25010866149918715
2023-10-18,0.299759834355804
2023-10-19,0.30946272892745363
2023-10-20,0.2547089565127287
2023-10-23,0.21450593583989358
2023-10-24,0.1667353355905434
2023-10-25,0.13092187709036618
2023-10-26,0.157059227555613
2023-10-27,0.3056210238561505
2023-10-30,0.15661432361868746
2023-10-31,0.22079476590519082
2023-11-01,0.19362503597577882
2023-11-02,0.18149106600272247
2023-11-03,0.4168735210025272
2023-11-06,0.13832150032227225
2023-11-07,0.1322345628053005
2023-11-08,0.1272870973890023
2023-11-09,0.17832117433099934
2023-11-10,0.16803984030346336
2023-11-13,0.10046494703198244
2023-11-14,0.5594748959193085
2023-11-15,0.20299660310631373
2023-11-16,0.13874639459081115
2023-11-17,0.16489298888097023
2023-11-20,0.1431636016552714
2023-11-21,0.13403819401023354
2023-11-22,0.20822540157276598
2023-11-23,0.10094172006796522
2023-11-24,0.14964256173862892
2023-11-27,0.15498343342927748
2023-11-28,0.18310215510382424
2023-11-29,0.31508068383307497
2023-11-30,0.3978063013132806
2023-12-01,0.2996756259877128
2023-12-04,0.4365435872129023
2023-12-05,0.21441311856376818
2023-12-06,0.16875781681026458
2023-12-07,0.28738845615324365
2023-12-08,0.46163608299148157
2023-12-11,0.15399753729459909
2023-12-12,0.2514311965953474
2023-12-13,0.42751599640970106
2023-12-14,0.6247895338926635
2023-12-15,0.23891897291152084
2023-12-18,0.17243270795276253
2023-12-19,0.24424076772871298
2023-12-20,0.19951395146549428
2023-12-21,0.2600887767683476
2023-12-22,0.22462640566474368
2023-12-26,0.14293918345957274
2023-12-27,0.40845145001421634
2023-12-28,0.5523688581314994
2023-12-29,0.5824073910046675
2024-01-02,0.48011713246490856
2024-01-03,0.5001961160250722
2024-01-04,0.3188535246971674
2024-01-05,0.6707024301758185
2024-01-08,0.2726410637463607
2024-01-09,0.24239184784753284
2024-01-10,0.1377908640714795
2024-01-11,0.45096427527499894
2024-01-12,0.2719452015903447
2024-01-15,0.1446370980802647
2024-01-16,0.2765029955567319
2024-01-17,0.33118077296287424
2024-01-18,0.1938643469192144
2024-01-19,0.162916856361846
2024-01-22,0.17829095023668914
2024-01-23,0.17157393413338287
2024-01-24,0.25209128982090856
2024-01-25,0.22704416731168603
2024-01-26,0.2351599380361304
2024-01-29,0.22199692909358898
2024-01-30,0.18064642269263306
2024-01-31,0.5808034842312375
2024-02-01,0.2905839756971254
2024-02-02,0.6732067216637403
2024-02-05,0.19939546221799698
2024-02-06,0.16284999966077812
2024-02-07,0.1858571781157479
2024-02-08,0.1386117510031153
2024-02-09,0.14026644160803772
2024-02-12,0.0927973359828763
2024-02-13,0.8466284815722447
2024-02-14,0.12373759823466332
2024-02-15,0.16113884012022797
2024-02-16,0.22392926598392127
2024-02-19,0.08503336429545884
2024-02-20,0.12877460709576258
2024-02-21,0.09758380687724842
2024-02-22,0.21649358362978474
2024-02-23,0.09463646606149252
2024-02-26,0.09961275112046875
2024-02-27,0.11460224058911082
2024-02-28,0.10578950558764078
2024-02-29,0.1581161306407369
2024-03-01,0.15085273906293592
2024-03-04,0.16982620196110798
2024-03-05,0.12398626531362181
2024-03-06,0.13021155591825517
2024-03-07,0.1409073663347924
2024-03-08,0.18100559118640958
2024-03-11,0.10707294581542903
2024-03-12,0.16997641284976606
2024-03-13,0.07700896408343577
2024-03-14,0.10099199390493963
2024-03-15,0.09319881663308482
2024-03-18,0.07890169134905024
2024-03-19,0.12210159244143075
2024-03-20,0.22506751257906973
2024-03-21,1.7120698580465894
2024-03-22,0.1393412062521304
2024-03-25,0.0868779325305427
2024-03-26,0.1362025450823448
2024-03-27,0.10377016469279111
2024-03-28,0.1984768593516562
2024-03-29,0.12117711897129818
2024-04-01,0.11324405809168397
2024-04-02,0.15074317656253508
2024-04-03,0.14604739084998228
2024-04-04,0.2819629134508609
2024-04-05,0.31192484771005713
2024-04-08,0.18787226155236875
2024-04-09,0.10505263622202932
2024-04-10,0.7633861002896766
2024-04-11,0.2785253684658735
2024-04-12,0.17391305720513672
2024-04-15,0.2552051415026884
2024-04-16,0.19179705820898718
2024-04-17,0.13283157284769712
2024-04-18,0.1065094773308262
2024-04-19,0.7449980428948775
2024-04-22,0.13520022870805998
2024-04-23,0.15533280706385777
2024-04-24,0.130358500854639
2024-04-25,0.13782364916718073
2024-04-26,0.12653957615237243
2024-04-29,0.22013765320259263
2024-04-30,0.27677472413658827
2024-05-01,0.27413498785218865
2024-05-02,0.420258721370605
2024-05-03,0.4989404706005777
2024-05-06,0.0970048851150247
2024-05-07,0.08384306726162971
2024-05-08,0.06045895324396593
2024-05-09,0.08055633516739177
2024-05-10,0.08793716110285833
2024-05-13,0.11063320808538187
2024-05-14,0.11647038088959476
2024-05-15,0.16550402932801067
2024-05-16,0.13867507196386414
2024-05-17,0.09292459669364932
2024-05-20,0.09271808059888403
2024-05-21,0.09692487493722583
2024-05-22,0.0723714674335912
2024-05-23,0.11856031643968365
2024-05-24,0.06935032092827298
2024-05-27,0.0549160423950477
2024-05-28,0.10311059783344792
2024-05-29,0.08952390009216961
2024-05-30,0.13657041338913092
2024-05-31,0.20146310248035448
2024-06-03,0.17127746115837467
2024-06-04,0.2948421599976054
2024-06-05,0.1301986850126889
2024-06-06,0.09179999550176139
2024-06-07,0.4542841859582075
2024-06-10,0.09106013756722825
2024-06-11,0.07187959468842245
2024-06-12,0.5610384271257314
2024-06-13,0.15940373208349426
2024-06-14,0.1908983408002739
2024-06-17,0.08928521570062486
2024-06-18,0.1666851699828054
2024-06-19,0.05893328361259523
2024-06-20,0.4747563184895086
2024-06-21,0.13331307837487985
2024-06-24,0.08534603299228016
2024-06-25,0.06338771403981379
2024-06-26,0.10474595161509673
2024-06-27,0.07913089541160014
2024-06-28,0.15432721064036906
2024-07-01,0.13920197990030328
2024-07-02,0.07877818872999587
2024-07-03,0.11006546804481512
2024-07-04,0.12791023718835795
2024-07-05,0.12993884296738592
2024-07-08,0.07892371584258531
2024-07-09,0.07761202936193547
2024-07-10,0.04695289184449689
2024-07-11,0.36292024040099524
2024-07-12,0.1482460064309305
2024-07-15,0.1144192516036172
2024-07-16,0.09593259883859016
2024-07-17,0.18427160360342265
2024-07-18,0.14017671757338288
2024-07-19,0.0908260126310505
2024-07-22,0.13219722591390534
2024-07-23,0.09012326121840668
2024-07-24,0.15423677873940364
2024-07-25,0.24779163923931594
2024-07-26,0.1426087927888582
2024-07-29,0.09772827909443153
2024-07-30,0.12248033682618864
2024-07-31,0.2598775169801764
2024-08-01,0.24342666537453775
2024-08-02,0.8197128181763104
2024-08-05,1.7501276395887697
2024-08-06,0.47378338572069595
2024-08-07,0.6911765667769065
2024-08-08,0.6978019307034217
2024-08-09,0.18876391081006375
2024-08-12,0.3904220697048679
2024-08-13,0.1660734433029357
2024-08-14,0.2411312868581789
2024-08-15,0.43393366564016006
2024-08-16,0.13405582278707737
2024-08-19,0.22920150700031375
2024-08-20,0.22949485359196864
2024-08-21,0.3575273238293479
2024-08-22,0.21532162099122254
2024-08-23,0.3393372126402271
2024-08-26,0.15085075644487148
2024-08-27,0.20673330281100907
2024-08-28,0.16471480460822172
2024-08-29,0.30291176154695093
2024-08-30,0.1949000273555431
2024-09-02,0.15675993793959658
2024-09-03,0.2248781155291764
2024-09-04,0.268092397689723
2024-09-05,0.32930803081090715
2024-09-06,0.4661719334881063
2024-09-09,0.16995182801915007
2024-09-10,0.14229667983512487
2024-09-11,0.38398537983056796
2024-09-12,0.2765826342795739
2024-09-13,0.20322387721915744
2024-09-16,0.1908087546009907
2024-09-17,0.14845762777935648
2024-09-18,0.4408027875303867
2024-09-19,0.35812989565149306
2024-09-20,0.19374273819536478
2024-09-23,0.18625891393309943
2024-09-24,0.18457082458106466
2024-09-25,0.23138546901216975
2024-09-26,0.5140088125656845
2024-09-27,0.3442623379261887
2024-09-30,0.32399260913800476
2024-10-01,0.3928703555087023
2024-10-02,0.21772760481351575
2024-10-03,0.2826207028692562
2024-10-04,0.6860363127960909
2024-10-07,0.18773909730116206
2024-10-08,0.17364470632039516
2024-10-09,0.10071491294712157
2024-10-10,0.36948195902118397
2024-10-11,0.11315982866886638
2024-10-14,0.1481250108825878
2024-10-15,0.10046807226260232
2024-10-16,0.10135119463331951
2024-10-17,0.21916325767561454
2024-10-18,0.06785380926162994
2024-10-21,0.08105180398675682
2024-10-22,0.08892928980839299
2024-10-23,0.08863730323360612
2024-10-24,0.09584155197805763
2024-10-25,0.06801282026853385
2024-10-28,0.10679555251256036
2024-10-29,0.14923639129974234
2024-10-30,0.1514903250254758
2024-10-31,0.1621020113260744
2024-11-01,0.3648074035719837
2024-11-04,0.14792975417274576
2024-11-05,0.13160935032078203
2024-11-06,0.7857491323132408
2024-11-07,0.3839238788479436
2024-11-08,0.1905118506584877
2024-11-11,0.12842503037106623
2024-11-12,0.14672521464877525
2024-11-13,0.18219872767481765
2024-11-14,0.271593271691546
2024-11-15,0.24664240046672065
2024-11-18,0.1226680289897879
2024-11-19,0.14184578283177293
2024-11-20,0.11300318094432886
2024-11-21,0.1659410021103752
2024-11-22,0.36898384787415817
2024-11-25,0.24158845830948364
2024-11-26,0.22251086902404285
2024-11-27,0.23132675460688668
2024-11-28,0.09720658031400557
2024-11-29,0.20136940014951193
2024-12-02,0.20408078583849623
2024-12-03,0.1995462784675899
2024-12-04,0.1540307646732514
2024-12-05,0.16610666666060264
2024-12-06,0.2477758549272932
2024-12-09,0.11916022354743107
2024-12-10,0.12009875716794344
2024-12-11,0.1396242380140284
2024-12-12,0.5496658499850928
2024-12-13,0.1803018169964733
2024-12-16,0.12328870583130401
2024-12-18,0.45425179435181606
2024-12-19,0.23775227397089746
2024-12-20,0.22717862463188843
2024-12-23,0.12387790389598477
2024-12-24,0.13495752294985494
2024-12-26,0.07318082694707424
2024-12-27,0.08926586120921023
2024-12-30,0.19270958919156808
2024-12-31,0.13584418507962712
2025-01-02,0.25776789127698807
2025-01-03,0.1254863232068033
2025-01-06,0.4058185805830919
2025-01-07,0.2913164112941294
2025-01-08,0.16635308903789786
2025-01-09,0.12527554336403138
2025-01-10,0.47228016800720346
2025-01-13,0.18207976460735636
2025-01-14,0.19182952531374886
2025-01-15,0.2511987209685394
2025-01-16,0.17957845935311964
2025-01-17,0.17824202110402732
2025-01-20,0.8031113367616444
2025-01-21,0.26006840550210114
2025-01-22,0.16890577903635906
2025-01-23,0.1338134983292002
2025-01-24,0.19509098307834777
2025-01-27,0.2867059583723038
2025-01-28,0.1897662604646709
2025-01-29,0.16730808230162642
2025-01-30,0.2214157536884116
2025-01-31,0.24114887009299577
2025-02-03,0.43847243080851006
2025-02-04,0.2058581706205892
2025-02-05,0.18460533499872986
2025-02-06,0.10519591193762605
2025-02-07,0.1927077943663486
2025-02-10,0.08016896814132672
2025-02-11,0.08046694469325637
2025-02-12,0.3474659155701006
2025-02-13,0.2268649037839494
2025-02-14,0.1763323139449665
2025-02-17,0.11628465056469278
2025-02-18,0.09138414390562875
2025-02-19,0.11665828843429783
2025-02-20,0.14828415369542441
2025-02-21,0.1409718305785519
2025-02-24,0.15355264058945883
2025-02-25,0.1506222157224939
2025-02-26,0.18973605636525487
2025-02-27,0.16851165737349544
2025-02-28,0.1983867821067504
2025-03-03,0.1437114698864565
2025-03-04,0.3265299464857156
2025-03-05,0.42676711355339686
2025-03-06,0.4268454486288193
2025-03-07,0.379732030558817
2025-03-10,0.24327658287837875
2025-03-11,0.3244338607985773
2025-03-12,0.17233478147972617
2025-03-13,0.2556166711171809
2025-03-14,0.15418320674679256
2025-03-17,0.11945256556820295
2025-03-18,0.13915615976146645
2025-03-19,0.19119164102266242
2025-03-20,0.3092564701955919
2025-03-21,0.13414059326101258
2025-03-24,0.14751110589908936
2025-03-25,0.11264763582831026
2025-03-26,0.11337491554855811
2025-03-27,0.14082153234974013
2025-03-28,0.1194678247438221
2025-03-31,0.22225032937458664
2025-04-01,0.1209846533517581
2025-04-02,0.20715716687681707
2025-04-03,0.9818496937249377
2025-04-04,1.1878424615663836
2025-04-07,1.4071128007913192
2025-04-08,0.8827588254985653
2025-04-09,4.0143316664318265
2025-04-10,1.7924815102409097
2025-04-11,3.0355543784304717
2025-04-14,1.3817746490265577
2025-04-15,0.7630936048955923
2025-04-16,0.9781623944103109
2025-04-17,0.6604329659367874
2025-04-18,0.17503179382492629
2025-04-21,0.940634600632447
2025-04-22,0.8996847716788856
2025-04-23,1.5464372788350726
2025-04-24,0.5602700501737661
2025-04-25,0.4707134268303353
2025-04-28,0.46364643036479813
2025-04-29,0.5106335195446283
2025-04-30,0.4284497528868152
2025-05-01,0.530075130728924
2025-05-02,0.8473657289858931
2025-05-05,0.43160515225650686
2025-05-06,0.5161063305325261
2025-05-07,0.7222171961004787
2025-05-08,0.5869516561391472
2025-05-09,0.35735793948761974
2025-05-12,1.1149876750847052
2025-05-13,0.34923076350738796
2025-05-14,0.5800503249408515
2025-05-15,0.4153121843349926
2025-05-16,0.28192714994280077
2025-05-19,0.31475013967648907
2025-05-20,0.33484870582742415
2025-05-21,0.37630995173595944
2025-05-22,0.40385310934937113
2025-05-23,0.3969842944434886
2025-05-26,0.1949093399361201
2025-05-27,0.2680077779029384
2025-05-28,0.4165251915218484
2025-05-29,0.6672018327247874
2025-05-30,0.5119590120541665
2025-06-02,0.3458947434403563
2025-06-03,0.2417475958542119
2025-06-04,0.2861564366593958
2025-06-05,0.3258529701342597
2025-06-06,0.26956521249537896
2025-06-09,0.12703256185734368
2025-06-10,0.20655855893121097
2025-06-11,0.25347803607145597
2025-06-12,0.42092620659937
2025-06-13,0.4627924713114894
2025-06-16,0.2680322794086027
2025-06-17,0.2506232347971025
2025-06-18,0.22095041656207812
2025-06-19,0.25245301869920184
2025-06-20,0.18694475652741108
2025-06-23,0.33750749543052694
2025-06-24,0.2950913652969511
2025-06-25,0.16872951398764668
2025-06-26,0.28618591688525513
2025-06-27,0.3475647301855857
2025-06-30,0.2707786854406351
2025-07-01,0.3469205340206415
2025-07-02,0.24784568684533
2025-07-03,0.5256383272492476
2025-07-04,0.16936134345205958
2025-07-07,0.1670705602676088
2025-07-08,0.1736873477521066
2025-07-09,0.13479373339998799
2025-07-10,0.16827840400451036
2025-07-11,0.16908650827454824
2025-07-14,0.13702446834490467
2025-07-15,0.24053706476208955
2025-07-16,0.6690315347900594
2025-07-17,0.2303548099416304
2025-07-18,0.18146512217903368
2025-07-21,0.139693677799733
2025-07-22,0.1957189109967357
2025-07-23,0.20903721819947257
2025-07-24,0.20549935177170298
2025-07-25,0.20097018127782537
2025-07-28,0.24823393540495992
2025-07-29,0.25758621844369967
2025-07-30,0.3330078774443784
2025-07-31,0.21887779621375855
2025-08-01,1.3477375563650977
2025-08-04,0.3005334174204413
2025-08-05,0.2710217052845099
2025-08-06,0.2824835302881396
2025-08-07,0.2534601194804986
2025-08-08,0.19694977222053958
2025-08-11,0.1626533212909268
2025-08-12,0.35904719697015103
2025-08-13,0.13523941670533957
2025-08-14,0.2650450435384807
2025-08-15,0.1254951979057094
2025-08-18,0.17543108141924968
2025-08-19,0.11080743855794004
2025-08-20,0.20561373473473513
2025-08-21,0.1420522436410039
2025-08-22,0.5328999795625093
2025-08-25,0.11621487725376338
2025-08-26,0.2248888291652581
2025-08-27,0.1487390762849496
2025-08-28,0.12150281811791132
2025-08-29,0.16060463024753444
2025-09-01,0.11301613264046698
2025-09-02,0.2095444719274749
2025-09-03,0.185890815611987
2025-09-04,0.11184285638578244
2025-09-05,0.20732580622515553
2025-09-08,0.1864567261995308
2025-09-09,0.19176701252077513
2025-09-10,0.2513072698300762
2025-09-11,0.21626214735934482
2025-09-12,0.15968123018445554
2025-09-15,0.08665320116273585
2025-09-16,0.1420649679689022
2025-09-17,0.40320333248852713
2025-09-18,0.26334686816067643
2025-09-19,0.19377998896909107
2025-09-22,0.13556383788159576
2025-09-23,0.11847684859469602
2025-09-24,0.10881020508787545
2025-09-25,0.3102193118659692
2025-09-26,0.12071604946224153
2025-09-29,0.14072781307295923
2025-09-30,0.20130203374007505
2025-10-01,0.3898935827018863
2025-10-02,0.13762113233101195
2025-10-03,0.11016372940951562
2025-10-06,0.20322863464657084
2025-10-07,0.11965823456951781
2025-10-08,0.12520993132838834
2025-10-09,0.17319184286988154
2025-10-10,0.2797191083878305
2025-10-13,0.3463312295878039
2025-10-14,0.1979927357450344
2025-10-15,0.20597728254777775
2025-10-16,0.18270658712608487
2025-10-17,0.3143292549010841
2025-10-20,0.13264813049722202
2025-10-21,0.17868465530599956
2025-10-22,0.11295105640725867
2025-10-23,0.07206117908615621
2025-10-24,0.18321204923484705
2025-10-27,0.09330650925425589
2025-10-28,0.12680675514322104
2025-10-29,0.4717023423861173
2025-10-30,0.1642525643973796
2025-10-31,0.1360716247663938
2025-11-03,0.1402027391874033
2025-11-04,0.11991289719829513
2025-11-05,0.16999443353483767
2025-11-06,0.12396503733196586
2025-11-07,0.14999309429466076
2025-11-10,0.19881863286432108
2025-11-11,0.1572991846653716
2025-11-12,0.10943140662665757
2025-11-13,0.16722030269162824
2025-11-14,0.2918319004923353
2025-11-17,0.11005921570917161
2025-11-18,0.15452026411499353
2025-11-19,0.21980143084998882
2025-11-20,0.2069163903105054
2025-11-21,0.21597567577487958
2025-11-24,0.15290612417458604
2025-11-25,0.15899386206889315
2025-11-26,0.18515183194781776
2025-11-27,0.0693807155465541
2025-11-28,0.18944064966230625
2025-12-01,0.1673258365857876
2025-12-02,0.13207850180776703
2025-12-03,0.10761916074396295
2025-12-04,0.12789074891784907
2025-12-05,0.12272882536207454
2025-12-08,0.1226336431932711
2025-12-09,0.1451470330266364
2025-12-10,0.17973730883231412
2025-12-11,0.19420098457264726
2025-12-12,0.1215398226175269
2025-12-15,0.1254658410993431
2025-12-16,0.18718754603172852
2025-12-17,0.14185634900759778
2025-12-18,0.17941761409629842
2025-12-19,0.11645025725427254
2025-12-22,0.10981447497802017
2025-12-23,0.14389456170691686
2025-12-24,0.09194918932384806
2025-12-26,0.1278201890552006
2025-12-29,0.18852748148342416
2025-12-30,0.11812863105771025
2025-12-31,0.12098699467297429
2026-01-02,0.15582516684395567
2026-01-05,0.25005907800305593
2026-01-06,0.14332330105727792
2026-01-07,0.15995053776863144
2026-01-08,0.09467382383973272
2026-01-09,0.11745105208053547
2026-01-12,0.2366940759337186
2026-01-13,0.13009705011764539
2026-01-14,0.11226019263711962
2026-01-15,0.11136226235686082
2026-01-16,0.11219581285873906
2026-01-19,0.19216416298087016
2026-01-20,0.3527516815598465
2026-01-21,0.3839597809308319
2026-01-22,0.15368904608086073
2026-01-23,0.30205819824859476
2026-01-26,0.4559030907575769
2026-01-27,0.9250664100069808
2026-01-28,0.7815247358006446
2026-01-29,0.5846388580907004
2026-01-30,0.45218895619835325
2026-02-02,0.4303560373692053
2026-02-03,0.21458595876171485
2026-02-04,0.22592461325499907
2026-02-05,0.21138062343035174
2026-02-06,0.12539710323105296
2026-02-09,0.29622699123606233
2026-02-10,0.19870694912595696
2026-02-11,0.6889966394606337
2026-02-12,0.303350425505027
2026-02-13,0.2700578562895666
2026-02-16,0.0916014844067895
2026-02-17,0.1437888212426321
2026-02-18,0.12365658721296506
2026-02-19,0.17726046144169053
2026-02-20,0.2854531907182431
2026-02-23,0.20202407336054182
2026-02-24,0.1326462279699741
2026-02-25,0.12851392370908804
2026-02-26,0.12757219568452877
2026-02-27,0.17587808794265392
2026-03-02,0.529020467562488
2026-03-03,0.42185550351104245
2026-03-04,0.3959169776237313
2026-03-05,0.4136189104366039
2026-03-06,0.3845335161287144
2026-03-09,0.3965347376138089
2026-03-10,0.2805947670828861
2026-03-11,0.2775100771053715
2026-03-12,0.19475119495524912
2026-03-13,0.19152212176515765
2026-03-16,0.26995857337199375
2026-03-17,0.1581548849899507
2026-03-18,0.20944456226466657
2026-03-19,0.5080827404074896
2026-03-20,0.2725878996049322
2026-03-23,0.9972585879188922
2026-03-24,0.38908306231992107
2026-03-25,0.22388820168185575
2026-03-26,0.2054232277087748
2026-03-27,0.14029426670950948
2026-03-30,0.19453534277572523
2026-03-31,0.3262014493593735
2026-04-01,0.3132461289697508
2026-04-02,0.22977711969328046
2026-04-03,0.18062358424668445
2026-04-06,0.16660694052050293
2026-04-07,0.18743041994315665
2026-04-08,0.4394418464471479
2026-04-09,0.17923505910320653
2026-04-10,0.31697820775710295
2026-04-13,0.18306819641718677
2026-04-14,0.21856618329851712
2026-04-15,0.12706985569399293
2026-04-16,0.11248986469329823
2026-04-17,0.23525611255418846
2026-04-20,0.2029043367689488
2026-04-21,0.2621072559997893
2026-04-22,0.1298192971147953
2026-04-23,0.18823063010596253
2026-04-24,0.13485667578238583
2026-04-27,0.15115797381097112
2026-04-28,0.20074265629628607
2026-04-29,0.19276334680705573
2026-04-30,0.4983031703709868
2026-05-01,0.28096535499556696
2026-05-04,0.2021591737349962
2026-05-05,0.12484994988199603
2026-05-06,0.26473874660359953
2026-05-07,0.17851322073386006
2026-05-08,0.14241369689849304
2026-05-11,0.1144858728853501
2026-05-12,0.11537087011986487
2026-05-13,0.09310840854201827
2026-05-14,0.07515311874496167
2026-05-15,0.14221189588705488
2026-05-18,0.19195885719527034
2026-05-19,0.12891985762360508
2026-05-20,0.1861861253254931
2026-05-21,0.22837522223776394
2026-05-22,0.14510746765145263
2026-05-25,0.12841338029512386
2026-05-26,0.09384656308895019
2026-05-27,0.1444280401698655
2026-05-28,0.1627351841524994
2026-05-29,0.2994934638341408
2026-06-01,0.16050830105426486
2026-06-02,0.0969301742180649
2026-06-03,0.14176866400736504
2026-06-04,0.12993952143706833
2026-06-05,0.23524848534722634
2026-06-08,0.18974125478903026
2026-06-09,0.14163922292222353
2026-06-10,0.20179221937320133
2026-06-11,0.33563975509557653
2026-06-12,0.177061650626116
2026-06-15,0.15888769541261255
2026-06-16,0.13117934066321407
2026-06-17,0.45000470238138746
2026-06-18,0.29600736961171764
2026-06-19,0.17475069460070716
2026-06-22,0.17075153565155765
2026-06-23,0.16238670962091192
2026-06-24,0.1663501482748211
2026-06-25,0.21382663314885517
2026-06-26,0.2363196262348522
2026-06-29,0.07783222608428075
2026-06-30,0.1503140391453216
