date,RV
2012-01-12,0.06752849707327736
2012-01-13,0.10762733099075383
2012-01-16,0.06578561537151476
2012-01-17,0.09365199087031074
2012-01-18,0.06913234648832758
2012-01-19,0.10097331245943668
2012-01-20,0.18839203952149294
2012-01-23,0.07037202152404388
2012-01-24,0.26489216285135186
2012-01-25,0.5251205921287833
2012-01-26,0.21147084588980322
2012-01-27,0.33038399924894074
2012-01-30,0.11657502768894275
2012-01-31,0.20380493361345398
2012-02-01,0.12369101462863226
2012-02-02,0.07833830769475576
2012-02-03,0.22675012559792182
2012-02-06,0.12293300965332253
2012-02-07,0.14358429861477218
2012-02-08,0.18927472404799142
2012-02-09,0.2014905672534263
2012-02-10,0.1337286152079583
2012-02-13,0.14902888209636822
2012-02-14,0.364871573703915
2012-02-15,0.31147000063862984
2012-02-16,0.1732999373644841
2012-02-17,0.19337052156151713
2012-02-20,0.29561115227915147
2012-02-21,0.17146447254561412
2012-02-22,0.22754815933486774
2012-02-23,0.2167838169389125
2012-02-24,0.33917748887219984
2012-02-27,0.8438746208242205
2012-02-28,0.5658582883204478
2012-02-29,0.427517321435339
2012-03-01,0.4310361229719868
2012-03-02,0.2988485394495966
2012-03-05,0.3972426109392997
2012-03-06,0.3612028335206726
2012-03-07,0.36564569344063214
2012-03-08,0.37506055104941033
2012-03-09,0.5883849273254785
2012-03-12,0.24550716461010363
2012-03-13,0.5405441430885025
2012-03-14,0.3074001219966596
2012-03-15,0.5549840958297241
2012-03-16,0.5084285035438223
2012-03-19,0.3005819467051286
2012-03-20,0.27250964126888727
2012-03-21,0.30902116418661746
2012-03-22,0.7872695560506832
2012-03-23,0.37510627449222056
2012-03-26,0.37783149720927783
2012-03-27,0.3257698220283028
2012-03-28,0.406688908892295
2012-03-29,0.3847653233403303
2012-03-30,0.5429059206731222
2012-04-02,0.5475664692588335
2012-04-03,0.7387258046949321
2012-04-04,0.4174761906131966
2012-04-05,0.33477201211850327
2012-04-06,1.081916368316493
2012-04-10,0.5035014427525143
2012-04-11,0.3829485104103138
2012-04-12,0.22107233481771527
2012-04-13,0.2183998219191492
2012-04-16,0.26429530790282696
2012-04-17,0.2040207622234042
2012-04-18,0.23108264906229495
2012-04-19,0.25866719286225465
2012-04-20,0.15399929087028078
2012-04-23,0.16210472682555715
2012-04-24,0.19267364427841438
2012-04-25,0.33525832783350595
2012-04-26,0.2479394315012421
2012-04-27,0.6781596138773885
2012-04-30,0.1680851230155428
2012-05-01,0.33579224697152543
2012-05-02,0.2073128292584894
2012-05-03,0.15021550379292278
2012-05-04,0.19494575948263804
2012-05-07,0.2153666733370421
2012-05-08,0.1296001167074643
2012-05-09,0.13466365600056396
2012-05-10,0.157249258936007
2012-05-11,0.12732592089241218
2012-05-14,0.14341773982748737
2012-05-15,0.13389832892594694
2012-05-16,0.1399338101763199
2012-05-17,0.5711970139381347
2012-05-18,0.19742089851544986
2012-05-21,0.1482687515845541
2012-05-22,0.2401784680450061
2012-05-23,0.2753657453134876
2012-05-24,0.09372076668715917
2012-05-25,0.09371107620932669
2012-05-28,0.09067161939836682
2012-05-29,0.11765666857640276
2012-05-30,0.17566327184956051
2012-05-31,0.3015749096635845
2012-06-01,0.8151170029935502
2012-06-05,0.2888651874486141
2012-06-06,0.3578105312776272
2012-06-07,0.32379212128142665
2012-06-08,0.273087524399837
2012-06-11,0.3250500887470509
2012-06-12,0.2574446041450707
2012-06-13,0.1597411680454175
2012-06-14,0.16299058729119706
2012-06-15,0.30941485432972515
2012-06-18,0.29791179721979155
2012-06-19,0.13120544690106975
2012-06-20,0.37104650746488943
2012-06-21,0.31662393802193173
2012-06-22,0.19821347050022284
2012-06-25,0.2685665722441514
2012-06-26,0.28334283685949524
2012-06-27,0.17730578853058657
2012-06-28,0.1692626411925619
2012-06-29,0.39611344490371886
2012-07-02,0.3212595975124317
2012-07-03,0.17857072860906362
2012-07-04,0.09583741228852778
2012-07-05,0.28300397545628186
2012-07-06,0.19184495721340603
2012-07-09,0.12513386226840115
2012-07-10,0.12804321664833526
2012-07-11,0.17902685031794086
2012-07-12,0.29919971340363605
2012-07-13,0.1422616136373166
2012-07-16,0.14724784940795305
2012-07-17,0.16175924565677532
2012-07-18,0.09836488331105955
2012-07-19,0.12493749749725838
2012-07-20,0.09049209386909608
2012-07-23,0.1190471916268951
2012-07-24,0.10095030828739401
2012-07-25,0.07930705877220384
2012-07-26,0.12861945723436713
2012-07-27,0.23909635184903621
2012-07-30,0.12406812498587741
2012-07-31,0.07999438243185093
2012-08-01,0.19166679143099466
2012-08-02,0.12050857951622271
2012-08-03,0.31648316639018126
2012-08-06,0.13583699932935892
2012-08-07,0.09983480443648345
2012-08-08,0.14124231760027184
2012-08-09,0.18147916874821626
2012-08-10,0.09571880100637008
2012-08-13,0.0745568842167872
2012-08-14,0.17023510017703905
2012-08-15,0.17535654094506295
2012-08-16,0.17130169177289442
2012-08-17,0.10043144541161281
2012-08-20,0.09069590539988678
2012-08-21,0.09293876557127954
2012-08-22,0.3935309752019523
2012-08-23,0.13182975335619845
2012-08-24,0.12332238982925789
2012-08-27,0.056334400783785286
2012-08-28,0.0838346669549078
2012-08-29,0.056231374271339556
2012-08-30,0.0497652122355108
2012-08-31,0.23755247118579215
2012-09-03,0.04951360982035283
2012-09-04,0.08465664562628757
2012-09-05,0.05465877488509149
2012-09-06,0.13802517601190284
2012-09-07,0.31858319805672547
2012-09-10,0.048672930624900176
2012-09-11,0.0945831742675041
2012-09-12,0.11628322526349388
2012-09-13,0.27051895001379894
2012-09-14,0.33744182802117545
2012-09-17,0.21848613237711234
2012-09-18,0.1390016439052957
2012-09-19,0.40765781457770756
2012-09-20,0.2377625579592854
2012-09-21,0.09750530887953147
2012-09-24,0.1067806439624176
2012-09-25,0.10300549298222399
2012-09-26,0.1075816583298092
2012-09-27,0.06627313643544809
2012-09-28,0.14098557631046066
2012-10-01,0.1620948308105904
2012-10-02,0.07373217980549002
2012-10-03,0.0757862659902758
2012-10-04,0.14237993568702279
2012-10-05,0.22312544712851132
2012-10-08,0.15268228464897995
2012-10-09,0.09358647159960966
2012-10-10,0.0701572826054626
2012-10-11,0.18148438865534144
2012-10-12,0.10031504564172017
2012-10-15,0.12720550660318888
2012-10-16,0.1474847120111841
2012-10-17,0.15283738591022075
2012-10-18,0.1783076588488272
2012-10-19,0.09939300766150085
2012-10-22,0.17265442377114465
2012-10-23,0.1655075225949824
2012-10-24,0.09194866680850484
2012-10-25,0.15264395915907
2012-10-26,0.24014808961090106
2012-10-29,0.12716611471603792
2012-10-30,0.5859008759473299
2012-10-31,0.11011913151162721
2012-11-01,0.11029600570720399
2012-11-02,0.20248642114206536
2012-11-05,0.11343868489188613
2012-11-06,0.10177212973280435
2012-11-07,0.33937701471804466
2012-11-08,0.19582995572868372
2012-11-09,0.19259645672567446
2012-11-12,0.06938392390425022
2012-11-13,0.14388976126821082
2012-11-14,0.1800825837582694
2012-11-15,0.36950362489034705
2012-11-16,0.24837634460323385
2012-11-19,0.24405658534630303
2012-11-20,0.2028092694636331
2012-11-21,0.2298960222435959
2012-11-22,0.2704630229769364
2012-11-23,0.23090980302721673
2012-11-26,0.23475794675117878
2012-11-27,0.2517242478213719
2012-11-28,0.23420341561618646
2012-11-29,0.15478134140026883
2012-11-30,0.22664246975689012
2012-12-03,0.1751884926410386
2012-12-04,0.1445586240881441
2012-12-05,0.2073218016565273
2012-12-06,0.12614925882084374
2012-12-07,0.35657042081765583
2012-12-10,0.14731293270797657
2012-12-11,0.09563576281835609
2012-12-12,0.21009436689742467
2012-12-13,0.20920325635846107
2012-12-14,0.29991251335282165
2012-12-17,0.3856788330696549
2012-12-18,0.14328427047565012
2012-12-19,0.16585027131288002
2012-12-20,0.33930557879385204
2012-12-21,0.35186675199772954
2012-12-24,0.09951107832838535
2012-12-25,0.07075161021982701
2012-12-26,0.253962973157191
2012-12-27,0.29935134113853595
2012-12-28,0.3722442705540551
2012-12-31,0.3024863719972387
2013-01-01,0.0
2013-01-02,0.3307788430013167
2013-01-03,0.30689164842186073
2013-01-04,0.613611428337194
2013-01-07,0.3650473653729033
2013-01-08,0.5529598563143974
2013-01-09,0.3839741438327052
2013-01-10,0.3671352652690445
2013-01-11,0.6132474408785937
2013-01-14,0.30022253306733937
2013-01-15,0.7209544615386868
2013-01-16,0.8383899782140015
2013-01-17,0.8584006493247177
2013-01-18,0.6384917153893592
2013-01-21,0.44474440860075454
2013-01-22,1.2187692872490643
2013-01-23,0.48256865823776485
2013-01-24,0.5153925107313302
2013-01-25,0.4025017766633769
2013-01-28,0.4409583143959544
2013-01-29,0.46351474504624884
2013-01-30,0.30041968658467916
2013-01-31,0.30043279783396776
2013-02-01,0.5710242579366205
2013-02-04,0.43602110402255495
2013-02-05,0.6682122454414584
2013-02-06,0.49926958609740674
2013-02-07,0.41574786458894136
2013-02-08,1.0483632684755917
2013-02-11,0.5484692880282422
2013-02-12,1.14823758063443
2013-02-13,0.46408864574044917
2013-02-14,0.5523757600312622
2013-02-15,0.8057541132425416
2013-02-18,0.2837138141203385
2013-02-19,0.26328552813102696
2013-02-20,0.4628404428550345
2013-02-21,0.4413395212355375
2013-02-22,0.3381265027679249
2013-02-25,1.9837313397005063
2013-02-26,1.5399438564024257
2013-02-28,0.4843573835323002
2013-03-01,0.4574498285695432
2013-03-04,0.281205488455512
2013-03-05,0.27563188488468954
2013-03-06,0.21491056847983234
2013-03-07,0.30725227628925655
2013-03-08,0.9010968976349119
2013-03-11,0.18364736863717102
2013-03-12,0.5151931822825532
2013-03-13,0.41791561557810214
2013-03-14,0.3922398401992596
2013-03-15,0.512735060729372
2013-03-18,0.5890339652398082
2013-03-19,0.4436007117686562
2013-03-20,0.46672546986431496
2013-03-21,0.7479930869623024
2013-03-22,0.49395927787778793
2013-03-25,0.5038704288565894
2013-03-26,0.47364709343635736
2013-03-27,0.3286626532411299
2013-03-28,0.302866991164425
2013-03-29,0.1503357580365718
2013-04-01,0.4518738795951786
2013-04-02,0.4865491866562093
2013-04-03,0.32535301866541155
2013-04-04,1.5877089786753764
2013-04-05,1.6229994503384855
2013-04-08,0.7581825537729387
2013-04-09,0.7104328254795529
2013-04-10,0.48140422868269606
2013-04-11,0.40563856579502283
2013-04-12,0.7745180283092874
2013-04-15,1.3452131449246076
2013-04-16,1.4771635081018015
2013-04-17,0.8961022152875234
2013-04-18,0.6834719709954097
2013-04-19,0.5254164484265836
2013-04-22,0.27875131670766445
2013-04-23,1.438270045241152
2013-04-24,0.31647300581572396
2013-04-25,0.3355276290016217
2013-04-26,1.1272096890608798
2013-04-29,0.4800595510842405
2013-04-30,0.4080619790551153
2013-05-01,0.507110776598349
2013-05-02,0.6334167976295368
2013-05-03,1.0064216600574416
2013-05-06,0.10983609034753448
2013-05-07,0.32089171506582687
2013-05-08,0.2738395063200945
2013-05-09,0.6958975230996722
2013-05-10,0.6322104909661548
2013-05-13,0.36286767555179483
2013-05-14,0.3322398106278634
2013-05-15,0.5049161029145173
2013-05-16,0.5803768393908328
2013-05-17,0.3020871737932852
2013-05-20,0.518993588291761
2013-05-21,0.28979189772048863
2013-05-22,0.6568472027023858
2013-05-23,1.9138784646965032
2013-05-24,1.4962608473541061
2013-05-27,0.315001991261286
2013-05-28,0.6215501239148497
2013-05-29,0.7598273059311863
2013-05-30,0.9941961024413084
2013-05-31,0.9309245342122312
2013-06-03,0.8328736496293961
2013-06-04,0.613714897772714
2013-06-05,0.7624225857399831
2013-06-06,3.109549979268596
2013-06-07,4.403148513077998
2013-06-10,0.9787580762871416
2013-06-11,2.795407480485964
2013-06-12,1.5674755090417056
2013-06-13,2.1604128298878904
2013-06-14,1.8373525976807215
2013-06-17,0.8432497502060371
2013-06-18,0.5116498357551245
2013-06-19,1.580603165543392
2013-06-20,1.4785147209536333
2013-06-21,0.8966157180762038
2013-06-24,1.0576418025943848
2013-06-25,0.7089163261276346
2013-06-26,0.624263933843037
2013-06-27,0.36706197044255917
2013-06-28,0.3729453315826642
2013-07-01,0.222268347741594
2013-07-02,0.2969537086306971
2013-07-03,0.7916514534924618
2013-07-04,0.33243903828150423
2013-07-05,0.7035175843464747
2013-07-08,0.3305191884169005
2013-07-09,0.29607414708352037
2013-07-10,1.5676658742812288
2013-07-11,1.9556765999609487
2013-07-12,0.657709117759078
2013-07-15,0.4475156015457977
2013-07-16,0.45281532095378657
2013-07-17,0.5186171706715684
2013-07-18,0.4068956646245661
2013-07-19,0.5125178222881669
2013-07-22,0.6754571752814116
2013-07-23,0.4686450945401408
2013-07-24,0.37974396025450924
2013-07-25,0.43260861551314134
2013-07-26,0.6128329101560708
2013-07-29,0.4603332360509854
2013-07-30,0.31454010080287587
2013-07-31,0.6304696371653541
2013-08-01,0.43690316859512324
2013-08-02,0.7975623166560433
2013-08-05,0.3452752633669733
2013-08-06,0.36662536246759264
2013-08-07,0.6058463587512273
2013-08-08,0.6506551045223528
2013-08-09,0.4842610810921571
2013-08-12,0.4437013003802732
2013-08-13,0.44889389176923944
2013-08-14,0.31375065290604137
2013-08-15,0.837945856305247
2013-08-16,0.4780087744098096
2013-08-19,0.3558948911813121
2013-08-20,0.3987397785622088
2013-08-21,0.5654720951034231
2013-08-22,0.41433955576555925
2013-08-23,0.42182308406466584
2013-08-26,0.23172782168767528
2013-08-27,0.44435652388793795
2013-08-28,0.4130027493283166
2013-08-29,0.3507069846953117
2013-08-30,0.2705541275549109
2013-09-02,0.24941330574681617
2013-09-03,0.46631440629416315
2013-09-04,0.2353420881678826
2013-09-05,0.39595467619546687
2013-09-06,1.1505473918239397
2013-09-09,0.314534600355815
2013-09-10,0.22154798897338732
2013-09-11,0.3427394426129362
2013-09-12,0.29526568882246734
2013-09-13,0.2659377473008117
2013-09-16,0.365454572354769
2013-09-17,0.15585107590037148
2013-09-18,0.8357005078945611
2013-09-19,0.4326532363560683
2013-09-20,0.2234618567253459
2013-09-23,0.16924885639441162
2013-09-24,0.2920709537196705
2013-09-25,0.2065995054917289
2013-09-26,0.38294941687852146
2013-09-27,0.2591547248289024
2013-09-30,0.4171021104220718
2013-10-01,0.580716651316504
2013-10-02,0.32955463388801265
2013-10-03,0.4134034809208644
2013-10-04,0.3099757656840136
2013-10-07,0.22133540737435264
2013-10-08,0.24028662980847554
2013-10-09,0.26826130281603033
2013-10-10,0.20956263201592917
2013-10-11,0.2322333166947369
2013-10-14,0.1118958285554445
2013-10-15,0.2872034935414533
2013-10-16,0.282211779346761
2013-10-17,0.3144659782001764
2013-10-18,0.19298168770566423
2013-10-21,0.11658740125563344
2013-10-22,0.32739599985031964
2013-10-23,0.2719263981974154
2013-10-24,0.22356079544942076
2013-10-25,0.18903476977774966
2013-10-28,0.10067323404315305
2013-10-29,0.1404063352481996
2013-10-30,0.19616739839283143
2013-10-31,0.17350323510468493
2013-11-01,0.22180272118414704
2013-11-04,0.08366474595174739
2013-11-05,0.1807054544471408
2013-11-06,0.12253326944654169
2013-11-07,0.7911427579215558
2013-11-08,0.4989652452211037
2013-11-11,0.08753499775000297
2013-11-12,0.21311857333277348
2013-11-13,0.2043355209143957
2013-11-14,0.31088367845848136
2013-11-15,0.17767557600572748
2013-11-18,0.20687063985357387
2013-11-19,0.21903404619069766
2013-11-20,0.3386175066742098
2013-11-21,0.3020576317020395
2013-11-22,0.1841792916102547
2013-11-25,0.22774498402937157
2013-11-26,0.20282400168966916
2013-11-27,0.18385858122909957
2013-11-28,0.11140612311643086
2013-11-29,0.15714437542090237
2013-12-02,0.21396570190584088
2013-12-03,0.4078239541214278
2013-12-04,0.4029911660602047
2013-12-05,0.36394115264610855
2013-12-06,0.4288333823213989
2013-12-09,0.16137738342613492
2013-12-10,0.22055679848132126
2013-12-11,0.3060419039912031
2013-12-12,0.25908421145900074
2013-12-13,0.30031987762957524
2013-12-16,0.2333043272856603
2013-12-17,0.1177237759698561
2013-12-18,1.1445972875741512
2013-12-19,0.23419229554298884
2013-12-20,0.19576234003060652
2013-12-23,0.06881791911144998
2013-12-24,0.10195133353764199
2013-12-25,0.02268877176053733
2013-12-26,0.07675079114261285
2013-12-27,0.1036741405663247
2013-12-30,0.07474817114068831
2013-12-31,0.10720975500990267
2014-01-01,0.0
2014-01-02,0.18287434373175043
2014-01-03,0.2877163689621393
2014-01-06,0.36188738294602346
2014-01-07,0.21832202137361692
2014-01-08,0.2795511191269181
2014-01-09,0.13433535233749183
2014-01-10,0.46112258070344087
2014-01-13,0.3151499187385713
2014-01-14,0.24769073666947947
2014-01-15,0.18273870430676148
2014-01-16,0.19551252240460787
2014-01-17,0.10988055655067935
2014-01-20,0.14200886948387498
2014-01-21,0.17176564174340508
2014-01-22,0.19773085688838563
2014-01-23,0.3945135244023477
2014-01-24,0.6692757376760191
2014-01-27,0.5660423250547363
2014-01-28,0.4200032979632941
2014-01-29,0.6694629124797798
2014-01-30,0.34744219053611247
2014-01-31,0.4257962298699217
2014-02-03,0.5721162703303432
2014-02-04,0.4148220550041943
2014-02-05,0.5103335646181351
2014-02-06,0.25060423983340263
2014-02-07,1.182633137686943
2014-02-10,0.1671506429923869
2014-02-11,0.2308250117047829
2014-02-12,0.14639437668099275
2014-02-13,0.21110361125588345
2014-02-14,0.2940541078861032
2014-02-17,0.151786167226341
2014-02-18,0.39879273351526123
2014-02-19,0.15873547666264326
2014-02-20,0.28401290394975626
2014-02-21,0.14944344290668488
2014-02-24,0.11999131470866907
2014-02-25,0.1178300057892928
2014-02-26,0.10573085575338047
2014-02-27,0.20842622228355112
2014-02-28,0.249744836235166
2014-03-03,0.1642610439119201
2014-03-04,0.164255589911686
2014-03-05,0.13388986243270207
2014-03-06,0.17377623552109686
2014-03-07,0.4841680569234456
2014-03-10,0.15284237926638197
2014-03-11,0.15092452118609723
2014-03-12,0.16102119342253796
2014-03-13,0.3399586401391676
2014-03-14,0.26723150801784207
2014-03-17,0.17619778009557413
2014-03-18,0.2321375481754789
2014-03-19,0.3828426524778826
2014-03-20,0.1367961993997505
2014-03-21,0.15103737598681108
2014-03-24,0.1481128209170226
2014-03-25,0.09059351192222136
2014-03-26,0.11001252927928395
2014-03-27,0.19637497360209932
2014-03-28,0.15112024217610248
2014-03-31,0.17087231484857732
2014-04-01,0.12289695384276689
2014-04-02,0.12291780916360266
2014-04-03,0.09743091370932327
2014-04-04,0.1745559540872474
2014-04-07,0.12884704621427978
2014-04-08,0.2968438853033323
2014-04-09,0.23697566656056415
2014-04-10,0.26154195807323555
2014-04-11,0.22248890711640634
2014-04-14,0.131824864951306
2014-04-15,0.128500494731033
2014-04-16,0.1213305849285952
2014-04-17,0.087061194181696
2014-04-18,0.02764271216960005
2014-04-21,0.042114639595883484
2014-04-22,0.05520518222827284
2014-04-23,0.11107195390736067
2014-04-24,0.14229875998741356
2014-04-25,0.0891162887840369
2014-04-28,0.09142416720563006
2014-04-29,0.054919078135559865
2014-04-30,0.17623318768614618
2014-05-01,0.0589043676467722
2014-05-02,0.32073009595205965
2014-05-05,0.0810465660268372
2014-05-06,0.09894707349910392
2014-05-07,0.19094625124992917
2014-05-08,0.1389391004774017
2014-05-09,0.06910329731465098
2014-05-12,0.06323666889367548
2014-05-13,0.07718365054162861
2014-05-14,0.09693317733521743
2014-05-15,0.19212887056178726
2014-05-16,0.11652775354504426
2014-05-19,0.10337214347704668
2014-05-20,0.09177552577408686
2014-05-21,0.19501484281688708
2014-05-22,0.1126041605879478
2014-05-23,0.05820495732926633
2014-05-26,0.026036782882446034
2014-05-27,0.061573604327058294
2014-05-28,0.07106119646771294
2014-05-29,0.10490478635043782
2014-05-30,0.07128735329379277
2014-06-02,0.08449773872225666
2014-06-03,0.039369337408348096
2014-06-04,0.0649238057464922
2014-06-05,0.10658932111479595
2014-06-06,0.11881309492861247
2014-06-09,0.0398562096285396
2014-06-10,0.05826973217836723
2014-06-11,0.09266154616109384
2014-06-12,0.09668710152941873
2014-06-13,0.08953210873640395
2014-06-16,0.06854742830769259
2014-06-17,0.0660443419081701
2014-06-18,0.09217363769738857
2014-06-19,0.0534512624624937
2014-06-20,0.04752556517070018
2014-06-23,0.03770298633040649
2014-06-24,0.050136277957549664
2014-06-25,0.06098121637174748
2014-06-26,0.06863014332299992
2014-06-27,0.0682757701225766
2014-06-30,0.04418927591748166
2014-07-01,0.05003718870212786
2014-07-02,0.050805147288193034
2014-07-03,0.11413665973909086
2014-07-04,0.025153583638674225
2014-07-07,0.03421188829220902
2014-07-08,0.046233794431048095
2014-07-09,0.055343171092555744
2014-07-10,0.09110587270743216
2014-07-11,0.046500474816092485
2014-07-14,0.027302394614716632
2014-07-15,0.053096463287589525
2014-07-16,0.02477543069273127
2014-07-17,0.06551232474001363
2014-07-18,0.06070591104647828
2014-07-21,0.026012035143778766
2014-07-22,0.0523946421401725
2014-07-23,0.03360036436937433
2014-07-24,0.041491787327482016
2014-07-25,0.03774757876196723
2014-07-28,0.02615773856154498
2014-07-29,0.04683164644611149
2014-07-30,0.1490389825492472
2014-07-31,0.07166076438632558
2014-08-01,0.17347230652591183
2014-08-04,0.046965162840147644
2014-08-05,0.06677236629892258
2014-08-06,0.19935029139385316
2014-08-07,0.11243233908087835
2014-08-08,0.1763814267676383
2014-08-11,0.047584012708264754
2014-08-12,0.049113952099872224
2014-08-13,0.071664290718379
2014-08-14,0.054090517388794966
2014-08-15,0.09994666521352273
2014-08-18,0.03580053290316072
2014-08-19,0.047227725916410244
2014-08-20,0.17654260787347975
2014-08-21,0.07800050066120011
2014-08-22,0.14528787105672997
2014-08-25,0.07023435386835464
2014-08-26,0.07911250082550146
2014-08-27,0.06802292895433265
2014-08-28,0.08344868252397941
2014-08-29,0.06745484652361651
2014-09-01,0.02248983294505862
2014-09-02,0.10978018434202577
2014-09-03,0.15303966171970806
2014-09-04,0.17524359546140694
2014-09-05,0.2428917790736646
2014-09-08,0.15079402940128972
2014-09-09,0.16472840133334707
2014-09-10,0.1985039127692551
2014-09-11,0.2146431531321788
2014-09-12,0.10743219283606083
2014-09-15,0.06775756314989301
2014-09-16,0.15405822484234627
2014-09-17,0.3829467492721955
2014-09-18,0.2358829385491858
2014-09-19,0.3494649867283456
2014-09-22,0.17201022998408128
2014-09-23,0.18314151026187575
2014-09-24,0.20425461343555726
2014-09-25,0.26490829296790025
2014-09-26,0.18457378913570105
2014-09-29,0.1944511666199935
2014-09-30,0.15801753611221703
2014-10-01,0.2685610328538164
2014-10-02,0.5402621404873518
2014-10-03,0.40662712177380034
2014-10-06,0.22022810392885428
2014-10-07,0.43104666955021853
2014-10-08,0.6720913532040546
2014-10-09,0.39502489712489686
2014-10-10,0.26041441284176164
2014-10-13,0.2698405028780313
2014-10-14,0.29882542731082673
2014-10-15,1.0571830755714737
2014-10-16,0.5994580794899531
2014-10-17,0.3129216388526835
2014-10-20,0.19894079517178828
2014-10-21,0.229817418840772
2014-10-22,0.18008364981162392
2014-10-23,0.21889956543772926
2014-10-24,0.22107416815747954
2014-10-27,0.15822863077104418
2014-10-28,0.20253171932885275
2014-10-29,0.25417926414735786
2014-10-30,0.183440804876935
2014-10-31,1.036058715823831
2014-11-03,0.4251250998722823
2014-11-04,0.3388717838001084
2014-11-05,0.384620862986706
2014-11-06,0.7102045886414444
2014-11-07,0.6990497406517875
2014-11-10,0.2884086922632541
2014-11-11,0.5947625267283324
2014-11-12,0.5307354392207316
2014-11-13,0.2849639104563795
2014-11-14,0.4740730834459537
2014-11-17,0.6096290939318981
2014-11-18,0.31429101295974265
2014-11-19,0.26613308100735356
2014-11-20,0.5920860692852203
2014-11-21,0.5440832226624869
2014-11-24,0.19797002023825924
2014-11-25,0.3125464602810566
2014-11-26,0.1511540611934285
2014-11-27,0.13737792976079727
2014-11-28,0.14341700586729078
2014-12-01,0.6336560358180959
2014-12-02,0.149694284228105
2014-12-03,0.16376744989908287
2014-12-04,0.2993169725763141
2014-12-05,0.5400168670234247
2014-12-08,0.33018654913328893
2014-12-09,1.1363611926569377
2014-12-10,1.253012547075002
2014-12-11,0.9342662453541655
2014-12-12,0.7604398881599173
2014-12-15,1.0900893672016416
2014-12-16,1.607539286825831
2014-12-17,1.2302763844020508
2014-12-18,0.5677168674381174
2014-12-19,0.3695365884833914
2014-12-22,0.14265118560916745
2014-12-23,0.12199127462224912
2014-12-24,0.10096771835328547
2014-12-26,0.05652806955717758
2014-12-29,0.0973736856908484
2014-12-30,0.573121132021221
2014-12-31,0.2348271292310013
2015-01-02,0.267571811882078
2015-01-05,0.4513550848219231
2015-01-06,0.8246594259921636
2015-01-07,0.5137972950945644
2015-01-08,0.2497486071513765
2015-01-09,0.5918894512525921
2015-01-12,0.4213374736324567
2015-01-13,0.709072740828199
2015-01-14,0.9550105061377171
2015-01-15,1.1129577857340112
2015-01-16,0.8073984462601106
2015-01-19,0.3580912196837935
2015-01-20,0.39845595973698966
2015-01-21,0.8561716752155615
2015-01-22,0.6068569472657526
2015-01-23,0.5175351718751051
2015-01-26,0.4046517014082676
2015-01-27,0.4019451361511365
2015-01-28,0.44724648155723956
2015-01-29,0.41462241575023395
2015-01-30,0.2888626099354418
2015-02-02,0.3855408083597337
2015-02-03,0.3456806729979716
2015-02-04,0.2777523587328877
2015-02-05,0.18380128602252963
2015-02-06,1.1182981592605539
2015-02-09,0.19195099988765013
2015-02-10,0.203163470158146
2015-02-11,0.25078379009591734
2015-02-12,1.33840903424708
2015-02-13,0.4115062429745692
2015-02-16,0.14504073868039563
2015-02-17,0.16564984715596076
2015-02-18,0.3314683010332421
2015-02-19,0.14225733159669868
2015-02-20,0.16887006055388123
2015-02-23,0.12649456151475838
2015-02-24,0.22668203216329247
2015-02-25,0.1097337582609714
2015-02-26,0.13264209079859743
2015-02-27,0.1445798810347716
2015-03-02,0.09539980264368689
2015-03-03,0.17615059154293952
2015-03-04,0.10411531145474336
2015-03-05,0.12009652518287474
2015-03-06,0.5567116964912286
2015-03-09,0.1330883377389063
2015-03-10,0.4448652463809099
2015-03-11,0.2616896578400107
2015-03-12,0.27843089076617017
2015-03-13,0.1404200361813278
2015-03-16,0.087806742736602
2015-03-17,0.07895195473132977
2015-03-18,0.7042354636674584
2015-03-19,0.2828804873046023
2015-03-20,0.2191465312726726
2015-03-23,0.18864029866241186
2015-03-24,0.2736431752448092
2015-03-25,0.12635473095669136
2015-03-26,0.29196197802883295
2015-03-27,0.19297565338148
2015-03-30,0.14194880020468023
2015-03-31,0.16898955130344268
2015-04-01,0.3679414141813012
2015-04-02,0.16006911871382185
2015-04-03,0.6909516949499535
2015-04-06,0.11287062585094386
2015-04-07,0.12591824884830538
2015-04-08,0.31334884351324316
2015-04-09,0.15064397414386074
2015-04-10,0.13973556097600445
2015-04-13,0.21560463878599437
2015-04-14,0.31879182853266846
2015-04-15,0.1681017269285805
2015-04-16,0.2343003510011072
2015-04-17,0.2003170034271337
2015-04-20,0.15350040260545267
2015-04-21,0.15971851871638584
2015-04-22,0.13404904374221194
2015-04-23,0.14704578176852506
2015-04-24,0.18363146764605306
2015-04-27,0.12579993184738553
2015-04-28,0.11106195891320285
2015-04-29,0.3021610021176855
2015-04-30,0.3596461082332066
2015-05-01,0.12480041329203317
2015-05-04,0.07382242312504474
2015-05-05,0.18124469815017466
2015-05-06,0.14581106923824164
2015-05-07,0.1973943643377081
2015-05-08,0.27971878399615946
2015-05-11,0.06670421712856918
2015-05-12,0.08969580943325452
2015-05-13,0.13574466383849912
2015-05-14,0.1252200645499625
2015-05-15,0.18060296799581765
2015-05-18,0.09404914328213096
2015-05-19,0.110512639106953
2015-05-20,0.28303116216649343
2015-05-21,0.12415000123796717
2015-05-22,0.33689897919150685
2015-05-25,0.05618769031684894
2015-05-26,0.4107602852398008
2015-05-27,0.266162877085292
2015-05-28,0.43952167610742254
2015-05-29,0.22772746093740565
2015-06-01,0.26425352548305137
2015-06-02,0.3282581389332246
2015-06-03,0.2779357279925379
2015-06-04,0.2123864910535734
2015-06-05,0.5582486719270471
2015-06-08,0.29354156901675676
2015-06-09,0.24735315185702564
2015-06-10,0.8813343077469062
2015-06-11,0.3145180515337805
2015-06-12,0.16914247238762412
2015-06-15,0.13380931956734707
2015-06-16,0.15350444867550952
2015-06-17,0.23781242084666748
2015-06-18,0.238886385484165
2015-06-19,0.14754603873911315
2015-06-22,0.14456090897096993
2015-06-23,0.14618641174638988
2015-06-24,0.1727992169581105
2015-06-25,0.1535046791084911
2015-06-26,0.10669449239877582
2015-06-29,0.7114858386375581
2015-06-30,0.3137673177444628
2015-07-01,0.1487657474112732
2015-07-02,0.3589515050428158
2015-07-03,0.1693918642142824
2015-07-06,0.30485508217894036
2015-07-07,0.20021835481807213
2015-07-08,0.4857025518541763
2015-07-09,0.2678122037555052
2015-07-10,0.27240952229664306
2015-07-13,0.21627588486818186
2015-07-14,0.12526834293052783
2015-07-15,0.16510873730550063
2015-07-16,0.0923471893534682
2015-07-17,0.07125828054594288
2015-07-20,0.04895409184078688
2015-07-21,0.09497286096963957
2015-07-22,0.11591125709505312
2015-07-23,0.11104985363480081
2015-07-24,0.10530827774404086
2015-07-27,0.13741157632359952
2015-07-28,0.12158086418313808
2015-07-29,0.1374081237001229
2015-07-30,0.10784782283914977
2015-07-31,0.27526055584146153
2015-08-03,0.07218369544318923
2015-08-04,0.11511787670339821
2015-08-05,0.14567586824799636
2015-08-06,0.0662925230691319
2015-08-07,0.29416985425767045
2015-08-10,0.08890308590158645
2015-08-11,0.16817979223825558
2015-08-12,0.28063402557221867
2015-08-13,0.15710673853494792
2015-08-14,0.0813922465617143
2015-08-17,0.061791234953680337
2015-08-18,0.05052897799986897
2015-08-19,0.13767442759694615
2015-08-20,0.13673926552001509
2015-08-21,0.3968060345564036
2015-08-24,5.590871606263534
2015-08-25,1.5647163231555832
2015-08-26,1.1634775176700551
2015-08-27,0.5995407710762387
2015-08-28,0.392996520329979
2015-08-31,0.24852698313044627
2015-09-01,0.698844124378856
2015-09-02,0.65416068954673
2015-09-03,0.37924000042585426
2015-09-04,0.8291098357600885
2015-09-07,0.2915094188969898
2015-09-08,0.33764718263714516
2015-09-09,0.30989117944082206
2015-09-10,0.7550482336905582
2015-09-11,0.20781276716707983
2015-09-14,0.21497669843879683
2015-09-15,0.27237269190906527
2015-09-16,0.1608460305288003
2015-09-17,0.43621325020823126
2015-09-18,0.3933800399152937
2015-09-21,0.18879912898951248
2015-09-22,0.20769822109193334
2015-09-23,0.2987690151705354
2015-09-24,0.30135729158790675
2015-09-25,0.3441087337806396
2015-09-28,0.2683863826333833
2015-09-29,0.3254779114439879
2015-09-30,0.25037523759439584
2015-10-01,0.24940618521361818
2015-10-02,0.9373061232816422
2015-10-05,0.12554530178424106
2015-10-06,0.12665372689437784
2015-10-07,0.16894763442568955
2015-10-08,0.1131153438638574
2015-10-09,0.07206301695576957
2015-10-12,0.030862898024806316
2015-10-13,0.07783856683806595
2015-10-14,0.19116094302260575
2015-10-15,0.4532662155865453
2015-10-16,0.20244963429082177
2015-10-19,0.1279303473931604
2015-10-20,0.0969360662061695
2015-10-21,0.09310099772056246
2015-10-22,0.16446792339406102
2015-10-23,0.26549115793666345
2015-10-26,0.1509081279114866
2015-10-27,0.18133940523171774
2015-10-28,0.32819346458471765
2015-10-29,0.14955657000295836
2015-10-30,0.47699440368655593
2015-11-02,0.07958688467904054
2015-11-03,0.06866122992547523
2015-11-04,0.18379282497671826
2015-11-05,0.14866234371361495
2015-11-06,0.5645013553296921
2015-11-09,0.14550264960623477
2015-11-10,0.12010919509264244
2015-11-11,0.10425336434653175
2015-11-12,0.14860092973882638
2015-11-13,0.13594747221765657
2015-11-16,0.12541059314164293
2015-11-17,0.0959881987149365
2015-11-18,0.07003051349898123
2015-11-19,0.1664616210958358
2015-11-20,0.09252924012354494
2015-11-23,0.06661153821903554
2015-11-24,0.10352342151433523
2015-11-25,0.09551318008378926
2015-11-26,0.03624077721260824
2015-11-27,0.06042201499572472
2015-11-30,0.06990912510445783
2015-12-01,0.14784390070104142
2015-12-02,0.08994415021659885
2015-12-03,0.291801659358547
2015-12-04,0.475989122477553
2015-12-07,0.06708687623976055
2015-12-08,0.10339111832616524
2015-12-09,0.33714040247888816
2015-12-10,0.22584081472032255
2015-12-11,0.3503618648188688
2015-12-14,0.3229109548165362
2015-12-15,0.21428169958953022
2015-12-16,0.43837768140474576
2015-12-17,0.20089185508830373
2015-12-18,1.0162496118005946
2015-12-21,0.15582428768920817
2015-12-22,0.12438793805448088
2015-12-23,0.0501090879008481
2015-12-24,0.11103064992971903
2015-12-28,0.09732123468239873
2015-12-29,0.0772823202544641
2015-12-30,0.044947252936835706
2015-12-31,0.10014676062696194
2016-01-04,0.4216883226273891
2016-01-05,0.321563129530009
2016-01-06,0.5538173274013459
2016-01-07,0.7150411226095834
2016-01-08,0.6310587570807773
2016-01-11,0.5491412877789109
2016-01-12,0.38081278477869274
2016-01-13,0.3706408886779696
2016-01-14,0.3996017393809796
2016-01-15,0.5644792584283642
2016-01-18,0.26416323780751894
2016-01-19,0.33601636349718234
2016-01-20,0.7566962712884686
2016-01-21,0.7472640465332036
2016-01-22,0.3658952470770012
2016-01-25,0.292122525875964
2016-01-26,0.2668414686814505
2016-01-27,0.3209262986892852
2016-01-28,0.24792306420662993
2016-01-29,4.281293180058828
2016-02-01,0.2511279864019344
2016-02-02,0.3035159694465427
2016-02-03,1.206518255763555
2016-02-04,0.7459843060980481
2016-02-05,0.5030760334216595
2016-02-08,0.6679839171686587
2016-02-09,1.4132495742148614
2016-02-10,1.5520522583514995
2016-02-11,2.2034426057046765
2016-02-12,1.2413968810487814
2016-02-15,0.38800860527227976
2016-02-16,0.4884320310328784
2016-02-17,0.6103829869474555
2016-02-18,0.42123203229595824
2016-02-19,0.4419037465927995
2016-02-22,0.3399106094538667
2016-02-23,0.6512936431239088
2016-02-24,0.4710232458176358
2016-02-25,0.5321994720400841
2016-02-26,0.36425573913247095
2016-02-29,0.4325991471718618
2016-03-01,0.533763809204315
2016-03-02,0.4363271102595428
2016-03-03,0.32554922673501324
2016-03-04,0.539295813839834
2016-03-07,0.2318403930293156
2016-03-08,0.3840159766575903
2016-03-09,0.312518030340883
2016-03-10,0.8657819537400823
2016-03-11,0.3839957814088642
2016-03-14,0.17392889639831052
2016-03-15,0.3580317804480806
2016-03-16,0.5913494521252995
2016-03-17,1.26030525703553
2016-03-18,0.4597505308484158
2016-03-21,0.147109620339618
2016-03-22,0.3969361913091725
2016-03-23,0.23598397120022238
2016-03-24,0.2133710164959529
2016-03-25,0.11985537545640185
2016-03-28,0.14685951814731846
2016-03-29,0.3814270942106586
2016-03-30,0.28472558412865767
2016-03-31,0.2724844538751209
2016-04-01,0.481709526510466
2016-04-04,0.24028392747003316
2016-04-05,0.4904523010365821
2016-04-06,0.40477824893761866
2016-04-07,0.6220554183620789
2016-04-08,0.5342370534411409
2016-04-11,0.47082064421195396
2016-04-12,0.32810387394848456
2016-04-13,0.2603577959510974
2016-04-14,0.2750635070460602
2016-04-15,0.2740831932985651
2016-04-18,0.44464276185792
2016-04-19,0.3308938946933617
2016-04-20,0.2795905560540004
2016-04-21,0.26308514046389997
2016-04-22,0.574603950937192
2016-04-25,0.3411493547567573
2016-04-26,0.3028561816315866
2016-04-27,0.2237979194235035
2016-04-28,5.78614784306642
2016-04-29,0.6281069926318616
2016-05-02,0.44240916783663836
2016-05-03,0.36053944932216575
2016-05-04,0.7565210164167625
2016-05-05,0.2609984933703307
2016-05-06,0.35076861442157936
2016-05-09,0.39874008790255944
2016-05-10,0.32281945512440086
2016-05-11,0.35259325741827796
2016-05-12,0.2992291792339329
2016-05-13,0.5269368726654765
2016-05-16,0.21085601983936542
2016-05-17,0.23816113974584913
2016-05-18,0.49273077517140823
2016-05-19,0.30161974649963075
2016-05-20,0.20313676993640992
2016-05-23,0.26723885587754187
2016-05-24,0.15586007416334147
2016-05-25,0.1786926980697435
2016-05-26,0.4370138928773657
2016-05-27,0.24654011456075559
2016-05-30,0.19493792055450004
2016-05-31,0.26319824890565796
2016-06-01,0.7354494644300166
2016-06-02,0.4376612242070086
2016-06-03,1.384870962696239
2016-06-06,0.5080901542548425
2016-06-07,0.2999582451104911
2016-06-08,0.3414890546466715
2016-06-09,0.35440669416008136
2016-06-10,0.38749126510336324
2016-06-13,0.48261818345887014
2016-06-14,0.41606936031988484
2016-06-15,0.3400279257539478
2016-06-16,1.2609709088270216
2016-06-17,0.35591635920929426
2016-06-20,0.3789600191453275
2016-06-21,0.45389867790998245
2016-06-22,0.22205662834159712
2016-06-23,0.8124536515493339
2016-06-24,20.795656404247783
2016-06-27,0.835794360729206
2016-06-28,0.4463518554130025
2016-06-29,0.2924842763476038
2016-06-30,0.4076069779390001
2016-07-01,0.22854355535865356
2016-07-04,0.09515400180493847
2016-07-05,0.25981524089175906
2016-07-06,0.9757931712754382
2016-07-07,0.4042816277342604
2016-07-08,1.1779688747560466
2016-07-11,0.46508864263844807
2016-07-12,0.9683902467064915
2016-07-13,0.8040059287492023
2016-07-14,0.8451300392087201
2016-07-15,1.0725931037790595
2016-07-18,0.6916332978967389
2016-07-19,0.48016386016843277
2016-07-20,0.34339129702178095
2016-07-21,1.2402274379109346
2016-07-22,0.48317382090165917
2016-07-25,0.285565207466603
2016-07-26,0.672961312733936
2016-07-27,1.5148334175290523
2016-07-28,0.5666222070869578
2016-07-29,4.589175387547445
2016-08-01,0.3982132907205077
2016-08-02,0.5584057562644058
2016-08-03,0.45731384749107495
2016-08-04,0.3111858037726159
2016-08-05,0.38220151617451714
2016-08-08,0.24287080848324086
2016-08-09,0.13650483772809224
2016-08-10,0.36160915037168867
2016-08-11,0.2522225630352673
2016-08-12,0.5999405040083287
2016-08-15,0.23188518722132878
2016-08-16,0.6719982378312396
2016-08-17,0.5626047132160815
2016-08-18,0.6228739334092034
2016-08-19,0.3106681623584665
2016-08-22,0.31063321212788847
2016-08-23,0.23085265697110202
2016-08-24,0.18947172226181713
2016-08-25,0.11266629466542988
2016-08-26,0.5980011176653194
2016-08-29,0.20611272309035392
2016-08-30,0.23006674626574936
2016-08-31,0.2580988709625913
2016-09-01,0.3429040535028916
2016-09-02,0.5177796229573461
2016-09-05,0.3062842770504371
2016-09-06,0.6467888774947032
2016-09-07,0.5076588808485961
2016-09-08,0.3542126315160343
2016-09-09,0.512799092212267
2016-09-12,0.41526395125297977
2016-09-13,0.4797312564006738
2016-09-14,0.5465069816152901
2016-09-15,0.4573887465560092
2016-09-16,0.3402281278731819
2016-09-19,0.19010195443401404
2016-09-20,0.22689310189316994
2016-09-21,1.6562731136141238
2016-09-22,0.3505798040581778
2016-09-23,0.3002400520711959
2016-09-26,0.2603954174887518
2016-09-27,0.4055704394873728
2016-09-28,0.27680158766587926
2016-09-29,0.36697188594561564
2016-09-30,0.6747348167537465
2016-10-03,0.24497122245639474
2016-10-04,0.29961885132760246
2016-10-05,0.4003940558274777
2016-10-06,0.23255221959755024
2016-10-07,0.5273814457438037
2016-10-10,0.17409743980519984
2016-10-11,0.4064866162935214
2016-10-12,0.34384334434831004
2016-10-13,0.48123636566059746
2016-10-14,0.38762702115340986
2016-10-17,0.2262572557242612
2016-10-18,0.19095352531529916
2016-10-19,0.19973511190761142
2016-10-20,0.18490156214148698
2016-10-21,0.19323558295046678
2016-10-24,0.11244119835124557
2016-10-25,0.18245727523262728
2016-10-26,0.19896464557390373
2016-10-27,0.17757150329970964
2016-10-28,0.40582619983163953
2016-10-31,0.18404408569522218
2016-11-01,0.31756003355316387
2016-11-02,0.41778389013462086
2016-11-03,0.4513943119540572
2016-11-04,0.2546791688830691
2016-11-07,0.33772479990093135
2016-11-08,0.20745164594773027
2016-11-09,5.791822545617245
2016-11-10,1.2034502659168373
2016-11-11,0.6745390624165166
2016-11-14,0.7013317125035707
2016-11-15,0.6650213613325963
2016-11-16,0.525300910898676
2016-11-17,0.886564707021625
2016-11-18,0.7636254405423533
2016-11-21,0.6051583919703275
2016-11-22,0.49263552054004867
2016-11-23,0.583891714980462
2016-11-24,0.45712134631198964
2016-11-25,0.8020196916524316
2016-11-28,0.851444477391987
2016-11-29,0.7368288108669664
2016-11-30,0.9640300836865648
2016-12-01,0.772231769021211
2016-12-02,0.6571635912105895
2016-12-05,0.9372684145049901
2016-12-06,0.41104968135058484
2016-12-07,0.287748918467003
2016-12-08,0.6251393731834726
2016-12-09,0.41325421435879833
2016-12-12,0.48713523491439614
2016-12-13,0.38430138125200314
2016-12-14,0.8552990328724707
2016-12-15,0.9240214283808441
2016-12-16,0.4883462292015653
2016-12-19,0.5994805370761234
2016-12-20,0.45827369998912504
2016-12-21,0.3604776870156292
2016-12-22,0.2996272107930916
2016-12-23,0.09023832437669621
2016-12-26,0.14485921250306155
2016-12-27,0.09635254784600514
2016-12-28,0.19045833375650345
2016-12-29,0.40849878283614127
2016-12-30,0.4822766942227589
2017-01-03,0.49190677673251487
2017-01-04,0.5277388424447931
2017-01-05,1.329702313777985
2017-01-06,0.7634170895413843
2017-01-09,0.48375149373696014
2017-01-10,0.6838590420537051
2017-01-11,1.7392848339384095
2017-01-12,1.08546146408519
2017-01-13,0.8726569751872175
2017-01-16,0.3595032016829568
2017-01-17,0.8425057872614076
2017-01-18,0.5862629203086063
2017-01-19,0.6698676528670444
2017-01-20,0.7699692365233952
2017-01-23,0.9268167392107649
2017-01-24,0.553553211743296
2017-01-25,0.5976953596274829
2017-01-26,0.5763735580338685
2017-01-27,0.5775462118789728
2017-01-30,0.4317725943992949
2017-01-31,1.0895625694604079
2017-02-01,0.6959608071866413
2017-02-02,0.5666369688316208
2017-02-03,0.8125220774298676
2017-02-06,0.3690792852686029
2017-02-07,0.3373651155895477
2017-02-08,0.3480469798427015
2017-02-09,0.47243780674106994
2017-02-10,0.3824447770861363
2017-02-13,0.2578754509814007
2017-02-14,0.47427944006323725
2017-02-15,0.43682598074074647
2017-02-16,0.407806510653643
2017-02-17,0.25603374254416184
2017-02-20,0.09432339788842092
2017-02-21,0.1633390817291771
2017-02-22,0.3463305106558456
2017-02-23,0.2465674572101877
2017-02-24,0.20944090169441631
2017-02-27,0.34465901917220004
2017-02-28,0.5343888793837446
2017-03-01,0.4630979539026679
2017-03-02,0.21780035389057867
2017-03-03,0.2740838446116786
2017-03-06,0.18341818017622546
2017-03-07,0.11617077272274677
2017-03-08,0.22864577515219736
2017-03-09,0.20168487451165265
2017-03-10,0.29842204481018275
2017-03-13,0.1404449273052423
2017-03-14,0.12755650379878647
2017-03-15,0.6288269839346153
2017-03-16,0.2953309341693971
2017-03-17,0.16426836269936063
2017-03-20,0.15434199698830472
2017-03-21,0.2827224754358732
2017-03-22,0.5190961135059248
2017-03-23,0.4216849602791335
2017-03-24,0.33675391996701143
2017-03-27,0.3143463761474986
2017-03-28,0.25923752166620295
2017-03-29,0.25971089569015354
2017-03-30,0.4021137193801981
2017-03-31,0.3132765237495398
2017-04-03,0.18447952975131687
2017-04-04,0.2250803042826853
2017-04-05,0.3093928500810259
2017-04-06,0.33662563782347
2017-04-07,0.8016169636300313
2017-04-10,0.18174290533712031
2017-04-11,0.2543887020730061
2017-04-12,0.37680473717290924
2017-04-13,0.2375443411593232
2017-04-14,0.09268550131683964
2017-04-17,0.20195203401203263
2017-04-18,0.29942399354892674
2017-04-19,0.2201094315229414
2017-04-20,0.3236411119278562
2017-04-21,0.21186761786593417
2017-04-24,0.3701467799783878
2017-04-25,0.2825978458587643
2017-04-26,0.6182740682786364
2017-04-27,0.23207889303660634
2017-04-28,0.21820103976770513
2017-05-01,0.17580956014066904
2017-05-02,0.11236432675163843
2017-05-03,0.11880989021764188
2017-05-04,0.18179880034907087
2017-05-05,0.1903520149935233
2017-05-08,0.1928050217695921
2017-05-09,0.25567137605940826
2017-05-10,0.23461654234328694
2017-05-11,0.21690930435351838
2017-05-12,0.2575933395880427
2017-05-15,0.1902722051141363
2017-05-16,0.257958902329411
2017-05-17,0.4510125127244586
2017-05-18,0.8385493479692251
2017-05-19,0.40978605638200877
2017-05-22,0.26516815087266393
2017-05-23,0.3395978736065063
2017-05-24,0.33472007683552796
2017-05-25,0.13392697878814527
2017-05-26,0.20118040221187944
2017-05-29,0.07148192709690271
2017-05-30,0.218631663775975
2017-05-31,0.26350975576756913
2017-06-01,0.20068744746310918
2017-06-02,0.3829940841271359
2017-06-05,0.1287605978679715
2017-06-06,0.24758171247875418
2017-06-07,0.26292079624840764
2017-06-08,0.3034446519651685
2017-06-09,0.26709337609680633
2017-06-12,0.16472823085133817
2017-06-13,0.11118341852437337
2017-06-14,0.6039705217567782
2017-06-15,0.3463844192706656
2017-06-16,0.26326768625996677
2017-06-19,0.18285506485342842
2017-06-20,0.180424042916197
2017-06-21,0.175657991616086
2017-06-22,0.2089068898183342
2017-06-23,0.08497101074731392
2017-06-26,0.17134185665732338
2017-06-27,0.21963470021267814
2017-06-28,0.24733248151565448
2017-06-29,0.2888941803613532
2017-06-30,0.2884662566349356
2017-07-03,0.19272721343866112
2017-07-04,0.13571672183886863
2017-07-05,0.24936020176571466
2017-07-06,0.21876328326072603
2017-07-07,0.3087704180719024
2017-07-10,0.12302079635256491
2017-07-11,0.20209427387534915
2017-07-12,0.3336376836797252
2017-07-13,0.2129420146226928
2017-07-14,0.4438267279652161
2017-07-17,0.13540396194842924
2017-07-18,0.28140847471427316
2017-07-19,0.19721870272839276
2017-07-20,0.29497981200671686
2017-07-21,0.21527167314693796
2017-07-24,0.20608328511064236
2017-07-25,0.24116278782502384
2017-07-26,0.2734295875040219
2017-07-27,0.3115134616923371
2017-07-28,0.30266447013675907
2017-07-31,0.1692756333076641
2017-08-01,0.22809549535638388
2017-08-02,0.19968217140105535
2017-08-03,0.23964026989605883
2017-08-04,0.4394640061550208
2017-08-07,0.07812590884788785
2017-08-08,0.17136273611600114
2017-08-09,0.2771460410950641
2017-08-10,0.22771230500562994
2017-08-11,0.28019802603444566
2017-08-14,0.17874758650107858
2017-08-15,0.2538355364469358
2017-08-16,0.1667891019447698
2017-08-17,0.38541655359979027
2017-08-18,0.3692857880236513
2017-08-21,0.19341675986474255
2017-08-22,0.19689474551402153
2017-08-23,0.2011862756440734
2017-08-24,0.1609347441647532
2017-08-25,0.3447410874001534
2017-08-28,0.11551494325305053
2017-08-29,0.5729818643937609
2017-08-30,0.22614899679187925
2017-08-31,0.17435646565064297
2017-09-01,0.3747382640117707
2017-09-04,0.20571762218254258
2017-09-05,0.2618142323668767
2017-09-06,0.3145997977051866
2017-09-07,0.2977090183646216
2017-09-08,0.4444097033710482
2017-09-11,0.2059109161234673
2017-09-12,0.2170262638903973
2017-09-13,0.19564052798757067
2017-09-14,0.4713801424316583
2017-09-15,0.47849149229468557
2017-09-18,0.14447942697714447
2017-09-19,0.2701516925147624
2017-09-20,0.5134797217374126
2017-09-21,0.2404967474449662
2017-09-22,0.27140595263947276
2017-09-25,0.3332126384486292
2017-09-26,0.2851752418596882
2017-09-27,0.28996559704168806
2017-09-28,0.2875412340304911
2017-09-29,0.2608531681316593
2017-10-02,0.18128930684660619
2017-10-03,0.21872383218017438
2017-10-04,0.18809875217484692
2017-10-05,0.10247487371752152
2017-10-06,0.24348667871681198
2017-10-09,0.08810110599410567
2017-10-10,0.13433370829416588
2017-10-11,0.13914652335895478
2017-10-12,0.1000612143271447
2017-10-13,0.2956648469130882
2017-10-16,0.17422887522673364
2017-10-17,0.1038452565328738
2017-10-18,0.09923527299535696
2017-10-19,0.2163490090639435
2017-10-20,0.20228686695106718
2017-10-23,0.15945920899139399
2017-10-24,0.15585310133511338
2017-10-25,0.21875108506669858
2017-10-26,0.19867465433690135
2017-10-27,0.29569266789630794
2017-10-30,0.16282195981802988
2017-10-31,0.17997159466151644
2017-11-01,0.18463164445655345
2017-11-02,0.2666239665446228
2017-11-03,0.23887718339975786
2017-11-06,0.23202387846149142
2017-11-07,0.13328108811363726
2017-11-08,0.14959146522448147
2017-11-09,0.24307977520261412
2017-11-10,0.1596771704815828
2017-11-13,0.09691027130383405
2017-11-14,0.14193693263655263
2017-11-15,0.2887488503909239
2017-11-16,0.17626742668800668
2017-11-17,0.2110299865004985
2017-11-20,0.18456797460400298
2017-11-21,0.13659876580125993
2017-11-22,0.1982955265535747
2017-11-23,0.09893317997340358
2017-11-24,0.10293858498438337
2017-11-27,0.19894991162821055
2017-11-28,0.2691119446598814
2017-11-29,0.23966277815463846
2017-11-30,0.212532143969884
2017-12-01,0.7656263423711853
2017-12-04,0.1628861098215956
2017-12-05,0.19094772982083036
2017-12-06,0.21774377027759276
2017-12-07,0.12200751548475536
2017-12-08,0.11824409247406965
2017-12-11,0.10495508781568287
2017-12-12,0.1394543827376512
2017-12-13,0.3099599575462641
2017-12-14,0.182620709586321
2017-12-15,0.1439863304670679
2017-12-18,0.08154930768760386
2017-12-19,0.0798481517403145
2017-12-20,0.07685777265979066
2017-12-21,0.07029448954677758
2017-12-22,0.0336356151363714
2017-12-26,0.01686740963440219
2017-12-27,0.05352689767053465
2017-12-28,0.06513522798603717
2017-12-29,0.08036998818054598
2018-01-02,0.10299346763230335
2018-01-03,0.10927194236780674
2018-01-04,0.07906614160334591
2018-01-05,0.09579153971585583
2018-01-08,0.0750341122398074
2018-01-09,0.18923598256385635
2018-01-10,0.32219508334071956
2018-01-11,0.222138630172617
2018-01-12,0.2660469170374578
2018-01-15,0.20898332086172192
2018-01-16,0.18611461542106708
2018-01-17,0.28549405781352166
2018-01-18,0.32524553549822904
2018-01-19,0.19250722220660083
2018-01-22,0.13506894504323969
2018-01-23,0.282398974904575
2018-01-24,0.3653273658184305
2018-01-25,0.7979917044637517
2018-01-26,0.9685939925775213
2018-01-29,0.22964071755601237
2018-01-30,0.2899963767002574
2018-01-31,0.34833824048702394
2018-02-01,0.25701319138678114
2018-02-02,0.4383054270378372
2018-02-05,0.5369429354410148
2018-02-06,0.5902388944012003
2018-02-07,0.3839227781389303
2018-02-08,0.41055680066671113
2018-02-09,0.5336257199085861
2018-02-12,0.15266146477005416
2018-02-13,0.28347644814349227
2018-02-14,0.6019865914257848
2018-02-15,0.5921977990064462
2018-02-16,0.40540882002426043
2018-02-19,0.15557663070007519
2018-02-20,0.1997172462324101
2018-02-21,0.350421120145353
2018-02-22,0.3237288673150158
2018-02-23,0.17753571038416793
2018-02-26,0.23522070000727233
2018-02-27,0.26033724357167415
2018-02-28,0.2568032161672361
2018-03-01,0.3229281067108312
2018-03-02,0.3942127175884553
2018-03-05,0.2222813531880433
2018-03-06,0.2519071295173817
2018-03-07,0.48161602537158843
2018-03-08,0.13659850648196573
2018-03-09,0.19924398875874855
2018-03-12,0.1798138282702937
2018-03-13,0.3306021097026639
2018-03-14,0.23604542927119457
2018-03-15,0.25383582853630804
2018-03-16,0.2334227208630061
2018-03-19,0.24551060225959284
2018-03-20,0.256098943176411
2018-03-21,0.18411998893624848
2018-03-22,0.2897797461438765
2018-03-23,0.4254429795107663
2018-03-26,0.1926441385862093
2018-03-27,0.18546194056370052
2018-03-28,0.30192402192653717
2018-03-29,0.1618143371415261
2018-03-30,0.09428993878316094
2018-04-02,0.13232692098042304
2018-04-03,0.2464819564501599
2018-04-04,0.2341031036730242
2018-04-05,0.15861864053841193
2018-04-06,0.28419947507319565
2018-04-09,0.14287109914563123
2018-04-10,0.23057028823996442
2018-04-11,0.1778241966980481
2018-04-12,0.13263414365057807
2018-04-13,0.12174924286043766
2018-04-16,0.11381974599480256
2018-04-17,0.07357476715178853
2018-04-18,0.06822200350417824
2018-04-19,0.09061373516384535
2018-04-20,0.12228983539204813
2018-04-23,0.12733719084404574
2018-04-24,0.1651057600161088
2018-04-25,0.1565532942716866
2018-04-26,0.12405277898949245
2018-04-27,0.1514314691444102
2018-04-30,0.08582811966915276
2018-05-01,0.09455221270964088
2018-05-02,0.16870162586028137
2018-05-03,0.13536564069478357
2018-05-04,0.1892417653985125
2018-05-07,0.11269909375306852
2018-05-08,0.21061501300417998
2018-05-09,0.16593290718800302
2018-05-10,0.219160768359511
2018-05-11,0.15020844133085556
2018-05-14,0.08212914604547046
2018-05-15,0.17504830080989825
2018-05-16,0.1155339287159723
2018-05-17,0.12930619115659497
2018-05-18,0.10742127110731786
2018-05-21,0.09346096993750358
2018-05-22,0.13041711830599617
2018-05-23,0.28450366389739984
2018-05-24,0.28272375301430513
2018-05-25,0.21409591589186514
2018-05-28,0.14155789379115932
2018-05-29,0.43843000387899445
2018-05-30,0.3833077481719715
2018-05-31,0.26038499754505945
2018-06-01,0.20594157413142675
2018-06-04,0.11971664136545297
2018-06-05,0.1381763097806461
2018-06-06,0.12451468675759882
2018-06-07,0.15587372463557414
2018-06-08,0.18372675739407657
2018-06-11,0.12993604967746572
2018-06-12,0.15215498585253381
2018-06-13,0.18743720350622248
2018-06-14,0.17270015419530244
2018-06-15,0.22156615038136018
2018-06-18,0.08729329648375249
2018-06-19,0.26569703473424994
2018-06-20,0.14551507522040932
2018-06-21,0.17253347027821495
2018-06-22,0.11799189485478052
2018-06-25,0.3057529835028262
2018-06-26,0.15900734514031475
2018-06-27,0.23191416105142776
2018-06-28,0.13926926643248863
2018-06-29,0.1479289277228003
2018-07-02,0.16533663077530433
2018-07-03,0.13395402906801593
2018-07-04,0.06079204192928058
2018-07-05,0.10834973114682737
2018-07-06,0.10470178128685412
2018-07-09,0.08838319242851155
2018-07-10,0.08750537401400521
2018-07-11,0.18598857392103574
2018-07-12,0.14481536886822183
2018-07-13,0.10074210810196135
2018-07-16,0.09007791096277698
2018-07-17,0.10253409657195287
2018-07-18,0.08947572623239004
2018-07-19,0.31978763206693606
2018-07-20,0.23803373353700452
2018-07-23,0.2050185320358617
2018-07-24,0.12877573302067988
2018-07-25,0.18253452890686053
2018-07-26,0.14425600176293343
2018-07-27,0.11558142000690362
2018-07-30,0.07820241790615073
2018-07-31,0.38322853829615666
2018-08-01,0.16524951559293888
2018-08-02,0.08303855802552516
2018-08-03,0.12383596980443483
2018-08-06,0.06431931411452234
2018-08-07,0.056256717914220815
2018-08-08,0.0979393889503867
2018-08-09,0.09846128322853044
2018-08-10,0.41010926288261845
2018-08-13,0.2638522040590951
2018-08-14,0.15278376743535635
2018-08-15,0.1944894359109295
2018-08-16,0.18900028592918677
2018-08-17,0.1539649934823817
2018-08-20,0.08205282215779382
2018-08-21,0.12751562084316478
2018-08-22,0.13467515845776423
2018-08-23,0.11037200824000798
2018-08-24,0.10637754402902298
2018-08-27,0.07632914392975967
2018-08-28,0.07695825595768996
2018-08-29,0.08431374175123588
2018-08-30,0.11148787763859383
2018-08-31,0.11859903276924087
2018-09-03,0.06092887180258058
2018-09-04,0.16281736323815033
2018-09-05,0.128009379974996
2018-09-06,0.21580931173232643
2018-09-07,0.20738983533156966
2018-09-10,0.07830595129285778
2018-09-11,0.09497540952723309
2018-09-12,0.10628660090944214
2018-09-13,0.11485946269437862
2018-09-14,0.11124940225942397
2018-09-17,0.054690813451524
2018-09-18,0.17489600450801937
2018-09-19,0.08438886987859878
2018-09-20,0.08956356414487612
2018-09-21,0.09535670033112902
2018-09-24,0.07780638135478717
2018-09-25,0.06975067830814669
2018-09-26,0.12183748930279886
2018-09-27,0.08917595167261087
2018-09-28,0.0899577077609548
2018-10-01,0.0907235332191704
2018-10-02,0.10743636363298498
2018-10-03,0.1013459199483855
2018-10-04,0.18808076346521063
2018-10-05,0.15531792364776031
2018-10-08,0.1415711888927532
2018-10-09,0.1867085131245877
2018-10-10,0.17834781765972518
2018-10-11,0.3377675761645348
2018-10-12,0.15216975797141086
2018-10-15,0.14249771954147664
2018-10-16,0.10745595450217818
2018-10-17,0.11114084240744226
2018-10-18,0.14805512933448184
2018-10-19,0.12281102170032024
2018-10-22,0.09738123394768577
2018-10-23,0.15921582024931377
2018-10-24,0.15618836005081346
2018-10-25,0.18112225020445163
2018-10-26,0.29106253462102505
2018-10-29,0.1761715371732429
2018-10-30,0.13172248419581992
2018-10-31,0.1308138382400903
2018-11-01,0.11078664919029003
2018-11-02,0.20983416685517972
2018-11-05,0.0557833012659603
2018-11-06,0.05550627116197949
2018-11-07,0.40874204803045094
2018-11-08,0.07256462503263043
2018-11-09,0.07754635713541697
2018-11-12,0.0751461378826453
2018-11-13,0.1373837088759687
2018-11-14,0.14827020642872502
2018-11-15,0.1753131308667845
2018-11-16,0.17165026453073323
2018-11-19,0.12389736818313435
2018-11-20,0.12889818380362927
2018-11-21,0.09847851633301784
2018-11-22,0.047988678971434925
2018-11-23,0.044652293757334885
2018-11-26,0.07592920680671666
2018-11-27,0.09131115363736231
2018-11-28,0.13858004706368018
2018-11-29,0.10022109155196253
2018-11-30,0.06416058636886027
2018-12-03,0.0868706723174859
2018-12-04,0.14040156653280111
2018-12-05,0.07466429080996244
2018-12-06,0.24469224808802312
2018-12-07,0.1780946919459878
2018-12-10,0.1818004931182937
2018-12-11,0.13579608984352717
2018-12-12,0.07015497368126287
2018-12-13,0.06418618996810367
2018-12-14,0.09417888924438902
2018-12-17,0.06377938955507237
2018-12-18,0.10863686994424258
2018-12-19,0.2982561376812453
2018-12-20,0.28464344449674484
2018-12-21,0.22298521009266487
2018-12-24,0.1945587645486738
2018-12-26,0.2626107514204701
2018-12-27,0.33418228660480054
2018-12-28,0.16773226579989342
2018-12-31,0.12561605000245618
2019-01-02,0.3039292697480356
2019-01-03,12.415473069235325
2019-01-04,0.5236785055713008
2019-01-07,0.28974936040827515
2019-01-08,0.2635659445161609
2019-01-09,0.26616658567790774
2019-01-10,0.24080272592849244
2019-01-11,0.15766728805988992
2019-01-14,0.12203410808372138
2019-01-15,0.17666829465158915
2019-01-16,0.17652886188683115
2019-01-17,0.23376131632862543
2019-01-18,0.1885173041873935
2019-01-21,0.05933657723474114
2019-01-22,0.10231763436234323
2019-01-23,0.13148044780462945
2019-01-24,0.12109765059549975
2019-01-25,0.17020055980880736
2019-01-28,0.08964876759487758
2019-01-29,0.07992088970394992
2019-01-30,0.19281116179693936
2019-01-31,0.1157672958718772
2019-02-01,0.14883925177182047
2019-02-04,0.0875130069689562
2019-02-05,0.0747029537424347
2019-02-06,0.1528189788714612
2019-02-07,0.13120246518827725
2019-02-08,0.06938272933161613
2019-02-11,0.0834955375181575
2019-02-12,0.09576642315600756
2019-02-13,0.07297340695441147
2019-02-14,0.1513487179550451
2019-02-15,0.09228459339018394
2019-02-18,0.03060296748182498
2019-02-19,0.10096296333212874
2019-02-20,0.08662144869969997
2019-02-21,0.08955342404831432
2019-02-22,0.06703257683566906
2019-02-25,0.07111044638537749
2019-02-26,0.08500470622337669
2019-02-27,0.09100051107673462
2019-02-28,0.12322352634845317
2019-03-01,0.10712645229649141
2019-03-04,0.07945050726229576
2019-03-05,0.0923976330990874
2019-03-06,0.053808029306457894
2019-03-07,0.07136731330128256
2019-03-08,0.13032825245330162
2019-03-11,0.07721234337023146
2019-03-12,0.08832281223118318
2019-03-13,0.08253225068430972
2019-03-14,0.11855815551226336
2019-03-15,0.09358930181413694
2019-03-18,0.04267729763968935
2019-03-19,0.0713731439151593
2019-03-20,0.3547176855314664
2019-03-21,0.10928912592069497
2019-03-22,0.1944827623735913
2019-03-25,0.17169301797297323
2019-03-26,0.13605916762765238
2019-03-27,0.16776919646597815
2019-03-28,0.1907753975589032
2019-03-29,0.17020958769336836
2019-04-01,0.10703636654612897
2019-04-02,0.06894031701770277
2019-04-03,0.08880966172605095
2019-04-04,0.04609101761349742
2019-04-05,0.06870296720192286
2019-04-08,0.07381697486369211
2019-04-09,0.059606376454847794
2019-04-10,0.07267827284988838
2019-04-11,0.05274890754862461
2019-04-12,0.047870185347595115
2019-04-15,0.040828439150700606
2019-04-16,0.042590508989985065
2019-04-17,0.05319693850899008
2019-04-18,0.04789274010584783
2019-04-19,0.011645191618059741
2019-04-22,0.012221764960770504
2019-04-23,0.0595500422947331
2019-04-24,0.07246803565200255
2019-04-25,0.133203883094323
2019-04-26,0.09198237264414069
2019-04-29,0.02840175213853022
2019-04-30,0.06747842245194355
2019-05-01,0.16244762416643854
2019-05-02,0.04602596705917212
2019-05-03,0.052204452455606024
2019-05-06,0.18626824427052044
2019-05-07,0.12804261130099515
2019-05-08,0.13479660986054826
2019-05-09,0.19972306435586779
2019-05-10,0.17994906698034768
2019-05-13,0.1599842443894761
2019-05-14,0.1164218385945446
2019-05-15,0.20491183085861522
2019-05-16,0.10179240596757125
2019-05-17,0.13533161486690143
2019-05-20,0.09838856137847565
2019-05-21,0.0727167613560816
2019-05-22,0.06081810198193983
2019-05-23,0.11639982527687019
2019-05-24,0.10461985945938777
2019-05-27,0.03386396027478099
2019-05-28,0.11063063738052137
2019-05-29,0.1479774355929558
2019-05-30,0.09430198214643983
2019-05-31,0.18725698666304053
2019-06-03,0.1503377196323155
2019-06-04,0.14258710901744556
2019-06-05,0.22621592506101368
2019-06-06,0.17291949576999993
2019-06-07,0.1876178086431842
2019-06-10,0.09604994494349446
2019-06-11,0.06954851072837773
2019-06-12,0.0953731913844526
2019-06-13,0.08559997492248679
2019-06-14,0.10078182039653207
2019-06-17,0.04672389465034558
2019-06-18,0.1659986038270121
2019-06-19,0.14181109256676167
2019-06-20,0.22007474498089794
2019-06-21,0.16495728499028242
2019-06-24,0.09073735041379277
2019-06-25,0.28296110760997456
2019-06-26,0.11956852316015198
2019-06-27,0.11631761561971878
2019-06-28,0.08625386846646906
2019-07-01,0.13603117173863624
2019-07-02,0.10571772410016039
2019-07-03,0.09006951588861972
2019-07-04,0.02144935622051817
2019-07-05,0.11887881373958334
2019-07-08,0.062172486972770794
2019-07-09,0.05791911750349075
2019-07-10,0.14118879385130098
2019-07-11,0.14275445132325912
2019-07-12,0.099493386609549
2019-07-15,0.08409178239041132
2019-07-16,0.10362975134686762
2019-07-17,0.06180285513785687
2019-07-18,0.13571846580121122
2019-07-19,0.17291305724224945
2019-07-22,0.09275805980525761
2019-07-23,0.07931679312000862
2019-07-24,0.05058094041164126
2019-07-25,0.0750161739610326
2019-07-26,0.06857361506114673
2019-07-29,0.06031434241198758
2019-07-30,0.09036447359439098
2019-07-31,0.20856763112048643
2019-08-01,0.3507825876053372
2019-08-02,0.3969804721678169
2019-08-05,0.5827863633163624
2019-08-06,0.544343791831066
2019-08-07,0.5186962235721656
2019-08-08,0.20697998722947938
2019-08-09,0.30846095236389914
2019-08-12,0.21115201477108966
2019-08-13,0.8750337214002932
2019-08-14,0.33745457050046507
2019-08-15,0.6884125639384417
2019-08-16,0.14223201220500947
2019-08-19,0.09589811303369813
2019-08-20,0.09336101610931838
2019-08-21,0.07427380145061095
2019-08-22,0.10933097057381104
2019-08-23,0.4107433359628851
2019-08-26,0.8408469754682429
2019-08-27,0.17211989175175293
2019-08-28,0.11864080349268843
2019-08-29,0.15961518870079663
2019-08-30,0.09408979289141861
2019-09-02,0.07748760963435646
2019-09-03,0.3180660297963952
2019-09-04,0.11678550579784681
2019-09-05,0.21199828154090786
2019-09-06,0.09626560198130814
2019-09-09,0.0839781480558113
2019-09-10,0.12150688484818392
2019-09-11,0.06403078018221875
2019-09-12,0.21960758642027325
2019-09-13,0.09177238331383089
2019-09-16,0.16943099190805655
2019-09-17,0.10818698198932465
2019-09-18,0.06972911048329793
2019-09-19,0.12122654769113572
2019-09-20,0.0897594391357701
2019-09-23,0.09503531599735196
2019-09-24,0.2555576414217191
2019-09-25,0.1339258808628402
2019-09-26,0.10806383189896979
2019-09-27,0.17111454576868323
2019-09-30,0.09877807793077846
2019-10-01,0.21132739573687384
2019-10-02,0.1148391584862837
2019-10-03,0.3857915146193593
2019-10-04,0.18278898925573134
2019-10-07,0.13075679418543534
2019-10-08,0.12630537687013085
2019-10-09,0.1082893944687657
2019-10-10,0.2838824248549158
2019-10-11,0.16023011632741932
2019-10-14,0.09183736671747139
2019-10-15,0.11747965730506164
2019-10-16,0.10870687125541033
2019-10-17,0.10249033034962886
2019-10-18,0.07494119697667641
2019-10-21,0.06201659062091103
2019-10-22,0.04138720125090092
2019-10-23,0.07098478884077164
2019-10-24,0.0557772087510006
2019-10-25,0.04079297263623634
2019-10-28,0.04186595264585865
2019-10-29,0.0403439176270893
2019-10-30,0.1350788795855023
2019-10-31,0.11120231080989545
2019-11-01,0.1320049678007961
2019-11-04,0.03796331652591121
2019-11-05,0.10357193065240666
2019-11-06,0.06427201038489877
2019-11-07,0.12814790826798994
2019-11-08,0.10166412928660788
2019-11-11,0.04346853067707694
2019-11-12,0.04945758549854535
2019-11-13,0.07843323509522969
2019-11-14,0.1029724497125953
2019-11-15,0.05879670072366925
2019-11-18,0.0776651044179967
2019-11-19,0.07162531274359628
2019-11-20,0.13793496014419232
2019-11-21,0.11000639074629083
2019-11-22,0.04716738127147745
2019-11-25,0.03346732826740977
2019-11-26,0.05885545417132567
2019-11-27,0.04535006660199497
2019-11-28,0.04368693162577559
2019-11-29,0.03705646631547948
2019-12-02,0.1181167766932124
2019-12-03,0.11412131480838647
2019-12-04,0.12090692944169895
2019-12-05,0.06226363956094399
2019-12-06,0.13962474613365763
2019-12-09,0.04482749416013482
2019-12-10,0.04629723925862614
2019-12-11,0.049764079977730656
2019-12-12,0.13492352548629524
2019-12-13,0.2195554855260732
2019-12-16,0.037732125375873386
2019-12-17,0.0304815919251558
2019-12-18,0.037561456823005684
2019-12-19,0.03548438164448894
2019-12-20,0.04530698185238904
2019-12-23,0.025336032964754934
2019-12-24,0.01355719099463826
2019-12-26,0.017068738920759243
2019-12-27,0.03150150046765908
2019-12-30,0.07043184953432972
2019-12-31,0.05602814562913037
2020-01-02,0.0922543469818659
2020-01-03,0.1760272984441116
2020-01-06,0.10032284106308853
2020-01-07,0.07333473296112929
2020-01-08,0.3561344585046213
2020-01-09,0.07068190975090145
2020-01-10,0.05027740668716296
2020-01-13,0.04019946258999693
2020-01-14,0.08245395283347619
2020-01-15,0.042387311060884364
2020-01-16,0.050308532791867706
2020-01-17,0.046187035809292176
2020-01-20,0.012856965802143771
2020-01-21,0.08074072356673759
2020-01-22,0.04027963687467697
2020-01-23,0.0818595861443509
2020-01-24,0.07420597053016262
2020-01-27,0.1312300873534211
2020-01-28,0.09856351087187125
2020-01-29,0.08613119497803726
2020-01-30,0.13363665943224667
2020-01-31,0.11783345061089594
2020-02-03,0.1186779646326961
2020-02-04,0.10241162434241668
2020-02-05,0.12775005622005714
2020-02-06,0.06212093592774986
2020-02-07,0.1110641766014823
2020-02-10,0.06883425457861996
2020-02-11,0.04547567504307722
2020-02-12,0.05994004116517948
2020-02-13,0.10944865289789407
2020-02-14,0.0384931494154206
2020-02-17,0.023940821084543866
2020-02-18,0.055176551590047716
2020-02-19,0.16233159124883265
2020-02-20,0.28839858401252805
2020-02-21,0.23354993129674761
2020-02-24,0.302420058687608
2020-02-25,0.2550503602336729
2020-02-26,0.326731596167894
2020-02-27,0.45755647912920017
2020-02-28,0.8773396293522809
2020-03-02,0.8368949090252726
2020-03-03,0.7009357095855749
2020-03-04,0.4141537725515599
2020-03-05,0.40208148510522984
2020-03-06,0.7857693116374135
2020-03-09,5.338627433357545
2020-03-10,2.978617112566845
2020-03-11,1.4124975989601445
2020-03-12,3.0005570551185765
2020-03-13,2.190065708507626
2020-03-16,3.05211540645208
2020-03-17,1.2707625233948634
2020-03-18,1.0636207626318193
2020-03-19,1.6649242767471266
2020-03-20,1.3871861825950578
2020-03-23,1.76031135576852
2020-03-24,0.9201197367699626
2020-03-25,0.6086013358206209
2020-03-26,0.9373901388833061
2020-03-27,0.975942270831889
2020-03-30,0.9507961381282429
2020-03-31,1.0157240285555864
2020-04-01,0.606462372611758
2020-04-02,0.4726130619992312
2020-04-03,0.3659712389576738
2020-04-06,0.38392898654268653
2020-04-07,0.2940944770848061
2020-04-08,0.20437532352950155
2020-04-09,0.1924787513596135
2020-04-10,0.0559864428942797
2020-04-13,0.16164356711452998
2020-04-14,0.13334393675769257
2020-04-15,0.24476541422454193
2020-04-16,0.290927854033061
2020-04-17,0.25165442986794156
2020-04-20,0.1378859602707986
2020-04-21,0.2032167855556072
2020-04-22,0.13890393505144175
2020-04-23,0.3114875276381505
2020-04-24,0.07665773802992767
2020-04-27,0.12957480698339371
2020-04-28,0.13697071118538862
2020-04-29,0.14275653971497065
2020-04-30,0.3391654691158865
2020-05-01,0.19883168127758258
2020-05-04,0.10362558192397885
2020-05-05,0.08594660081444887
2020-05-06,0.12544044576014668
2020-05-07,0.14824784481463626
2020-05-08,0.1488204513067956
2020-05-11,0.1694398188562675
2020-05-12,0.10954702540356928
2020-05-13,0.15269557081464658
2020-05-14,0.11543320592310838
2020-05-15,0.13811814042894563
2020-05-18,0.10556517896351106
2020-05-19,0.13280112577984815
2020-05-20,0.11700827496161588
2020-05-21,0.0891298475109117
2020-05-22,0.08026645017258276
2020-05-25,0.03089542745758146
2020-05-26,0.09360798250472492
2020-05-27,0.121180216070952
2020-05-28,0.07046010665714579
2020-05-29,0.17793920766260427
2020-06-01,0.09898199508251646
2020-06-02,0.23620732169754444
2020-06-03,0.15185058564514745
2020-06-04,0.19809114417532797
2020-06-05,0.2583195043950663
2020-06-08,0.19359083142024786
2020-06-09,0.3179425394312855
2020-06-10,0.21430357669974304
2020-06-11,0.21343746944470826
2020-06-12,0.25581352400460167
2020-06-15,0.1998966268392527
2020-06-16,0.2199447560012042
2020-06-17,0.10084450700841968
2020-06-18,0.1462558369869462
2020-06-19,0.1162828197460174
2020-06-22,0.07722685393875474
2020-06-23,0.2007586892739691
2020-06-24,0.12758318966307658
2020-06-25,0.10456276846817944
2020-06-26,0.11150810742976597
2020-06-29,0.142438719841259
2020-06-30,0.1452637343550891
2020-07-01,0.12423324696121545
2020-07-02,0.10016712625152395
2020-07-03,0.022915398317870733
2020-07-06,0.058177118606141484
2020-07-07,0.06890127818852526
2020-07-08,0.054542524400940894
2020-07-09,0.07714155413333515
2020-07-10,0.06269941611837389
2020-07-13,0.05832594939909778
2020-07-14,0.05425509385627706
2020-07-15,0.08331977108153131
2020-07-16,0.07510456921276429
2020-07-17,0.05337242447727789
2020-07-20,0.12798917124364248
2020-07-21,0.09226933610744059
2020-07-22,0.07999215277092821
2020-07-23,0.05934388481449283
2020-07-24,0.18883222172651168
2020-07-27,0.2296214570081532
2020-07-28,0.1854733803592584
2020-07-29,0.22706082033085745
2020-07-30,0.1622657681997472
2020-07-31,0.37650089610722987
2020-08-03,0.3205328813182712
2020-08-04,0.1478386836474412
2020-08-05,0.2221233589334031
2020-08-06,0.1505062849645567
2020-08-07,0.11827847480980229
2020-08-10,0.1179470438038337
2020-08-11,0.15837912938832346
2020-08-12,0.14078986492458126
2020-08-13,0.12293236114267705
2020-08-14,0.08809562260327068
2020-08-17,0.1031774947454937
2020-08-18,0.17121235672808394
2020-08-19,0.25571707132115945
2020-08-20,0.15158010808931088
2020-08-21,0.142303884952914
2020-08-24,0.0934766105685965
2020-08-25,0.12669744456441925
2020-08-26,0.09766699582896275
2020-08-27,0.2856657225095125
2020-08-28,0.5245032606608292
2020-08-31,0.28583428699482233
2020-09-01,0.2356940217869247
2020-09-02,0.10713514827400236
2020-09-03,0.12831184528628517
2020-09-04,0.07370139093509767
2020-09-07,0.034470153181534506
2020-09-08,0.08850682612292537
2020-09-09,0.08075107772642057
2020-09-10,0.06601842866946549
2020-09-11,0.036805084140468
2020-09-14,0.07624688017332917
2020-09-15,0.07807961814123499
2020-09-16,0.180307628817388
2020-09-17,0.16403390399046175
2020-09-18,0.12929487100964218
2020-09-21,0.24406613274866834
2020-09-22,0.12203168567568456
2020-09-23,0.11512157146355845
2020-09-24,0.10946160799694753
2020-09-25,0.06018681672003891
2020-09-28,0.09725665199455215
2020-09-29,0.07869314204852103
2020-09-30,0.10337440088838899
2020-10-01,0.06507542271518862
2020-10-02,0.1978276282051821
2020-10-05,0.07119505447359216
2020-10-06,0.0704216248723041
2020-10-07,0.07257321653345693
2020-10-08,0.037170148453199596
2020-10-09,0.05978972035624599
2020-10-12,0.055389676071131835
2020-10-13,0.05347970905972062
2020-10-14,0.05754731721909219
2020-10-15,0.06059403229776667
2020-10-16,0.06285407658819307
2020-10-19,0.04548349415612914
2020-10-20,0.04955872061270972
2020-10-21,0.11145318499373273
2020-10-22,0.07892150946504918
2020-10-23,0.07282233369055219
2020-10-26,0.0651539578363701
2020-10-27,0.05913072550479954
2020-10-28,0.10857531089842226
2020-10-29,0.10387112849207
2020-10-30,0.14523031713848494
2020-11-02,0.07847698283513395
2020-11-03,0.09326573672204387
2020-11-04,0.6333675492032301
2020-11-05,0.3144877754544158
2020-11-06,0.2567988614863856
2020-11-09,0.4705754879925238
2020-11-10,0.2712967606625532
2020-11-11,0.10884047217574334
2020-11-12,0.1303076354177135
2020-11-13,0.10611138062253678
2020-11-16,0.22850402293570343
2020-11-17,0.09810830023908149
2020-11-18,0.11121012749831773
2020-11-19,0.11091962558507473
2020-11-20,0.04955658661688547
2020-11-23,0.2011504768422295
2020-11-24,0.1284926399254792
2020-11-25,0.08894097488525136
2020-11-26,0.03207951134369336
2020-11-27,0.0689841791303641
2020-11-30,0.16303928199824405
2020-12-01,0.09511112278208735
2020-12-02,0.11348645107444946
2020-12-03,0.09799321569915845
2020-12-04,0.1490572922396789
2020-12-07,0.09833492590811783
2020-12-08,0.06379371105870138
2020-12-09,0.05197500593974441
2020-12-10,0.0732358248826198
2020-12-11,0.07293711903689087
2020-12-14,0.16475494824812034
2020-12-15,0.07994434978198084
2020-12-16,0.17314212182485728
2020-12-17,0.12296413909062291
2020-12-18,0.10716038616605957
2020-12-21,0.1558351821403406
2020-12-22,0.08405383630309805
2020-12-23,0.07073184395646928
2020-12-24,0.045857614362543
2020-12-28,0.06719724721460744
2020-12-29,0.06865141902642613
2020-12-30,0.10633038395356606
2020-12-31,0.09703212154959266
2021-01-04,0.10352196583567302
2021-01-05,0.09523049638511566
2021-01-06,0.1660448257324638
2021-01-07,0.19488609286359868
2021-01-08,0.24382406071045662
2021-01-11,0.12533513208647365
2021-01-12,0.10059318525389968
2021-01-13,0.09564616864229308
2021-01-14,0.15654275609790363
2021-01-15,0.10447170104088406
2021-01-18,0.03905058024901584
2021-01-19,0.07037385666372112
2021-01-20,0.08277327626126398
2021-01-21,0.08378560465622477
2021-01-22,0.050897487526563825
2021-01-25,0.05367111656118293
2021-01-26,0.030235558045103788
2021-01-27,0.08585213932002515
2021-01-28,0.09207656286135615
2021-01-29,0.11303331173763212
2021-02-01,0.07321293608545887
2021-02-02,0.07200573576985717
2021-02-03,0.0474437710643271
2021-02-04,0.05334350687547338
2021-02-05,0.14419399783818881
2021-02-08,0.07873958270748276
2021-02-09,0.10071822617738313
2021-02-10,0.11728680937249446
2021-02-11,0.03966829746501466
2021-02-12,0.06523038851572542
2021-02-15,0.06148111435239325
2021-02-16,0.13269890911015517
2021-02-17,0.16263539489301101
2021-02-18,0.08820149961653044
2021-02-19,0.14220309642392312
2021-02-22,0.13666684455723394
2021-02-23,0.11407685762543678
2021-02-24,0.15188979381379702
2021-02-25,0.1575397675282744
2021-02-26,0.2377667588498067
2021-03-01,0.11473597998114503
2021-03-02,0.08074450318352845
2021-03-03,0.08106526006570745
2021-03-04,0.07921214711496974
2021-03-05,0.26911097015856983
2021-03-08,0.08968726324755287
2021-03-09,0.19713519013348868
2021-03-10,0.23669435470095865
2021-03-11,0.15127712315420716
2021-03-12,0.1484753693142899
2021-03-15,0.10750045234321388
2021-03-16,0.08740929073623963
2021-03-17,0.11454254133588357
2021-03-18,0.21259023711473052
2021-03-19,0.10998695168995591
2021-03-22,0.08324729855460175
2021-03-23,0.09769887253803443
2021-03-24,0.07775562718952178
2021-03-25,0.08519669201399234
2021-03-26,0.08869990516924571
2021-03-29,0.09609087116166964
2021-03-30,0.08692232558669186
2021-03-31,0.18616079599703478
2021-04-01,0.09413123539078794
2021-04-02,0.06274074617284595
2021-04-05,0.07769400340279752
2021-04-06,0.15420432091388553
2021-04-07,0.14954981021880462
2021-04-08,0.1078975613548309
2021-04-09,0.12669651952024893
2021-04-12,0.10808851653193255
2021-04-13,0.17914310117661678
2021-04-14,0.11358537189721293
2021-04-15,0.0808255616387335
2021-04-16,0.08793069976827614
2021-04-19,0.1398610564562691
2021-04-20,0.13596405714056423
2021-04-21,0.13029936650040458
2021-04-22,0.12465753777788283
2021-04-23,0.11848081424699362
2021-04-26,0.1431053811895742
2021-04-27,0.10188501424205573
2021-04-28,0.14350527113357694
2021-04-29,0.13595864370097252
2021-04-30,0.11724461541750127
2021-05-03,0.13273572382866175
2021-05-04,0.12787449576240803
2021-05-05,0.0768747695334688
2021-05-06,0.11194344597307514
2021-05-07,0.4209204113226424
2021-05-10,0.14948784899721382
2021-05-11,0.11801375725807611
2021-05-12,0.22712547496095783
2021-05-13,0.11166908770463994
2021-05-14,0.06856662667960331
2021-05-17,0.08242681770395822
2021-05-18,0.07138194739486309
2021-05-19,0.16032647334264907
2021-05-20,0.08581456209822344
2021-05-21,0.0883033060976356
2021-05-24,0.08244742559490868
2021-05-25,0.10541865798869805
2021-05-26,0.06485549591001795
2021-05-27,0.0980839554994021
2021-05-28,0.09598479611850196
2021-05-31,0.0772677296797016
2021-06-01,0.08400936946628768
2021-06-02,0.056043747768139716
2021-06-03,0.08291175472220033
2021-06-04,0.17247850045240307
2021-06-07,0.09657275803661149
2021-06-08,0.07146421376993854
2021-06-09,0.08455325252150929
2021-06-10,0.08619870007600802
2021-06-11,0.08146298652981449
2021-06-14,0.0526160722140506
2021-06-15,0.04842467108751323
2021-06-16,0.3071657852521469
2021-06-17,0.1272047968259392
2021-06-18,0.15510528183532776
2021-06-21,0.131245123144817
2021-06-22,0.0772832133787801
2021-06-23,0.10540814278859557
2021-06-24,0.0771032778242307
2021-06-25,0.05475589897393932
2021-06-28,0.058583954961688715
2021-06-29,0.0678359053152544
2021-06-30,0.08894847062742377
2021-07-01,0.07487982584471475
2021-07-02,0.09908781467365933
2021-07-05,0.04782008838018881
2021-07-06,0.10005171023459519
2021-07-07,0.10823438686620364
2021-07-08,0.19252154269152413
2021-07-09,0.10376339668873812
2021-07-12,0.09773460104038754
2021-07-13,0.14624031928860584
2021-07-14,0.09148305034913704
2021-07-15,0.10558365155110815
2021-07-16,0.08435093390412393
2021-07-19,0.1599048025280525
2021-07-20,0.15288388237275216
2021-07-21,0.09290478894199947
2021-07-22,0.08738264592165614
2021-07-23,0.05760863422383001
2021-07-26,0.07046984353307754
2021-07-27,0.09368364229609723
2021-07-28,0.11319211656728433
2021-07-29,0.11675913427209435
2021-07-30,0.06692821760217225
2021-08-02,0.08676976522732445
2021-08-03,0.0748736758343133
2021-08-04,0.21010075080088014
2021-08-05,0.0824422614770847
2021-08-06,0.07680904254687533
2021-08-09,0.07375296581488294
2021-08-10,0.04849733289274254
2021-08-11,0.06725800443351605
2021-08-12,0.05085105968471685
2021-08-13,0.07471451195193908
2021-08-16,0.11010142417772838
2021-08-17,0.10988063501518158
2021-08-18,0.10072597603760401
2021-08-19,0.13616404946367255
2021-08-20,0.07811196230079699
2021-08-23,0.09740283435144285
2021-08-24,0.1101969211812243
2021-08-25,0.07549685670585148
2021-08-26,0.08866821800387152
2021-08-27,0.11831775952634718
2021-08-30,0.03627416384519725
2021-08-31,0.09055286284834241
2021-09-01,0.09581604172135796
2021-09-02,0.04093887077040593
2021-09-03,0.1430014729692429
2021-09-06,0.028773004160708323
2021-09-07,0.050647883478500313
2021-09-08,0.05591665453871137
2021-09-09,0.06773945836344322
2021-09-10,0.04859211635894573
2021-09-13,0.03636529257208165
2021-09-14,0.07347140145127269
2021-09-15,0.10271296841624712
2021-09-16,0.1005134681819564
2021-09-17,0.05633643319010785
2021-09-20,0.08168791469187298
2021-09-21,0.0936039772090241
2021-09-22,0.1662420511018701
2021-09-23,0.06240578051072378
2021-09-24,0.08158650626121068
2021-09-27,0.11193858560673665
2021-09-28,0.16044692375096303
2021-09-29,0.14180499307031322
2021-09-30,0.1687647362338362
2021-10-01,0.17176357724988445
2021-10-04,0.1506099764792661
2021-10-05,0.09639028373185686
2021-10-06,0.11693932896159324
2021-10-07,0.08088436180862905
2021-10-08,0.16432204576372417
2021-10-11,0.1352935195422437
2021-10-12,0.18398167642706015
2021-10-13,0.14089442054519738
2021-10-14,0.09537103751412439
2021-10-15,0.14224251759067602
2021-10-18,0.19913174271871914
2021-10-19,0.12462698639101377
2021-10-20,0.1268913726265641
2021-10-21,0.19134176571228162
2021-10-22,0.1867990004132849
2021-10-25,0.14142204633961453
2021-10-26,0.09460204329522014
2021-10-27,0.16810113486539002
2021-10-28,0.15635796568840055
2021-10-29,0.16814317999111422
2021-11-01,0.12141524843475551
2021-11-02,0.15822234282065442
2021-11-03,0.1528589646659608
2021-11-04,0.13499224130915002
2021-11-05,0.1982150284764236
2021-11-08,0.08724958821835518
2021-11-09,0.13414350313299786
2021-11-10,0.1832688858908043
2021-11-11,0.0867370982051144
2021-11-12,0.10886446095553087
2021-11-15,0.06583872636624935
2021-11-16,0.13332800356229776
2021-11-17,0.15937438366060022
2021-11-18,0.14246139414425243
2021-11-19,0.3210857792566811
2021-11-22,0.2260321572416443
2021-11-23,0.19851582147885438
2021-11-24,0.16473558865052287
2021-11-25,0.028177367510927174
2021-11-26,0.8304920408996797
2021-11-29,0.3865628677314618
2021-11-30,0.5359052419321862
2021-12-01,0.3243977631006776
2021-12-02,0.23266104611803748
2021-12-03,0.2553016793586948
2021-12-06,0.14906670067634498
2021-12-07,0.11189303282604598
2021-12-08,0.17148629022098913
2021-12-09,0.12176454924517299
2021-12-10,0.1481704670340524
2021-12-13,0.07925925156017782
2021-12-14,0.0871302136196764
2021-12-15,0.11422079527880413
2021-12-16,0.13521853885816312
2021-12-17,0.14564948945443643
2021-12-20,0.12693334916357163
2021-12-21,0.05980125081296651
2021-12-22,0.0798717274311511
2021-12-23,0.0476663762277749
2021-12-24,0.03558567315144257
2021-12-27,0.051693731591643206
2021-12-28,0.05602801173134139
2021-12-29,0.07308419735490537
2021-12-30,0.04859307755615065
2021-12-31,0.049532803731330455
2022-01-03,0.08262289043816783
2022-01-04,0.15089331307204837
2022-01-05,0.14319942919818954
2022-01-06,0.13253566196517122
2022-01-07,0.09613528713017952
2022-01-10,0.11687426882135121
2022-01-11,0.0896833835234548
2022-01-12,0.1722073028015097
2022-01-13,0.15045778525676187
2022-01-14,0.20763347816612732
2022-01-17,0.07158951397564782
2022-01-18,0.18526649083122787
2022-01-19,0.10893544756694687
2022-01-20,0.11817939434382754
2022-01-21,0.15889520664831172
2022-01-24,0.17016262350628275
2022-01-25,0.1546660928714952
2022-01-26,0.14184274385491621
2022-01-27,0.1686380658916057
2022-01-28,0.15438127257632148
2022-01-31,0.14619352601079366
2022-02-01,0.12565159530355924
2022-02-02,0.06935725111467528
2022-02-03,0.11014325996027469
2022-02-04,0.24905217050530398
2022-02-07,0.08478284008147026
2022-02-08,0.07987047045525913
2022-02-09,0.06551729378779378
2022-02-10,0.2622112730174101
2022-02-11,0.2803697125704839
2022-02-14,0.19679579084015497
2022-02-15,0.1331333629274034
2022-02-16,0.07766291183590375
2022-02-17,0.18396019224895985
2022-02-18,0.1329576892081275
2022-02-21,0.08160565871482665
2022-02-22,0.13025509992736248
2022-02-23,0.06669711422725155
2022-02-24,0.3159571386113394
2022-02-25,0.14025746811570347
2022-02-28,0.20901631348405725
2022-03-01,0.14229939313018208
2022-03-02,0.1363644538058359
2022-03-03,0.06996381006416975
2022-03-04,0.1698707641708646
2022-03-07,0.12567922913938864
2022-03-08,0.10673201128259924
2022-03-09,0.10982702911437867
2022-03-10,0.10309983293303869
2022-03-11,0.1475329995349745
2022-03-14,0.14218960695740654
2022-03-15,0.2521654567281587
2022-03-16,0.19731224620258148
2022-03-17,0.16297080944772818
2022-03-18,0.11171121135473812
2022-03-21,0.09004328682907314
2022-03-22,0.29335851377971905
2022-03-23,0.28908026732547976
2022-03-24,0.1901913731179744
2022-03-25,0.4239373187658681
2022-03-28,1.0269750534375635
2022-03-29,0.9880135067383745
2022-03-30,0.8088635604074325
2022-03-31,0.5484585285553416
2022-04-01,0.3763300342092805
2022-04-04,0.21155063198833418
2022-04-05,0.23972642955489976
2022-04-06,0.26813130869824003
2022-04-07,0.12922074759092106
2022-04-08,0.16829688630715303
2022-04-11,0.2758366277283443
2022-04-12,0.3578278552005715
2022-04-13,0.28113181727859227
2022-04-14,0.2399169954460151
2022-04-15,0.12901458226648096
2022-04-18,0.17556696660865345
2022-04-19,0.3917468481092219
2022-04-20,0.6830130854632502
2022-04-21,0.4231476356498214
2022-04-22,0.567671568049868
2022-04-25,0.5023735577628397
2022-04-26,0.41514975713085234
2022-04-27,0.36058654638052184
2022-04-28,1.405957087175948
2022-04-29,0.5223464890503066
2022-05-02,0.372554828252633
2022-05-03,0.15438888285517707
2022-05-04,0.6659682635066634
2022-05-05,0.40546577721793586
2022-05-06,0.3160725496091052
2022-05-09,0.317095220637258
2022-05-10,0.35689311848916644
2022-05-11,0.4998627185593089
2022-05-12,0.787774799075358
2022-05-13,0.4642709648700315
2022-05-16,0.37605882567231674
2022-05-17,0.3202292302001677
2022-05-18,0.26558017225099023
2022-05-19,0.5610645357757685
2022-05-20,0.40661008222073647
2022-05-23,0.3270230331266064
2022-05-24,0.5118909898139403
2022-05-25,0.3253574754103391
2022-05-26,0.38605171867494503
2022-05-27,0.2207012580376421
2022-05-30,0.1520512119061166
2022-05-31,0.3226083574204799
2022-06-01,0.2683644950847255
2022-06-02,0.1815074623298281
2022-06-03,0.16827354829894647
2022-06-06,0.19411646800832674
2022-06-07,0.3525774056273013
2022-06-08,0.4285238013431503
2022-06-09,0.5575285030319738
2022-06-10,0.6744689172394557
2022-06-13,0.6073812223616015
2022-06-14,0.5696006894157086
2022-06-15,0.8509071028155513
2022-06-16,1.036116147281646
2022-06-17,1.6792667094812768
2022-06-20,0.2710004785924884
2022-06-21,0.30441965067450605
2022-06-22,0.38421095293378554
2022-06-23,0.625652372556111
2022-06-24,0.39508506770166096
2022-06-27,0.2466569885900846
2022-06-28,0.22517057802205143
2022-06-29,0.267170396392186
2022-06-30,0.30976382549251313
2022-07-01,0.4611720249697752
2022-07-04,0.16328882294091357
2022-07-05,0.3550165836164326
2022-07-06,0.5836531575962406
2022-07-07,0.2735033748746259
2022-07-08,0.5283963115410352
2022-07-11,0.2752535096808207
2022-07-12,0.24313967478556353
2022-07-13,0.38239770788077776
2022-07-14,0.46147482703093656
2022-07-15,0.22759292777838916
2022-07-18,0.15325018372002644
2022-07-19,0.23171718635113506
2022-07-20,0.1564831949952509
2022-07-21,0.3057525253947718
2022-07-22,0.628426551490713
2022-07-25,0.2498576551884835
2022-07-26,0.1753124789341812
2022-07-27,0.4337755903372571
2022-07-28,0.6836637222853829
2022-07-29,0.9881056077026317
2022-08-01,0.694627800343326
2022-08-02,0.8086164747216441
2022-08-03,1.0081510084784893
2022-08-04,0.6699485056788119
2022-08-05,1.1175481696164349
2022-08-08,0.3878942649368864
2022-08-09,0.1964207716027925
2022-08-10,2.1218377140382803
2022-08-11,0.4494454819502746
2022-08-12,0.4680937106997136
2022-08-15,0.2726156236076914
2022-08-16,0.31130564398053123
2022-08-17,0.4046040427130638
2022-08-18,0.33676592397337285
2022-08-19,0.2892675925935992
2022-08-22,0.3258455325797782
2022-08-23,0.7627879006767031
2022-08-24,0.3429188323703422
2022-08-25,0.2866419199046793
2022-08-26,0.7136683970935843
2022-08-29,0.3153242802399703
2022-08-30,0.28828323123029825
2022-08-31,0.1908986119955056
2022-09-01,0.37220896236583995
2022-09-02,0.32049715077091356
2022-09-05,0.10774326041393531
2022-09-06,0.34336066152613337
2022-09-07,0.6779269929737952
2022-09-08,0.6503099801233606
2022-09-09,0.7945839599475077
2022-09-12,0.5044746970000573
2022-09-13,2.0725028670816013
2022-09-14,0.9026188335868759
2022-09-15,0.33534127828162585
2022-09-16,0.27562064800415914
2022-09-19,0.17431387530624484
2022-09-20,0.2109046904697117
2022-09-21,0.6103461468500663
2022-09-22,5.4873802875489694
2022-09-23,0.607961113139068
2022-09-26,0.4807318030176238
2022-09-27,0.21510910231689573
2022-09-28,0.2965460390290037
2022-09-29,0.18756190482291357
2022-09-30,0.16151611253134998
2022-10-03,0.24069445718597215
2022-10-04,0.19277556342847862
2022-10-05,0.24239466685457484
2022-10-06,0.0931732136478446
2022-10-07,0.14131603642575405
2022-10-10,0.08347786533613856
2022-10-11,0.09705727468949667
2022-10-12,0.20199731183632771
2022-10-13,0.4605155365963539
2022-10-14,0.19015299900319485
2022-10-17,0.13071269289539486
2022-10-18,0.23074444829633936
2022-10-19,0.05261677344649453
2022-10-20,0.10756161750382956
2022-10-21,4.929145064082461
2022-10-24,7.639919275328522
2022-10-25,0.34677461316522323
2022-10-26,0.5749480367355433
2022-10-27,0.5212560446813682
2022-10-28,0.5766584902757085
2022-10-31,0.20316520553343
2022-11-01,0.5628830050717136
2022-11-02,1.078329979524447
2022-11-03,0.39042154771129706
2022-11-04,0.38517891700606044
2022-11-07,0.42687744751301887
2022-11-08,0.3602253918522125
2022-11-09,0.4820568193909646
2022-11-10,3.065659010406661
2022-11-11,1.625955861095447
2022-11-14,1.1289697204367195
2022-11-15,2.0252947419040797
2022-11-16,0.8303882217439871
2022-11-17,0.524708792784481
2022-11-18,0.3581977418464683
2022-11-21,0.3425586829435561
2022-11-22,0.2714934556651268
2022-11-23,0.593284809777811
2022-11-24,0.45914448184747864
2022-11-25,0.40763793021988926
2022-11-28,0.7309799682735278
2022-11-29,0.6276730672980536
2022-11-30,0.9821556322172031
2022-12-01,1.0304190225387897
2022-12-02,2.2193066167128115
2022-12-05,0.6335324900134194
2022-12-06,0.6094009981728921
2022-12-07,0.583728583583729
2022-12-08,0.44105929615430334
2022-12-09,0.7061072702715101
2022-12-12,0.30462315315538097
2022-12-13,1.62184222015042
2022-12-14,1.1296746446040664
2022-12-15,0.5449003083721793
2022-12-16,0.4654214424350084
2022-12-19,0.48391534126169733
2022-12-20,5.984919559739223
2022-12-21,0.7451670195462576
2022-12-22,0.45136463471106486
2022-12-23,0.33111597647822466
2022-12-26,0.2187573465623271
2022-12-27,0.25502790507083056
2022-12-28,0.36378483592186905
2022-12-29,0.3642130264269825
2022-12-30,0.648153637790784
2023-01-02,0.10696588419751274
2023-01-03,1.0459249212738428
2023-01-04,0.799890680675909
2023-01-05,0.8238974258577871
2023-01-06,1.3855762752686058
2023-01-09,0.5919704329222797
2023-01-10,0.5076713128513227
2023-01-11,0.34021699007592476
2023-01-12,1.5027107487111566
2023-01-13,0.8781670573842276
2023-01-16,0.6451857044137257
2023-01-17,0.6695642771541429
2023-01-18,3.3249631570270175
2023-01-19,0.5505225027260607
2023-01-20,0.562810486916351
2023-01-23,0.5241917681325113
2023-01-24,0.532679311708071
2023-01-25,0.44036309809121116
2023-01-26,0.4995223782688925
2023-01-27,0.45321871660480423
2023-01-30,0.4431005739088887
2023-01-31,0.28825934210867266
2023-02-01,0.8191063381408163
2023-02-02,0.5138630293042841
2023-02-03,1.226594752941539
2023-02-06,0.5590010746194464
2023-02-07,0.5795656785165376
2023-02-08,0.40030184209082376
2023-02-09,0.44373088473296324
2023-02-10,1.3592794755046007
2023-02-13,0.3353494013377794
2023-02-14,0.6831748370598939
2023-02-15,0.3690677297358902
2023-02-16,0.31760032238427427
2023-02-17,0.32675542750396985
2023-02-20,0.15523429605327865
2023-02-21,0.29742475385171485
2023-02-22,0.21626828052888275
2023-02-23,0.19223658875603755
2023-02-24,0.44063476327534934
2023-02-27,0.2578331198058446
2023-02-28,0.2757273884029725
2023-03-01,0.3684164562514288
2023-03-02,0.30506506357109825
2023-03-03,0.28354016689262723
2023-03-06,0.25406390379225163
2023-03-07,0.3693079271280724
2023-03-08,0.37188752103600914
2023-03-09,0.3651105922549897
2023-03-10,1.6411833696492908
2023-03-13,2.05100861431788
2023-03-14,0.9641392459691893
2023-03-15,1.5164363257552869
2023-03-16,1.4941349039270764
2023-03-17,0.6539384410487196
2023-03-20,0.8636819348574731
2023-03-21,0.4450599292381464
2023-03-22,1.0463069043247752
2023-03-23,0.618760558644219
2023-03-24,0.5356330429403113
2023-03-27,0.35089046082377257
2023-03-28,0.3976566773349069
2023-03-29,0.37077917807245836
2023-03-30,0.32226994247889285
2023-03-31,0.5865432923174346
2023-04-03,0.46055097799425115
2023-04-04,0.5165074971556
2023-04-05,0.5600710318500363
2023-04-06,0.2589702988174837
2023-04-07,0.43094733753988373
2023-04-10,0.29166654278959636
2023-04-11,0.21978848153741581
2023-04-12,0.7483943142612219
2023-04-13,0.27532690141186045
2023-04-14,0.44082242987135634
2023-04-17,0.2619047526168544
2023-04-18,0.18697001325102916
2023-04-19,0.18953176201263267
2023-04-20,0.2702639170420057
2023-04-21,0.39790901396617356
2023-04-24,0.1605328761919248
2023-04-25,0.27296948404273275
2023-04-26,0.40302179303364666
2023-04-27,0.325670000151588
2023-04-28,0.9208477071061241
2023-05-01,0.23662868945174853
2023-05-02,0.3530305324863833
2023-05-03,0.537301127328951
2023-05-04,0.5275047597206316
2023-05-05,0.3918664315011753
2023-05-08,0.17007571306923283
2023-05-09,0.17636259662938747
2023-05-10,0.36462624729823806
2023-05-11,0.40601972236336176
2023-05-12,0.16966604078142858
2023-05-15,0.2279865585069969
2023-05-16,0.20798464209238554
2023-05-17,0.19042289089651565
2023-05-18,0.29640928296477465
2023-05-19,0.4638866721605571
2023-05-22,0.3570919774962748
2023-05-23,0.28695644636913736
2023-05-24,0.21712691112194873
2023-05-25,0.26152575774234516
2023-05-26,0.2972660489231627
2023-05-29,0.12763850683215194
2023-05-30,0.44257944298502255
2023-05-31,0.5784293001153974
2023-06-01,0.3050011503963919
2023-06-02,0.28314564842618506
2023-06-05,0.35292488660734184
2023-06-06,0.18117253365948152
2023-06-07,0.23099523786243348
2023-06-08,0.208688600840451
2023-06-09,0.18267645567304552
2023-06-12,0.1587154511679874
2023-06-13,0.21777040744596635
2023-06-14,0.37086123455154374
2023-06-15,0.41582573272781825
2023-06-16,0.5538403999422342
2023-06-19,0.12731842522215078
2023-06-20,0.31025304364221334
2023-06-21,0.1963410025860746
2023-06-22,0.20068620123783787
2023-06-23,0.2551418343939829
2023-06-26,0.21906336550222277
2023-06-27,0.1865483964332964
2023-06-28,0.1970238997649675
2023-06-29,0.25471893916331056
2023-06-30,0.18552845963616846
2023-07-03,0.19545280068200616
2023-07-04,0.06450404949342775
2023-07-05,0.1276932893091963
2023-07-06,0.37294730191742625
2023-07-07,0.4379599480456155
2023-07-10,0.22903953080745143
2023-07-11,0.29460609313584085
2023-07-12,0.5932468330795893
2023-07-13,0.5172190588222203
2023-07-14,0.5306095485060465
2023-07-17,0.36017196428482906
2023-07-18,0.6478260414157694
2023-07-19,0.3004221765013116
2023-07-20,0.2812959784067313
2023-07-21,0.45872915076069976
2023-07-24,0.331505499258266
2023-07-25,0.2439389770714235
2023-07-26,0.28858581405532435
2023-07-27,1.1519954763821434
2023-07-28,2.3602299524360686
2023-07-31,0.38241875231420835
2023-08-01,0.21442767010591848
2023-08-02,0.4133833920801799
2023-08-03,0.372363894374554
2023-08-04,0.33366096733059347
2023-08-07,0.21237899136757987
2023-08-08,0.24121062497731885
2023-08-09,0.1722427538959358
2023-08-10,0.1734889058158473
2023-08-11,0.11944059846814667
2023-08-14,0.1573708639830847
2023-08-15,0.1736363202042522
2023-08-16,0.11184408576027438
2023-08-17,0.1761373971956086
2023-08-18,0.20440946624386036
2023-08-21,0.15185074609857205
2023-08-22,0.16767221544741828
2023-08-23,0.2632870475896835
2023-08-24,0.16219348634118155
2023-08-25,0.30496663800952944
2023-08-28,0.07933623813986367
2023-08-29,0.40584942548727615
2023-08-30,0.23889259054463394
2023-08-31,0.25715064345272115
2023-09-01,0.4211423248568232
2023-09-04,0.06976501444051338
2023-09-05,0.1308136237025149
2023-09-06,0.2463635948018872
2023-09-07,0.1659224503342292
2023-09-08,0.19359072993682924
2023-09-11,0.43849839484026215
2023-09-12,0.12903354406249454
2023-09-13,0.1170912879043388
2023-09-14,0.16347357644768662
2023-09-15,0.12212552096057235
2023-09-18,0.04680302802321369
2023-09-19,0.05188623267784875
2023-09-20,0.17473966493375132
2023-09-21,0.15547933366676212
2023-09-22,0.16967030901145216
2023-09-25,0.06922693636369413
2023-09-26,0.09904868852957949
2023-09-27,0.07844100385037955
2023-09-28,0.11411864336862554
2023-09-29,0.15319028424897838
2023-10-02,0.06810424422381901
2023-10-03,0.7613395265848157
2023-10-04,0.1686110059016024
2023-10-05,0.20104547622395325
2023-10-06,0.18263003103620848
2023-10-09,0.0759863399123904
2023-10-10,0.15993555191831746
2023-10-11,0.11452228362364299
2023-10-12,0.107892348720006
2023-10-13,0.06044973066905334
2023-10-16,0.07241279764836013
2023-10-17,0.08791767885992417
2023-10-18,0.04121920556363772
2023-10-19,0.06252547778195629
2023-10-20,0.03462888662346973
2023-10-23,0.030721698166355706
2023-10-24,0.0641593497212103
2023-10-25,0.025250059506280727
2023-10-26,0.14222911475385677
2023-10-27,0.09242343265446436
2023-10-30,0.20421440907800692
2023-10-31,0.376408861052014
2023-11-01,0.19731538248603472
2023-11-02,0.1733093134807392
2023-11-03,0.23176291291419368
2023-11-06,0.09039466529980594
2023-11-07,0.08914018047476642
2023-11-08,0.06558364154820182
2023-11-09,0.08664548196678484
2023-11-10,0.04151888788995873
2023-11-13,0.12794080730740132
2023-11-14,0.20876193882019412
2023-11-15,0.2226624880998287
2023-11-16,0.13063894949596608
2023-11-17,0.3101687130958046
2023-11-20,0.39038924079186177
2023-11-21,0.3865579454940531
2023-11-22,0.3049327584435393
2023-11-23,0.10960368070771631
2023-11-24,0.09964203003751426
2023-11-27,0.2319035383492718
2023-11-28,0.3086007142650633
2023-11-29,0.4586599841748791
2023-11-30,0.3647279941903848
2023-12-01,0.45917731170357556
2023-12-04,0.3038202246986147
2023-12-05,0.369659302048453
2023-12-06,0.16670144905359643
2023-12-07,0.995158523760148
2023-12-08,1.7700396622026886
2023-12-11,0.5698727748657927
2023-12-12,0.3696482841749579
2023-12-13,0.8709429394308891
2023-12-14,1.166333090659736
2023-12-15,0.5162525023256486
2023-12-18,0.2348701685340105
2023-12-19,0.9923138082935541
2023-12-20,0.29185405114114715
2023-12-21,0.3469559233368554
2023-12-22,0.29956888431044154
2023-12-26,0.09566811278029116
2023-12-27,0.33573299141275886
2023-12-28,0.524461151915547
2023-12-29,0.30857710821478374
2024-01-02,0.30481509740099616
2024-01-03,0.3802970937707965
2024-01-04,0.33141057231530785
2024-01-05,1.0362116116832776
2024-01-08,0.27594846951050434
2024-01-09,0.36810525493611834
2024-01-10,0.2002475896971418
2024-01-11,0.47364920498888796
2024-01-12,0.41774671945863046
2024-01-15,0.13774159373242478
2024-01-16,0.3316006580151835
2024-01-17,0.2769538290898796
2024-01-18,0.19296726934098352
2024-01-19,0.2261340789475662
2024-01-22,0.1714454236014467
2024-01-23,0.39177515042838956
2024-01-24,0.3854554967547312
2024-01-25,0.218782298712152
2024-01-26,0.17551487864623846
2024-01-29,0.15216823901087817
2024-01-30,0.20991888750721327
2024-01-31,0.7113369161048723
2024-02-01,0.4394343802826425
2024-02-02,0.6078008476411982
2024-02-05,0.20975777774776622
2024-02-06,0.16007589032773475
2024-02-07,0.20060056893519604
2024-02-08,0.21222887534639684
2024-02-09,0.13542235117302145
2024-02-12,0.05859983374179568
2024-02-13,0.5014879827215891
2024-02-14,0.11242656214751133
2024-02-15,0.16984322733073004
2024-02-16,0.11987154753000132
2024-02-19,0.03408418726860328
2024-02-20,0.08085989208753808
2024-02-21,0.06480433535030851
2024-02-22,0.10375988312463456
2024-02-23,0.06513181580041112
2024-02-26,0.06773344688179954
2024-02-27,0.06783113234520817
2024-02-28,0.04481410532644399
2024-02-29,0.2648426531862425
2024-03-01,0.13570492664048583
2024-03-04,0.08394910889898773
2024-03-05,0.09501969188644231
2024-03-06,0.21150734754816383
2024-03-07,0.3244632226116123
2024-03-08,0.3483442326217808
2024-03-11,0.16698367795221705
2024-03-12,0.31820982143828636
2024-03-13,0.14876327063828962
2024-03-14,0.19392333400837797
2024-03-15,0.1319952609579113
2024-03-18,0.09208356350184765
2024-03-19,0.29290652264037714
2024-03-20,0.3015075675392215
2024-03-21,0.2609913696124614
2024-03-22,0.20305599250510076
2024-03-25,0.10246786214719862
2024-03-26,0.056099654493895576
2024-03-27,0.1734359119431903
2024-03-28,0.07289174476018856
2024-03-29,0.04297072915019255
2024-04-01,0.04743009924713509
2024-04-02,0.05036449941586851
2024-04-03,0.046908722157615566
2024-04-04,0.0729241078387271
2024-04-05,0.1593173662378551
2024-04-08,0.033268417354423915
2024-04-09,0.031673036082330124
2024-04-10,0.26964453175959424
2024-04-11,0.14472990348391696
2024-04-12,0.13025314820756034
2024-04-15,0.22516518035266347
2024-04-16,0.14461567658017363
2024-04-17,0.07333194857067958
2024-04-18,0.1126679111355757
2024-04-19,0.22855059560918078
2024-04-22,0.04314324434503506
2024-04-23,0.05117243315210638
2024-04-24,0.04832225536762538
2024-04-25,0.07013877456144037
2024-04-26,0.6102074915155431
2024-04-29,5.4452258816963806
2024-04-30,0.20171995997239303
2024-05-01,2.696154676131348
2024-05-02,1.3406224089521435
2024-05-03,1.0154122233611724
2024-05-06,0.17926445037738806
2024-05-07,0.20441042328964426
2024-05-08,0.10928958108341127
2024-05-09,0.121680720990463
2024-05-10,0.06914314005778038
2024-05-13,0.08541069861830204
2024-05-14,0.09227372369728723
2024-05-15,0.3235059510017447
2024-05-16,0.38775128903720596
2024-05-17,0.15039694297695555
2024-05-20,0.0988506573695623
2024-05-21,0.12568438480511082
2024-05-22,0.06290026743088373
2024-05-23,0.10749124619959419
2024-05-24,0.04279721034914739
2024-05-27,0.055893370019187844
2024-05-28,0.05952989377131412
2024-05-29,0.05911620481518884
2024-05-30,0.1720592232388931
2024-05-31,0.17527166261889526
2024-06-03,0.18372854359692825
2024-06-04,0.33418449067506767
2024-06-05,0.3205024210556798
2024-06-06,0.22159340085294663
2024-06-07,0.6905201627272438
2024-06-10,0.11241906388821366
2024-06-11,0.09802537149035008
2024-06-12,0.4525845317289047
2024-06-13,0.22412641882457077
2024-06-14,0.615227684068464
2024-06-17,0.12064234571969495
2024-06-18,0.11585715429493387
2024-06-19,0.03062274461769492
2024-06-20,0.07515129159765593
2024-06-21,0.1272997403762585
2024-06-24,0.15391425913693368
2024-06-25,0.07762314691877786
2024-06-26,0.08494028784100545
2024-06-27,0.07955846617542076
2024-06-28,0.18883084067115088
2024-07-01,0.1362988651256687
2024-07-02,0.08300574431134725
2024-07-03,0.17509053278924888
2024-07-04,0.09411559487016535
2024-07-05,0.2706308191413697
2024-07-08,0.14752659471642446
2024-07-09,0.09349914664958947
2024-07-10,0.04631211213772128
2024-07-11,2.873435737353026
2024-07-12,3.120642209084244
2024-07-15,0.20505419398577635
2024-07-16,0.17305210884623992
2024-07-17,0.43460085651472996
2024-07-18,0.36516938446243
2024-07-19,0.27638901292074675
2024-07-22,0.2782320338504772
2024-07-23,0.28973900362651783
2024-07-24,0.5613287555998309
2024-07-25,1.2630582544417213
2024-07-26,0.6607048440171441
2024-07-29,0.4426999621393706
2024-07-30,0.5504783706013601
2024-07-31,2.3564240417632063
2024-08-01,1.1102147331293357
2024-08-02,2.4840910543383594
2024-08-05,4.637814674884945
2024-08-06,2.525055857530185
2024-08-07,2.0690415185716176
2024-08-08,1.4950441771632188
2024-08-09,0.49990197268773
2024-08-12,0.37134539155106405
2024-08-13,0.3236194490272157
2024-08-14,0.5103385127678886
2024-08-15,0.935567708219887
2024-08-16,0.3122214044072351
2024-08-19,0.7827366854788446
2024-08-20,0.6416097722565829
2024-08-21,0.7923472775947786
2024-08-22,0.42249147282617183
2024-08-23,0.7799836532509893
2024-08-26,0.48969690397651183
2024-08-27,0.3148157030546113
2024-08-28,0.3664241128066363
2024-08-29,0.4340527745870553
2024-08-30,0.3024411909346853
2024-09-02,0.2737153710996684
2024-09-03,0.41246208682966384
2024-09-04,0.5722565053674866
2024-09-05,0.6181817661515786
2024-09-06,1.4396333702598745
2024-09-09,0.47993414105622006
2024-09-10,0.39533839888650185
2024-09-11,1.054509097892421
2024-09-12,0.6903173295716347
2024-09-13,0.6466846576422572
2024-09-16,0.522325386270941
2024-09-17,0.4291913143010079
2024-09-18,1.1558606915874174
2024-09-19,1.0134216275909556
2024-09-20,1.0080772197181094
2024-09-23,0.44526806587008855
2024-09-24,0.5022991747820249
2024-09-25,0.3544080094777466
2024-09-26,0.5688391098284564
2024-09-27,2.9169992316205864
2024-09-30,0.637687712123074
2024-10-01,0.6866819360469325
2024-10-02,0.4769390469942204
2024-10-03,0.5701130594363959
2024-10-04,1.7167830686031982
2024-10-07,0.4205545890006572
2024-10-08,0.3618450331619073
2024-10-09,0.15111768864292577
2024-10-10,0.44622173540699933
2024-10-11,0.18037463645084323
2024-10-14,0.09918719021574043
2024-10-15,0.19979504586268249
2024-10-16,0.16108838323243677
2024-10-17,0.23322076124983784
2024-10-18,0.12628293000445948
2024-10-21,0.14232365225321725
2024-10-22,0.1793946135274379
2024-10-23,0.2121180810877232
2024-10-24,0.3017759224854547
2024-10-25,0.1835162562727048
2024-10-28,0.3859462098361104
2024-10-29,0.2762126819235565
2024-10-30,0.2799732635301499
2024-10-31,0.5209594895847515
2024-11-01,0.5006132883917562
2024-11-04,0.2705854357701048
2024-11-05,0.20311202813356585
2024-11-06,0.8327389747524736
2024-11-07,0.4902361877270753
2024-11-08,0.37609101823863345
2024-11-11,0.16228098942147381
2024-11-12,0.2059678657768726
2024-11-13,0.28662236148961634
2024-11-14,0.33874106530466314
2024-11-15,0.5269929479780253
2024-11-18,0.6283115053366658
2024-11-19,0.6055294510281776
2024-11-20,0.28089670199016714
2024-11-21,0.5711287306312985
2024-11-22,0.38656905396950414
2024-11-25,0.3740083609451202
2024-11-26,0.434648165270444
2024-11-27,0.6244368731833175
2024-11-28,0.2088739957527832
2024-11-29,0.6007940941512975
2024-12-02,0.5784364618214733
2024-12-03,0.578356963676265
2024-12-04,0.4781141040964537
2024-12-05,0.45494917532125906
2024-12-06,0.4840878632383538
2024-12-09,0.2080591730419415
2024-12-10,0.24739003876014548
2024-12-11,0.3630337956421654
2024-12-12,0.29352478328476017
2024-12-13,0.1976882664939443
2024-12-16,0.19896498215331218
2024-12-18,0.4446674935435789
2024-12-19,0.7632382262115354
2024-12-20,0.37352856895741726
2024-12-23,0.17853661695217854
2024-12-24,0.1186373487897147
2024-12-26,0.08592209498855564
2024-12-27,0.16154509542449222
2024-12-30,0.21002800103165026
2024-12-31,0.20679753318975416
2025-01-02,0.4559712861954252
2025-01-03,0.1738418615875298
2025-01-06,0.46225510602198694
2025-01-07,0.4063459368466464
2025-01-08,0.17308431445223493
2025-01-09,0.13514266354550178
2025-01-10,0.7099625466453076
2025-01-13,0.36815092833734137
2025-01-14,0.38153522616407903
2025-01-15,0.43536685711782763
2025-01-16,0.4759500273041835
2025-01-17,0.307805851264297
2025-01-20,0.46220542051691316
2025-01-21,0.7476081151865633
2025-01-22,0.2633120183230247
2025-01-23,0.1800493714934379
2025-01-24,0.7740265522991011
2025-01-27,0.6574553136707028
2025-01-28,0.4127277701596802
2025-01-29,0.2459396818560781
2025-01-30,0.4182421969529973
2025-01-31,0.3452209845078937
2025-02-03,0.5255758898436289
2025-02-04,0.30729341180691966
2025-02-05,0.5159365122497832
2025-02-06,0.38534165040430396
2025-02-07,0.4576298517512163
2025-02-10,0.25010189491900897
2025-02-11,0.16078196345392676
2025-02-12,0.5340213869969603
2025-02-13,0.3536373389622876
2025-02-14,0.39790320315824584
2025-02-17,0.16055677556845005
2025-02-18,0.16667205217296024
2025-02-19,0.21066010980781388
2025-02-20,0.3536226282840456
2025-02-21,0.48393779682428484
2025-02-24,0.3280185243833648
2025-02-25,0.35231068094329965
2025-02-26,0.40475341929100006
2025-02-27,0.4037069942341655
2025-02-28,0.6147204580259876
2025-03-03,0.5169092710482922
2025-03-04,0.7978815858137254
2025-03-05,0.8226175521759126
2025-03-06,0.5647002171728462
2025-03-07,0.7654062967744503
2025-03-10,0.4682079166211454
2025-03-11,0.6191465264792514
2025-03-12,0.3946639777762946
2025-03-13,0.2786488707570961
2025-03-14,0.28793142152357515
2025-03-17,0.27502419817811574
2025-03-18,0.2266754673218476
2025-03-19,0.3972809846258878
2025-03-20,0.27312927209706755
2025-03-21,0.21759330043312236
2025-03-24,0.23786738550390837
2025-03-25,0.18630103061516784
2025-03-26,0.2133342930678641
2025-03-27,0.24375611111242254
2025-03-28,0.2694987420181728
2025-03-31,0.4804596127897569
2025-04-01,0.33789616892703045
2025-04-02,0.4262168439761461
2025-04-03,1.2641561580001666
2025-04-04,1.9207993716527143
2025-04-07,1.9689891787059526
2025-04-08,0.7676030573321151
2025-04-09,2.645895616431177
2025-04-10,0.9536003839843715
2025-04-11,2.1497133735935043
2025-04-14,1.0489019008538891
2025-04-15,0.5724271401594021
2025-04-16,0.6622637630257678
2025-04-17,0.5924486655190665
2025-04-18,0.0555548962821015
2025-04-21,0.4405787913812017
2025-04-22,0.5147607804044436
2025-04-23,1.0774861358649592
2025-04-24,0.40451806744259156
2025-04-25,0.41119308332962673
2025-04-28,0.29335043950399925
2025-04-29,0.326975763299696
2025-04-30,0.32712727716273826
2025-05-01,0.5531788466936228
2025-05-02,0.5990796202668004
2025-05-05,0.36068105019791696
2025-05-06,0.47025740433805274
2025-05-07,0.6701496298989524
2025-05-08,0.5615129508405341
2025-05-09,0.29220631202609954
2025-05-12,0.9108026807676295
2025-05-13,0.3630288681603355
2025-05-14,0.6819627290678502
2025-05-15,0.46587969712436694
2025-05-16,0.2908814563751399
2025-05-19,0.3155380427813893
2025-05-20,0.31482436670979047
2025-05-21,0.3672130992906503
2025-05-22,0.5821266205874317
2025-05-23,0.36546144886084564
2025-05-26,0.23227738904395298
2025-05-27,0.3653444216904969
2025-05-28,0.5294556253460905
2025-05-29,0.5609423286799353
2025-05-30,0.4520265214400106
2025-06-02,0.24117530436312412
2025-06-03,0.28638809402862636
2025-06-04,0.5393269138600484
2025-06-05,0.45356396062829
2025-06-06,0.3580745164009345
2025-06-09,0.18053454378459705
2025-06-10,0.2866439957927321
2025-06-11,0.5823241013010736
2025-06-12,0.42534497014453987
2025-06-13,0.4656584298943744
2025-06-16,0.2756163961653601
2025-06-17,0.27164090771014315
2025-06-18,0.20207041145143925
2025-06-19,0.17440422581603973
2025-06-20,0.16124356237984874
2025-06-23,0.37467896315377286
2025-06-24,0.38319551896296966
2025-06-25,0.2300523539065353
2025-06-26,0.36669328778771676
2025-06-27,0.3142641046941731
2025-06-30,0.25162650033057327
2025-07-01,0.3444038762629177
2025-07-02,0.43899710054784224
2025-07-03,0.916936850202211
2025-07-04,0.11650946062983031
2025-07-07,0.2098675575749114
2025-07-08,0.24130687110591864
2025-07-09,0.1674742688899538
2025-07-10,0.19829423857331288
2025-07-11,0.2003670178521228
2025-07-14,0.1935030378471736
2025-07-15,0.2556546982646733
2025-07-16,0.8593750382131057
2025-07-17,0.22545414489882884
2025-07-18,0.1650842489301977
2025-07-21,0.2688588614134493
2025-07-22,0.26799863512616745
2025-07-23,0.5773503143744043
2025-07-24,0.2662515581799376
2025-07-25,0.26139831696870697
2025-07-28,0.1947429817831503
2025-07-29,0.2125804759275045
2025-07-30,0.29042832661655765
2025-07-31,0.32132505784827514
2025-08-01,1.2125952196517804
2025-08-04,0.3365170140976783
2025-08-05,0.2781082241712257
2025-08-06,0.1980417695493055
2025-08-07,0.30695976467177666
2025-08-08,0.2260520028053675
2025-08-11,0.10886929243723342
2025-08-12,0.3440614452157415
2025-08-13,0.1622977841128659
2025-08-14,0.3508625082019635
2025-08-15,0.19442729033350598
2025-08-18,0.16483409034418503
2025-08-19,0.16011623244690637
2025-08-20,0.17464734263822929
2025-08-21,0.1617573467447725
2025-08-22,0.6713284834176343
2025-08-25,0.13282115205517622
2025-08-26,0.3032973050430631
2025-08-27,0.13100330498807675
2025-08-28,0.18150547229443975
2025-08-29,0.1337032191567882
2025-09-01,0.08505430896170044
2025-09-02,0.30447342285102386
2025-09-03,0.29801956479201047
2025-09-04,0.18105973629305142
2025-09-05,0.30790947533162755
2025-09-08,0.21778362056364928
2025-09-09,0.2760888111427756
2025-09-10,0.18101121446559257
2025-09-11,0.23917593189007524
2025-09-12,0.12611710070712914
2025-09-15,0.10682237902065794
2025-09-16,0.15377813405838447
2025-09-17,0.46593953677331273
2025-09-18,0.22475663722944877
2025-09-19,0.27315204140699995
2025-09-22,0.09952533738195864
2025-09-23,0.10794078267641238
2025-09-24,0.08633052925381894
2025-09-25,0.18388368746200523
2025-09-26,0.08862559194108313
2025-09-29,0.130547367090781
2025-09-30,0.1717831647934565
2025-10-01,0.32421023244005004
2025-10-02,0.17866349401863008
2025-10-03,0.14612713302198654
2025-10-06,0.27937229305859446
2025-10-07,0.15903965843751136
2025-10-08,0.2461730857942533
2025-10-09,0.3743382247732687
2025-10-10,0.44186422487441085
2025-10-13,0.1962475810493092
2025-10-14,0.24577905750712034
2025-10-15,0.2063140476125226
2025-10-16,0.26256278896881924
2025-10-17,0.33039136662330926
2025-10-20,0.24715321497832682
2025-10-21,0.2941819668828649
2025-10-22,0.1564770668439256
2025-10-23,0.10886779988694885
2025-10-24,0.24614574080632165
2025-10-27,0.143273124897546
2025-10-28,0.22943275721039413
2025-10-29,0.5665861081572969
2025-10-30,0.6369254573692174
2025-10-31,0.18455410608996356
2025-11-03,0.07072792704099334
2025-11-04,0.19154566908549248
2025-11-05,0.19431728780825855
2025-11-06,0.16546946236958354
2025-11-07,0.22914838625050388
2025-11-10,0.10513549634302126
2025-11-11,0.09985141755154803
2025-11-12,0.10945378711873609
2025-11-13,0.16341629243642106
2025-11-14,0.23970566390841877
2025-11-17,0.09490400513970237
2025-11-18,0.17006131604472138
2025-11-19,0.14587637977027246
2025-11-20,0.27067944853206816
2025-11-21,0.3365319812499227
2025-11-24,0.14081276525842118
2025-11-25,0.24972976423876614
2025-11-26,0.25663217640612374
2025-11-27,0.14625246390609317
2025-11-28,0.105277733086063
2025-12-01,0.25891186183517784
2025-12-02,0.11194749116588766
2025-12-03,0.15448868051463524
2025-12-04,0.17820214605769397
2025-12-05,0.1637673498099112
2025-12-08,0.12202084196668295
2025-12-09,0.1638709864179768
2025-12-10,0.22524213678140087
2025-12-11,0.23252763619765685
2025-12-12,0.1447562248033095
2025-12-15,0.18060489995729442
2025-12-16,0.22611206730340128
2025-12-17,0.14603163173076247
2025-12-18,0.12144946002542474
2025-12-19,0.34176586903574957
2025-12-22,0.1867418292750435
2025-12-23,0.19627517106077053
2025-12-24,0.1651841264858342
2025-12-26,0.13367899696546734
2025-12-29,0.190487063971765
2025-12-30,0.1266094248792038
2025-12-31,0.06754650534928917
2026-01-02,0.08150289528760095
2026-01-05,0.1612983853407615
2026-01-06,0.14790448459643527
2026-01-07,0.11180160461911151
2026-01-08,0.09298475601569695
2026-01-09,0.18856155597963567
2026-01-12,0.13500326706449872
2026-01-13,0.15722061886993277
2026-01-14,0.20874703309198275
2026-01-15,0.1594882239310228
2026-01-16,0.14946515997865176
2026-01-19,0.14567365396770948
2026-01-20,0.2613092670092583
2026-01-21,0.16011986236939182
2026-01-22,0.11084970523278308
2026-01-23,1.7225960811222802
2026-01-26,0.8516517868321719
2026-01-27,0.9644577646215138
2026-01-28,0.6662401280147947
2026-01-29,0.37160082044077797
2026-01-30,0.4005841376510866
2026-02-02,0.391118845340564
2026-02-03,0.135289880451931
2026-02-04,0.10416252850795574
2026-02-05,0.2065741024619466
2026-02-06,0.15123836770090235
2026-02-09,0.46408788721762495
2026-02-10,0.32876263417667806
2026-02-11,1.8332356677608177
2026-02-12,0.6058985862925339
2026-02-13,0.3925331971381016
2026-02-16,0.11827586248187288
2026-02-17,0.22568664950012848
2026-02-18,0.19105865697614272
2026-02-19,0.19761955249531243
2026-02-20,0.3410892807111614
2026-02-23,0.22033304589090633
2026-02-24,0.30733304784506954
2026-02-25,0.3028786002017323
2026-02-26,0.20810472098160038
2026-02-27,0.18060556128986655
2026-03-02,0.33733606279500483
2026-03-03,0.2817871250488282
2026-03-04,0.3058049681880327
2026-03-05,0.2914790124771945
2026-03-06,0.287221220260866
2026-03-09,0.3179222707116896
2026-03-10,0.25496178814316495
2026-03-11,0.1367720592722829
2026-03-12,0.12719961581963554
2026-03-13,0.1544577769781688
2026-03-16,0.15122993837351265
2026-03-17,0.1068549703979375
2026-03-18,0.13234716281768558
2026-03-19,0.3264134748913823
2026-03-20,0.1368143637586304
2026-03-23,0.8118853111951048
2026-03-24,0.2931446385777321
2026-03-25,0.140122352779598
2026-03-26,0.11875075950519334
2026-03-27,0.12027258525352931
2026-03-30,0.1830285556269251
2026-03-31,0.19967978789100332
2026-04-01,0.23257298176070626
2026-04-02,0.1886691943783464
2026-04-03,0.05267358408433862
2026-04-06,0.08312512311990794
2026-04-07,0.09536644483348776
2026-04-08,0.30025440376247337
2026-04-09,0.12897574212954188
2026-04-10,0.05988869764958976
2026-04-13,0.08054739702454773
2026-04-14,0.11815286403288128
2026-04-15,0.11142952306385534
2026-04-16,0.10003501050996157
2026-04-17,0.27964591375130815
2026-04-20,0.12314007441772107
2026-04-21,0.15818503875994103
2026-04-22,0.06760749229098621
2026-04-23,0.11094417969965842
2026-04-24,0.07175427682980084
2026-04-27,0.07033285418243285
2026-04-28,0.1569064983720549
2026-04-29,0.0699879154310206
2026-04-30,1.1678820623919073
2026-05-01,0.948058581721449
2026-05-04,0.7568656205396292
2026-05-05,0.08193958883429821
2026-05-06,1.3414870201882851
2026-05-07,0.17353400007390946
2026-05-08,0.09532049318161276
2026-05-11,0.05410049498122718
2026-05-12,0.13278999026930652
2026-05-13,0.049832764244012694
2026-05-14,0.15944726524659947
2026-05-15,0.06865004820481493
2026-05-18,0.11548555008156965
2026-05-19,0.09123533090378673
2026-05-20,0.08696240833757711
2026-05-21,0.07034597771537839
2026-05-22,0.026274930185757245
2026-05-25,0.02499450127221078
2026-05-26,0.02385521553194261
2026-05-27,0.026460649489020337
2026-05-28,0.04590170397259263
2026-05-29,0.029146999222962416
2026-06-01,0.028977033240203596
2026-06-02,0.014277185695735689
2026-06-03,0.05960273577477449
2026-06-04,0.034478986725752794
2026-06-05,0.05132265171143595
2026-06-08,0.05500321455788003
2026-06-09,0.02910755013421225
2026-06-10,0.021701558682546546
2026-06-11,0.08704653842542724
2026-06-12,0.06774424685706805
2026-06-15,0.05408558561262331
2026-06-16,0.04449310396000562
2026-06-17,0.06360064653076213
2026-06-18,0.11802809885646667
2026-06-19,0.06154291754064366
2026-06-22,0.1436959247079515
2026-06-23,0.056489863347046525
2026-06-24,0.02617807762359596
2026-06-25,0.04081201166190991
2026-06-26,0.03809544120116575
2026-06-29,0.014158517316300849
2026-06-30,0.1367619713182675
